Binder Name,Binder Type,Name,Set code,Set name,Collector number,Foil,Rarity,Quantity,ManaBox ID,Scryfall ID,Purchase price,Misprint,Altered,Condition,Language,Purchase price currency,Added
Bulk,binder,Lightning Greaves,TDC,Tarkir: Dragonstorm Commander,102,normal,uncommon,1,104791,8b59b12c-fde5-4f19-a357-e09f06f490cc,4.08,false,false,near_mint,en,USD,2026-04-17T06:25:56.265Z
Bulk,binder,Hoard Hauler,SNC,Streets of New Capenna,109,normal,rare,1,67626,19f190e9-52f3-4e34-8fb6-88174c189ee7,0.39,false,false,near_mint,en,USD,2026-04-17T06:25:56.266Z
Bulk,binder,Bitter Work,TLA,Avatar: The Last Airbender,210,normal,uncommon,1,109686,3e8de6a9-9859-4ed2-8ece-ef80a7209be9,0.3,false,false,near_mint,en,USD,2026-04-17T06:25:56.267Z
Bulk,binder,Fell Flagship,XLN,Ixalan,238,normal,rare,1,3774,2774bdb6-7a02-43c9-9e6f-75d0b09570ca,0.37,false,false,near_mint,en,USD,2026-04-17T06:25:56.268Z
Bulk,binder,Smuggler's Copter,FCA,Final Fantasy: Through the Ages,62,normal,rare,1,106365,d0e53c71-6a58-4ea1-a550-f3cbd749eafd,1.05,false,false,near_mint,en,USD,2026-04-17T06:25:56.269Z
Bulk,binder,Spider Manifestation,SPM,Marvel's Spider-Man,148,normal,common,1,108553,99223677-b8a5-48f1-8009-e8475eada7db,0.25,false,false,near_mint,en,USD,2026-04-17T06:25:56.270Z
Bulk,binder,Reckless Racer,AER,Aether Revolt,95,normal,uncommon,1,6319,21c0afd6-1242-42bf-a13f-9f218c9d9dfc,0.05,false,false,near_mint,en,USD,2026-04-17T06:25:56.271Z
Bulk,binder,Paradise Druid,WOC,Wilds of Eldraine Commander,129,normal,uncommon,1,85216,000e2f80-7667-4a8b-91c2-359121d44ebb,0.27,false,false,near_mint,en,USD,2026-04-17T06:25:56.272Z
Bulk,binder,Rhino's Rampage,SPM,Marvel's Spider-Man,141,normal,uncommon,1,108601,f668817c-1cab-44c5-b6a8-95113e480d5e,0.16,false,false,near_mint,en,USD,2026-04-17T06:25:56.273Z
Bulk,binder,Wose Pathfinder,LTR,The Lord of the Rings: Tales of Middle-earth,190,normal,common,1,83144,6589b339-9067-4e9b-bfdb-c49f8b3ef2d4,0.09,false,false,near_mint,en,USD,2026-04-17T06:25:56.274Z
Bulk,binder,Reckless Velocitaur,DFT,Aetherdrift,144,normal,uncommon,1,103570,8edd18be-3861-4510-ba6d-38ccba60bb5b,0.07,false,false,near_mint,en,USD,2026-04-17T06:25:56.275Z
Bulk,binder,Pedal to the Metal,DFT,Aetherdrift,141,normal,common,1,103110,75d07295-78b7-4f90-82c7-e7a639db9993,0.09,false,false,near_mint,en,USD,2026-04-17T06:25:56.276Z
Bulk,binder,Dynamite Diver,DFT,Aetherdrift,123,normal,common,1,103508,5a4f96f6-dd91-4357-ae19-1c35db2c2bcb,0.05,false,false,near_mint,en,USD,2026-04-17T06:25:56.277Z
Bulk,binder,Wild Roads,DFT,Aetherdrift,269,normal,uncommon,1,103034,4d3d48d1-a98e-40af-b04c-c40b9d52e9ee,0.07,false,false,near_mint,en,USD,2026-04-17T06:25:56.278Z
Bulk,binder,Rootbound Crag,BLC,Bloomburrow Commander,326,normal,rare,1,96361,822bb322-1513-4288-befa-a7f27dd14253,0.38,false,false,near_mint,en,USD,2026-04-17T06:25:56.279Z
Bulk,binder,Aethersphere Harvester,M3C,Modern Horizons 3 Commander,280,normal,rare,1,94737,40a3e817-0533-43b9-9350-2872e029ec50,0.21,false,false,near_mint,en,USD,2026-04-17T06:25:56.280Z
Bulk,binder,Mighty Servant of Leuk-o,CLB,Commander Legends: Battle for Baldur's Gate,324,normal,rare,1,68920,257f12c2-db58-413f-9896-6e556bd9c0d9,0.33,false,false,near_mint,en,USD,2026-04-17T06:25:56.281Z
Bulk,binder,Goliath Truck,40K,"Warhammer 40,000 Commander",158,normal,uncommon,1,72330,347a5d65-ef0f-4859-b433-807af500f52d,0.44,false,false,near_mint,en,USD,2026-04-17T06:25:56.282Z
Bulk,binder,Thought Vessel,PLG22,Love Your LGS 2022,2,foil,rare,1,76047,cdaa22df-e071-4b2a-aa42-0334ff7bd662,2.61,false,false,near_mint,en,USD,2026-04-17T06:25:56.283Z
Bulk,binder,Mobile Homestead,OTJ,Outlaws of Thunder Junction,245,normal,uncommon,1,93363,d5fa82e4-0b77-498a-bec0-52764d24957a,0.08,false,false,near_mint,en,USD,2026-04-17T06:25:56.284Z
Bulk,binder,Reach the Horizon,FIN,Final Fantasy,195,normal,uncommon,5,106644,c25960e0-5779-4e20-89f3-03950ad9d91c,0.23,false,false,near_mint,en,USD,2026-04-17T06:25:56.285Z
Bulk,binder,Cactuar,FIN,Final Fantasy,177,normal,uncommon,2,106657,d5273db4-6214-41e4-825a-612fca8bbe03,0.15,false,false,near_mint,en,USD,2026-04-17T06:25:56.286Z
Bulk,binder,Alloy Animist,BRO,The Brothers' War,166,normal,uncommon,1,75541,71a49b18-a339-401c-ab77-fcd04772cf69,0.09,false,false,near_mint,en,USD,2026-04-17T06:25:56.287Z
Bulk,binder,Filigree Racer,M3C,Modern Horizons 3 Commander,108,normal,rare,1,94716,1ea6bb35-be74-4d42-96d3-bb7070054140,0.09,false,false,near_mint,en,USD,2026-04-17T06:25:56.288Z
Bulk,binder,War Balloon,TLA,Avatar: The Last Airbender,159,normal,uncommon,1,109451,6829b20d-c2fa-41a6-89ca-f21c522d8866,0.14,false,false,near_mint,en,USD,2026-04-17T06:25:56.289Z
Bulk,binder,Brimstone Roundup,OTJ,Outlaws of Thunder Junction,115,normal,uncommon,1,93325,bd13011e-a4fc-4107-988f-60cfc851ecd3,0.19,false,false,near_mint,en,USD,2026-04-17T06:25:56.290Z
Bulk,binder,The Brothers' War,BRC,The Brothers' War Commander,22,normal,rare,1,75463,5615a50b-3b8b-4d31-b351-1725b730ef0b,1.07,false,false,near_mint,en,USD,2026-04-17T06:25:56.291Z
Bulk,binder,Road Rage,DFT,Aetherdrift,145,normal,uncommon,1,103676,fca022de-0c7b-48ea-b3b5-af28987a5070,0.1,false,false,near_mint,en,USD,2026-04-17T06:25:56.292Z
Bulk,binder,Rocketeer Boostbuggy,DFT,Aetherdrift,220,normal,uncommon,1,103030,4c80c91e-dd3d-4c7b-89e4-bfb253eeaee2,0.11,false,false,near_mint,en,USD,2026-04-17T06:25:56.293Z
Bulk,binder,Rootwise Survivor,DSK,Duskmourn: House of Horror,196,normal,uncommon,1,98926,d843c242-088f-4131-9e52-7ee2d0db5e20,0.05,false,false,near_mint,en,USD,2026-04-17T06:25:56.294Z
Bulk,binder,"Magda, Brazen Outlaw",KHM,Kaldheim,142,normal,rare,1,56739,079e6263-e54c-4899-a336-5315909b9322,2.08,false,false,near_mint,en,USD,2026-04-17T06:25:56.295Z
Bulk,binder,The Regalia,FIN,Final Fantasy,267,normal,rare,1,106665,dc420e79-c483-474f-97cd-e9c6a636c306,1.15,false,false,near_mint,en,USD,2026-04-17T06:25:56.296Z
Bulk,binder,Bottle-Cap Blast,PIP,Fallout,55,normal,uncommon,1,92431,8bdceec0-0950-4d52-86fc-d0f04e8487ce,1.0,false,false,near_mint,en,USD,2026-04-17T06:25:56.297Z
Bulk,binder,Dwarven Mine,ELD,Throne of Eldraine,243,normal,common,1,46095,5c83074d-0c9b-4b58-94ca-d75240485579,0.32,false,false,near_mint,en,USD,2026-04-17T06:25:56.298Z
Bulk,binder,Combat Celebrant,BLC,Bloomburrow Commander,194,normal,mythic,1,96261,3e611db6-0819-487c-bc05-17c92d79c75b,0.62,false,false,near_mint,en,USD,2026-04-17T06:25:56.299Z
Bulk,binder,Brotherhood Vertibird,PIP,Fallout,128,normal,rare,1,92662,c207c76d-5f10-4fd9-9826-cf0611bfa2d0,0.36,false,false,near_mint,en,USD,2026-04-17T06:25:56.300Z
Bulk,binder,Dermotaxi,MH2,Modern Horizons 2,224,normal,rare,1,59518,43a37428-e969-4c0c-8e1c-55d1adf9c171,0.2,false,false,near_mint,en,USD,2026-04-17T06:25:56.301Z
Bulk,binder,Spireside Infiltrator,KLD,Kaladesh,133,normal,common,1,7510,b9551190-9764-47a6-b414-8411beec89d2,0.07,false,false,near_mint,en,USD,2026-04-17T06:25:56.302Z
Bulk,binder,"Oviya, Automech Artisan",DFT,Aetherdrift,173,normal,rare,1,103668,ee5f504c-33fc-4a91-b69b-8ef555987c79,0.73,false,false,near_mint,en,USD,2026-04-17T06:25:56.303Z
Bulk,binder,Volatile Wanderglyph,LCI,The Lost Caverns of Ixalan,172,normal,common,1,88332,2101921a-d26f-4a00-a0db-1b418f2e6b01,0.05,false,false,near_mint,en,USD,2026-04-17T06:25:56.304Z
Bulk,binder,Start Your Engines,KLD,Kaladesh,135,normal,uncommon,1,7508,bbae1eb8-697d-43e1-b03e-f4246a9f225e,0.3,false,false,near_mint,en,USD,2026-04-17T06:25:56.305Z
Bulk,binder,"Meria, Scholar of Antiquity",DMU,Dominaria United,305,normal,rare,1,71374,378b99b7-9b7b-4596-b41e-641ff4630d99,0.17,false,false,near_mint,en,USD,2026-04-17T06:25:56.306Z
Bulk,binder,Chrome Companion,EOE,Edge of Eternities,236,normal,common,1,107088,8ef269a0-1cb9-4901-81e6-43db3ae3756c,0.19,false,false,near_mint,en,USD,2026-04-17T06:25:56.307Z
Bulk,binder,"Radha, Coalition Warlord",MUL,Multiverse Legends,55,normal,uncommon,1,81955,ca9bdaae-55f4-4e90-b6b5-28eb1cec198b,0.1,false,false,near_mint,en,USD,2026-04-17T06:25:56.308Z
Bulk,binder,"Kona, Rescue Beastie",DSK,Duskmourn: House of Horror,187,normal,rare,1,98984,6f035294-2787-4719-8520-227bf03e84e7,0.95,false,false,near_mint,en,USD,2026-04-17T06:25:56.309Z
Bulk,binder,Hemosymbic Mite,EOE,Edge of Eternities,190,normal,uncommon,1,107324,c14137a4-2d44-444c-ad50-e2edf9380571,0.09,false,false,near_mint,en,USD,2026-04-17T06:25:56.310Z
Bulk,binder,"Blaster, Combat DJ // Blaster, Morale Booster",BOT,Transformers,8,normal,mythic,1,76039,b2f8d457-ca4d-4b7d-83ed-17c2ba11ec0e,0.81,false,false,near_mint,en,USD,2026-04-17T06:25:56.311Z
Bulk,binder,Arcane Signet,TLE,Avatar: The Last Airbender Eternal,315,normal,rare,1,109484,89ac0b50-8c64-46b0-b670-cd2321153502,2.46,false,false,near_mint,en,USD,2026-04-17T06:25:56.312Z
Bulk,binder,Sol Ring,TLE,Avatar: The Last Airbender Eternal,316,normal,rare,1,109534,c1f93f78-645b-4f21-a80b-5542f3328111,5.56,false,false,near_mint,en,USD,2026-04-17T06:25:56.313Z
Bulk,binder,Vibrant Cityscape,TMC,Teenage Mutant Ninja Turtles Eternal,82,normal,common,1,111336,b5e7cdb4-7b4d-4c6c-b016-d6cd3f9a04f2,0.27,false,false,near_mint,en,USD,2026-04-17T06:25:56.314Z
Bulk,binder,Thriving Grove,TMC,Teenage Mutant Ninja Turtles Eternal,77,normal,common,1,111200,26cb32c5-83b8-4288-ae2d-788cdc4e6445,0.23,false,false,near_mint,en,USD,2026-04-17T06:25:56.315Z
Bulk,binder,Opal Palace,40K,"Warhammer 40,000 Commander",286,normal,common,1,72560,eb4e0145-c339-4c60-aacf-67d8e785df49,0.37,false,false,near_mint,en,USD,2026-04-17T06:25:56.316Z
Bulk,binder,Exotic Orchard,TMC,Teenage Mutant Ninja Turtles Eternal,66,normal,rare,1,111326,ac9d97ef-a64b-43ef-8e4d-f3ebe46d9932,0.26,false,false,near_mint,en,USD,2026-04-17T06:25:56.317Z
Bulk,binder,Cinder Glade,TMC,Teenage Mutant Ninja Turtles Eternal,61,normal,rare,1,111224,45f13a94-c693-4a3b-a0bb-f18ae9fb1ca0,0.33,false,false,near_mint,en,USD,2026-04-17T06:25:56.318Z
Bulk,binder,Evolving Wilds,TMC,Teenage Mutant Ninja Turtles Eternal,65,normal,common,1,111322,a30f5555-2fbe-4c88-9e4f-1f2e81ea6cfd,0.29,false,false,near_mint,en,USD,2026-04-17T06:25:56.319Z
Bulk,binder,Manor Gate,CLB,Commander Legends: Battle for Baldur's Gate,356,normal,common,1,69115,793d4978-9e00-453d-8dc2-6d51ad6c26b7,0.37,false,false,near_mint,en,USD,2026-04-17T06:25:56.320Z
Bulk,binder,"Tempestra, Dame of Games",TMC,Teenage Mutant Ninja Turtles Eternal,27,normal,rare,1,111233,4ccb74c9-046a-4d6b-b8c2-641e2a238d52,0.28,false,false,near_mint,en,USD,2026-04-17T06:25:56.321Z
Bulk,binder,Blasphemous Act,TMC,Teenage Mutant Ninja Turtles Eternal,47,normal,rare,1,111370,dc6c4337-7d3e-4700-9473-26185c109166,1.34,false,false,near_mint,en,USD,2026-04-17T06:25:56.322Z
Bulk,binder,Citanul Stalwart,BRO,The Brothers' War,175,normal,common,1,75693,a842a945-21d9-432c-b970-6da65b16f309,0.15,false,false,near_mint,en,USD,2026-04-17T06:25:56.323Z
Bulk,binder,Gaea's Gift,BRO,The Brothers' War,182,normal,common,1,75459,5503186a-46fe-4956-8ae3-5ab3343f8a93,0.58,false,false,near_mint,en,USD,2026-04-17T06:25:56.324Z
Bulk,binder,Harried Dronesmith,MKM,Murders at Karlov Manor,131,normal,uncommon,1,90787,36cb25ee-3c84-40a8-ba45-7e44893deecf,0.1,false,false,near_mint,en,USD,2026-04-17T06:25:56.325Z
Bulk,binder,Mole Module,TMC,Teenage Mutant Ninja Turtles Eternal,40,normal,rare,1,111197,248757d9-f590-4f90-98a5-3df947b2bff6,0.3,false,false,near_mint,en,USD,2026-04-17T06:25:56.326Z
Bulk,binder,Glamermite,ECL,Lorwyn Eclipsed,50,normal,common,4,110825,b8b7c23a-0034-453c-ab44-f6ec0f31d1eb,0.16,false,false,near_mint,en,USD,2026-04-17T06:25:56.328Z
Bulk,binder,Shimmercreep,ECL,Lorwyn Eclipsed,120,normal,uncommon,3,110662,f7c02899-5f0f-4b38-bbbc-fbc8c46419a6,0.15,false,false,near_mint,en,USD,2026-04-17T06:25:56.329Z
Bulk,binder,Mountain,ECL,Lorwyn Eclipsed,272,normal,common,1,110313,295b92bc-d66f-45d8-9bbe-5f5f13e39fd4,0.15,false,false,near_mint,en,USD,2026-04-17T06:25:56.330Z
Bulk,binder,"Sanar, Innovative First-Year",ECL,Lorwyn Eclipsed,241,normal,rare,1,110298,11215561-bbcd-4564-a2e4-a1d77d177a1d,0.32,false,false,near_mint,en,USD,2026-04-17T06:25:56.331Z
Bulk,binder,Unbury,ECL,Lorwyn Eclipsed,123,normal,uncommon,2,110819,b00766db-4109-4225-a62a-fa12fd526970,0.29,false,false,near_mint,en,USD,2026-04-17T06:25:56.332Z
Bulk,binder,Squawkroaster,ECL,Lorwyn Eclipsed,160,normal,uncommon,2,110734,4112f960-70af-4e2d-bcd4-9e9cf7aac4fb,0.06,false,false,near_mint,en,USD,2026-04-17T06:25:56.333Z
Bulk,binder,Thoughtweft Imbuer,ECL,Lorwyn Eclipsed,38,normal,uncommon,1,110773,7e585a6c-2d95-450e-98cb-8794d7d8ecca,0.19,false,false,near_mint,en,USD,2026-04-17T06:25:56.334Z
Bulk,binder,Thirst for Identity,ECL,Lorwyn Eclipsed,79,normal,uncommon,2,110834,c3949f8c-d1c5-45c2-80ed-a57f4f9af86e,0.24,false,false,near_mint,en,USD,2026-04-17T06:25:56.335Z
Bulk,binder,Flaring Cinder,ECL,Lorwyn Eclipsed,225,normal,common,2,110675,0691a1a9-18e7-44b7-9a34-764b1ab45a76,0.04,false,false,near_mint,en,USD,2026-04-17T06:25:56.337Z
Bulk,binder,Tweeze,ECL,Lorwyn Eclipsed,162,normal,common,1,110483,3ceab0e6-1bb8-487d-ab4b-2da8457b970a,0.04,false,false,near_mint,en,USD,2026-04-17T06:25:56.339Z
Bulk,binder,Gilt-Leaf's Embrace,ECL,Lorwyn Eclipsed,177,normal,common,1,110769,739e5ab5-d562-407a-906e-c5c5173ad325,0.16,false,false,near_mint,en,USD,2026-04-17T06:25:56.340Z
Bulk,binder,Evolving Wilds,ECL,Lorwyn Eclipsed,264,normal,common,2,110560,8c632984-5176-4c37-91df-6577cc294b85,0.23,false,false,near_mint,en,USD,2026-04-17T06:25:56.341Z
Bulk,binder,Shore Lurker,ECL,Lorwyn Eclipsed,34,normal,common,2,110605,bb353c27-e311-4677-9277-cab6820562ce,0.05,false,false,near_mint,en,USD,2026-04-17T06:25:56.342Z
Bulk,binder,Plains,ECL,Lorwyn Eclipsed,274,normal,common,1,110352,6242dbef-8412-4ebd-9486-42cec1dc6794,0.37,false,false,near_mint,en,USD,2026-04-17T06:25:56.343Z
Bulk,binder,Eclipsed Merrow,ECL,Lorwyn Eclipsed,221,normal,uncommon,1,110704,2352750d-404d-4928-9bdb-1b0db599b70f,0.16,false,false,near_mint,en,USD,2026-04-17T06:25:56.345Z
Bulk,binder,Thoughtweft Lieutenant,ECL,Lorwyn Eclipsed,246,normal,uncommon,1,110315,2c54ec67-9317-455e-a045-fa4ed9cb676f,0.21,false,false,near_mint,en,USD,2026-04-17T06:25:56.346Z
Bulk,binder,Dawn's Light Archer,ECL,Lorwyn Eclipsed,174,normal,common,3,110771,76e80656-6bcb-4d99-8bd2-ca5f75f40daf,0.2,false,false,near_mint,en,USD,2026-04-17T06:25:56.352Z
Bulk,binder,Island,ECL,Lorwyn Eclipsed,270,normal,common,1,110392,b0da67fb-1cb2-4105-ab5c-b7c680b8116c,0.15,false,false,near_mint,en,USD,2026-04-17T06:25:56.354Z
Bulk,binder,Encumbered Reejerey,ECL,Lorwyn Eclipsed,14,normal,uncommon,1,110692,15ff6797-f59c-4333-98ea-5711150fd5b8,0.13,false,false,near_mint,en,USD,2026-04-17T06:25:56.357Z
Bulk,binder,Lys Alana Informant,ECL,Lorwyn Eclipsed,181,normal,common,5,110386,a79649c4-559e-4306-a102-5fd8750629c7,0.12,false,false,near_mint,en,USD,2026-04-17T06:25:56.364Z
Bulk,binder,Keep Out,ECL,Lorwyn Eclipsed,19,normal,common,2,110741,4ab1601c-634c-4f21-8926-ba3cb92008c1,0.11,false,false,near_mint,en,USD,2026-04-17T06:25:56.365Z
Bulk,binder,Unexpected Assistance,ECL,Lorwyn Eclipsed,80,normal,common,3,110077,7b540a5f-7f1b-421a-864f-5af469556fc6,0.17,false,false,near_mint,en,USD,2026-04-17T06:25:56.366Z
Bulk,binder,Plains,ECL,Lorwyn Eclipsed,269,normal,common,1,110325,3a438199-54f8-4702-81cf-a9d42e7cd9f1,0.29,false,false,near_mint,en,USD,2026-04-17T06:25:56.367Z
Bulk,binder,Boulder Dash,ECL,Lorwyn Eclipsed,127,normal,uncommon,1,110759,657a2a24-22d1-4bc2-9f22-ed361ae487e3,0.17,false,false,near_mint,en,USD,2026-04-17T06:25:56.369Z
Bulk,binder,Puca's Eye,ECL,Lorwyn Eclipsed,259,normal,uncommon,1,110835,c3a5ca02-3829-4c42-b0dc-98b660f8a8f0,0.13,false,false,near_mint,en,USD,2026-04-17T06:25:56.370Z
Bulk,binder,Graveshifter,ECL,Lorwyn Eclipsed,104,normal,uncommon,1,110848,dadb02b9-d3a0-4b51-bbc3-53b2316cd70d,0.31,false,false,near_mint,en,USD,2026-04-17T06:25:56.371Z
Bulk,binder,Aquitect's Defenses,ECL,Lorwyn Eclipsed,44,normal,common,2,110799,9af9a907-fd2e-4ae0-ac7b-529074b79a14,0.16,false,false,near_mint,en,USD,2026-04-17T06:25:56.373Z
Bulk,binder,Scarblade Scout,ECL,Lorwyn Eclipsed,118,normal,common,5,110833,c2412fea-4591-4345-913f-edc2da9ad975,0.16,false,false,near_mint,en,USD,2026-04-17T06:25:56.374Z
Bulk,binder,Reckless Ransacking,ECL,Lorwyn Eclipsed,152,normal,common,4,110706,24a5b025-4cdb-416d-aad6-0fc7e8da3df2,0.21,false,false,near_mint,en,USD,2026-04-17T06:25:56.375Z
Bulk,binder,Safewright Cavalry,ECL,Lorwyn Eclipsed,191,normal,common,5,110870,f7de412a-9731-4bfc-8fbc-c95988a3dd70,0.08,false,false,near_mint,en,USD,2026-04-17T06:25:56.376Z
Bulk,binder,Gallant Fowlknight,ECL,Lorwyn Eclipsed,17,normal,common,5,110665,fb6096ba-8083-4207-9a3f-c1e4ff095204,0.04,false,false,near_mint,en,USD,2026-04-17T06:25:56.377Z
Bulk,binder,Island,ECL,Lorwyn Eclipsed,280,normal,common,1,110414,d6a5ba11-3156-4a0c-958d-5756e18b767b,0.33,false,false,near_mint,en,USD,2026-04-17T06:25:56.378Z
Bulk,binder,Wanderwine Farewell,ECL,Lorwyn Eclipsed,83,normal,uncommon,1,110335,473123a0-1366-406b-9b9e-154c0e9c224f,0.14,false,false,near_mint,en,USD,2026-04-17T06:25:56.379Z
Bulk,binder,Retched Wretch,ECL,Lorwyn Eclipsed,117,normal,uncommon,2,110838,c7a4d7f1-976a-4a28-97a9-ff089a241c9d,0.09,false,false,near_mint,en,USD,2026-04-17T06:25:56.380Z
Bulk,binder,Impolite Entrance,ECL,Lorwyn Eclipsed,146,normal,uncommon,1,110493,45be88d8-0be1-47a2-a1c1-d6e693fc706f,0.29,false,false,near_mint,en,USD,2026-04-17T06:25:56.381Z
Bulk,binder,Chomping Changeling,ECL,Lorwyn Eclipsed,172,normal,uncommon,1,110419,e187dcc6-19ad-4cf6-94b4-daf07f5144e5,0.68,false,false,near_mint,en,USD,2026-04-17T06:25:56.382Z
Bulk,binder,Unwelcome Sprite,ECL,Lorwyn Eclipsed,81,normal,uncommon,2,110566,902f8d86-fde2-4cdf-88f0-bf63d616f3af,0.23,false,false,near_mint,en,USD,2026-04-17T06:25:56.383Z
Bulk,binder,Sear,ECL,Lorwyn Eclipsed,154,normal,uncommon,2,110390,aeb4612c-758b-4492-ba03-eb6741b4176e,0.32,false,false,near_mint,en,USD,2026-04-17T06:25:56.392Z
Bulk,binder,Reaping Willow,ECL,Lorwyn Eclipsed,240,normal,uncommon,1,110794,97c33cc2-3573-410a-908b-c0392fff524b,0.19,false,false,near_mint,en,USD,2026-04-17T06:25:56.393Z
Bulk,binder,Pestered Wellguard,ECL,Lorwyn Eclipsed,63,normal,uncommon,1,110732,3e06c99e-ecb2-42e9-ac58-2542de8d54a5,0.22,false,false,near_mint,en,USD,2026-04-17T06:25:56.394Z
Bulk,binder,Flock Impostor,ECL,Lorwyn Eclipsed,16,normal,uncommon,2,110413,d32d0336-5140-41f9-bc67-f3d743b9231d,0.29,false,false,near_mint,en,USD,2026-04-17T06:25:56.395Z
Bulk,binder,Eclipsed Boggart,ECL,Lorwyn Eclipsed,217,normal,uncommon,1,110678,0ac1d0b2-92a4-4a10-b2d1-e9bb90265cc3,0.2,false,false,near_mint,en,USD,2026-04-17T06:25:56.404Z
Bulk,binder,Morcant's Loyalist,ECL,Lorwyn Eclipsed,236,normal,uncommon,2,110693,175c6b1c-8790-41a2-ae15-5031206c410f,0.29,false,false,near_mint,en,USD,2026-04-17T06:25:56.405Z
Bulk,binder,Heirloom Auntie,ECL,Lorwyn Eclipsed,107,normal,common,1,110623,cac251b2-d2cc-45b6-9ca8-678e0eab56ea,0.15,false,false,near_mint,en,USD,2026-04-17T06:25:56.408Z
Bulk,binder,Flame-Chain Mauler,ECL,Lorwyn Eclipsed,138,normal,common,1,110533,752d7e8e-0dd0-4ace-9c89-a8f9ce73775e,0.06,false,false,near_mint,en,USD,2026-04-17T06:25:56.409Z
Bulk,binder,Great Forest Druid,ECL,Lorwyn Eclipsed,178,normal,common,2,110554,8793a19e-6743-4031-86d9-2ff55f384549,0.21,false,false,near_mint,en,USD,2026-04-17T06:25:56.410Z
Bulk,binder,Sun-Dappled Celebrant,ECL,Lorwyn Eclipsed,37,normal,common,1,110376,91c715a5-6643-4064-a8a8-3e05dce15979,0.05,false,false,near_mint,en,USD,2026-04-17T06:25:56.411Z
Bulk,binder,Silvergill Peddler,ECL,Lorwyn Eclipsed,70,normal,common,1,110669,feba2bb6-6005-4ade-a4c5-97bbd54b43a3,0.11,false,false,near_mint,en,USD,2026-04-17T06:25:56.412Z
Bulk,binder,Surly Farrier,ECL,Lorwyn Eclipsed,196,normal,common,1,110431,056f7f51-18a9-4d80-8928-decaf4d12c0d,0.05,false,false,near_mint,en,USD,2026-04-17T06:25:56.419Z
Bulk,binder,Riverguard's Reflexes,ECL,Lorwyn Eclipsed,33,normal,common,3,110782,88a79f3e-ca74-467c-b0a8-22802ac5b465,0.12,false,false,near_mint,en,USD,2026-04-17T06:25:56.420Z
Bulk,binder,Swamp,ECL,Lorwyn Eclipsed,276,normal,common,1,110295,0cf904da-496c-4d88-a62b-c736ba895078,0.27,false,false,near_mint,en,USD,2026-04-17T06:25:56.424Z
Bulk,binder,Boggart Mischief,ECL,Lorwyn Eclipsed,92,normal,uncommon,1,110387,aaeb9c9c-0f15-49dc-ae6d-2a958680f327,0.27,false,false,near_mint,en,USD,2026-04-17T06:25:56.425Z
Bulk,binder,Goldmeadow Nomad,ECL,Lorwyn Eclipsed,18,normal,common,2,110672,00ddbe6c-11de-4bc6-aabe-d6d8385a838a,0.12,false,false,near_mint,en,USD,2026-04-17T06:25:56.438Z
Bulk,binder,Prismatic Undercurrents,ECL,Lorwyn Eclipsed,189,normal,uncommon,1,110828,bb7490f2-1425-495f-b7d4-2f1e0df7490e,0.39,false,false,near_mint,en,USD,2026-04-17T06:25:56.440Z
Bulk,binder,Adept Watershaper,ECL,Lorwyn Eclipsed,3,normal,rare,1,110766,6e53f246-8347-4632-9d5b-4aeb12f7b762,0.7,false,false,near_mint,en,USD,2026-04-17T06:25:56.441Z
Bulk,binder,Eclipsed Realms,ECL,Lorwyn Eclipsed,263,normal,uncommon,2,110801,a174f0db-8b4f-4c37-9583-44c92d37b9c0,0.42,false,false,near_mint,en,USD,2026-04-17T06:25:56.442Z
Bulk,binder,Crib Swap,ECL,Lorwyn Eclipsed,11,normal,uncommon,2,110563,8f2fb3c6-af75-47a3-9f97-521872c32890,0.21,false,false,near_mint,en,USD,2026-04-17T06:25:56.444Z
Bulk,binder,Loch Mare,ECL,Lorwyn Eclipsed,57,normal,mythic,2,110814,ad6c4baf-a803-45e4-81ac-708a41631a28,1.01,false,false,near_mint,en,USD,2026-04-17T06:25:56.445Z
Bulk,binder,Figure of Fable,ECL,Lorwyn Eclipsed,224,normal,rare,1,108967,e0ef33dd-5f6d-48fa-8ef6-a8092868d50f,0.28,false,false,near_mint,en,USD,2026-04-17T06:25:56.446Z
Bulk,binder,Omni-Changeling,ECL,Lorwyn Eclipsed,62,normal,uncommon,2,110660,f29ce8f9-42a3-43fa-8197-666cc26e2c76,0.32,false,false,near_mint,en,USD,2026-04-17T06:25:56.447Z
Bulk,binder,Temple Garden,ECL,Lorwyn Eclipsed,268,normal,rare,1,108951,6cdd2a74-63b3-4ff2-9c5a-a85dee63c3c9,7.34,false,false,near_mint,en,USD,2026-04-17T06:25:56.448Z
Bulk,binder,"Ashling, Rekindled // Ashling, Rimebound",ECL,Lorwyn Eclipsed,124,normal,rare,1,108956,7d7faefe-9c0d-45b6-8ea4-5fa666762a2c,1.5,false,false,near_mint,en,USD,2026-04-17T06:25:56.449Z
Bulk,binder,Rimefire Torque,ECL,Lorwyn Eclipsed,65,normal,rare,1,110747,4f8931b2-ff3f-4167-8a40-f33460c2d27e,0.25,false,false,near_mint,en,USD,2026-04-17T06:25:56.450Z
Bulk,binder,Eclipsed Merrow,ECL,Lorwyn Eclipsed,339,normal,uncommon,1,110738,45d96555-4976-49d1-b529-09cc7ca37cd3,0.15,false,false,near_mint,en,USD,2026-04-17T06:25:56.451Z
Bulk,binder,Dream Harvest,ECL,Lorwyn Eclipsed,216,normal,rare,1,110807,a4ebc0e7-02d7-4d38-9376-a39963e6d3fa,0.36,false,false,near_mint,en,USD,2026-04-17T06:25:56.452Z
Bulk,binder,Champions of the Shoal,ECL,Lorwyn Eclipsed,46,normal,rare,1,110853,e1acdd9c-4a6d-4373-950c-f5539b54679f,0.21,false,false,near_mint,en,USD,2026-04-17T06:25:56.453Z
Bulk,binder,Deepway Navigator,ECL,Lorwyn Eclipsed,214,normal,rare,1,110416,d988e28b-fa60-4b60-8229-7a15932c784b,0.24,false,false,near_mint,en,USD,2026-04-17T06:25:56.454Z
Bulk,binder,Eclipsed Boggart,ECL,Lorwyn Eclipsed,335,normal,uncommon,1,110717,343a04c9-ebf8-41d9-9ebf-9d17da5ad605,0.23,false,false,near_mint,en,USD,2026-04-17T06:25:56.455Z
Bulk,binder,Dawnhand Dissident,ECL,Lorwyn Eclipsed,98,normal,rare,1,110357,6ac1f765-f348-4813-88dc-26376e0f3f33,0.37,false,false,near_mint,en,USD,2026-04-17T06:25:56.456Z
Bulk,binder,Kinscaer Sentry,ECL,Lorwyn Eclipsed,22,normal,rare,1,110715,333bf101-14e8-4753-99bc-9174f42c4122,0.48,false,false,near_mint,en,USD,2026-04-17T06:25:56.457Z
Bulk,binder,Throw from the Saddle,OTJ,Outlaws of Thunder Junction,185,normal,common,1,93225,775874cc-4b78-4904-9c97-431c2e400c64,0.07,false,false,near_mint,en,USD,2026-04-17T06:25:56.459Z
Bulk,binder,Mine Raider,OTJ,Outlaws of Thunder Junction,135,normal,common,1,93072,19cfacff-e884-4954-aa6b-ed56ca942bf2,0.04,false,false,near_mint,en,USD,2026-04-17T06:25:56.460Z
Bulk,binder,Hollow Marauder,OTJ,Outlaws of Thunder Junction,90,normal,uncommon,1,93380,df2913d5-57c7-4f9b-bc96-8a46beef2563,0.13,false,false,near_mint,en,USD,2026-04-17T06:25:56.461Z
Bulk,binder,Harrier Strix,OTJ,Outlaws of Thunder Junction,52,normal,common,1,93213,70ca61a9-8938-41bf-bd14-5759f4de6521,0.19,false,false,near_mint,en,USD,2026-04-17T06:25:56.462Z
Bulk,binder,Stab,FDN,Foundations,71,normal,common,1,101538,6859a5ba-1c1c-4631-bba8-f9900b827178,0.18,false,false,near_mint,en,USD,2026-04-17T06:25:56.463Z
Bulk,binder,Treetop Snarespinner,FDN,Foundations,114,normal,common,2,101562,88e68fa3-159d-49a6-8ac6-afc9bd6f1718,0.17,false,false,near_mint,en,USD,2026-04-17T06:25:56.464Z
Bulk,binder,Elementalist Adept,FDN,Foundations,36,normal,common,2,101605,d9768cc6-8f53-4922-ae32-376a2f32d719,0.06,false,false,near_mint,en,USD,2026-04-17T06:25:56.465Z
Bulk,binder,Sower of Chaos,FDN,Foundations,95,normal,common,1,101556,7ff50606-491c-4946-8d03-719b01cfad77,0.11,false,false,near_mint,en,USD,2026-04-17T06:25:56.466Z
Bulk,binder,Eaten Alive,INR,Innistrad Remastered,106,normal,common,1,102431,143d278d-d99b-42da-9fbd-9ab70526d53a,0.1,false,false,near_mint,en,USD,2026-04-17T06:25:56.467Z
Bulk,binder,Heartfire Immolator,FDN,Foundations,201,normal,uncommon,1,100390,3ca38f4d-01f5-4a02-9000-01261a440dbf,0.14,false,false,near_mint,en,USD,2026-04-17T06:25:56.468Z
Bulk,binder,Elvish Regrower,FDN,Foundations,104,normal,uncommon,1,100278,2694e3cd-26ed-4a10-ae55-fb84d7800253,0.2,false,false,near_mint,en,USD,2026-04-17T06:25:56.469Z
Bulk,binder,Sun-Blessed Healer,FDN,Foundations,25,normal,uncommon,1,100332,323d029e-9a88-4188-b3a4-38ef32cffc9f,0.17,false,false,near_mint,en,USD,2026-04-17T06:25:56.470Z
Bulk,binder,Combat Tutorial,FIN,Final Fantasy,48,normal,common,7,106679,ec195607-ac30-4931-acfd-f9d8ac8b047f,0.17,false,false,near_mint,en,USD,2026-04-17T06:25:56.471Z
Bulk,binder,Planewide Celebration,WAR,War of the Spark,172,normal,rare,1,44232,11016840-56b6-4759-bde6-3dc0e339e87e,0.95,false,false,near_mint,en,USD,2026-04-17T06:25:56.472Z
Bulk,binder,Aeromunculus,RNA,Ravnica Allegiance,152,normal,common,1,43713,671c94c1-df52-4985-ad78-3e1c9c78df18,0.09,false,false,near_mint,en,USD,2026-04-17T06:25:56.473Z
Bulk,binder,Applied Biomancy,RNA,Ravnica Allegiance,153,normal,common,1,43712,f91ed618-7b0b-4a70-95ad-d9ed46e28692,0.05,false,false,near_mint,en,USD,2026-04-17T06:25:56.474Z
Bulk,binder,The Red Terror,40K,"Warhammer 40,000 Commander",83,normal,rare,1,72295,1d16f75d-988d-4417-9a5e-549b785f9dc4,6.7,false,false,near_mint,en,USD,2026-04-17T06:25:56.475Z
Bulk,binder,Seize the Spoils,FDN,Foundations,546,normal,common,1,101619,efcf7e75-5de2-45cc-9275-caccd73214fa,0.63,false,false,near_mint,en,USD,2026-04-17T06:25:56.477Z
Bulk,binder,Coliseum Behemoth,FIN,Final Fantasy,181,normal,uncommon,8,106594,900206f1-7dd6-4db9-a430-73e560fd196b,0.09,false,false,near_mint,en,USD,2026-04-17T06:25:56.478Z
Bulk,binder,Stalactite Dagger,ECL,Lorwyn Eclipsed,261,normal,common,2,110762,6954df09-95f3-46cf-9ba8-2a1aea653d8f,0.22,false,false,near_mint,en,USD,2026-04-17T06:25:56.479Z
Bulk,binder,"Yuffie, Materia Hunter",FIC,Final Fantasy Commander,65,normal,rare,1,105829,117bb5db-4a1c-4704-b0b5-c67b45ac2f52,0.26,false,false,near_mint,en,USD,2026-04-17T06:25:56.480Z
Bulk,binder,Gift of Fangs,VOW,Innistrad: Crimson Vow,113,normal,common,1,64361,a864375f-99c3-4c68-9440-bc25ff6d0dc0,0.15,false,false,near_mint,en,USD,2026-04-17T06:25:56.481Z
Bulk,binder,Bleed Dry,VOW,Innistrad: Crimson Vow,94,normal,common,1,64164,3db65755-f104-4de9-bcc9-0a4a7bc66b51,0.23,false,false,near_mint,en,USD,2026-04-17T06:25:56.482Z
Bulk,binder,Blood Servitor,VOW,Innistrad: Crimson Vow,252,normal,common,1,64298,87845cc2-bf5d-491d-bfa2-b33b034557a4,0.15,false,false,near_mint,en,USD,2026-04-17T06:25:56.483Z
Bulk,binder,Sanctify,VOW,Innistrad: Crimson Vow,33,normal,common,1,64300,880e071a-6d6c-41c4-b2eb-c9e6626d0c7f,0.28,false,false,near_mint,en,USD,2026-04-17T06:25:56.484Z
Bulk,binder,Laid to Rest,VOW,Innistrad: Crimson Vow,207,normal,uncommon,1,64101,141f7948-3140-40f2-95dd-ab6c79f2a821,0.28,false,false,near_mint,en,USD,2026-04-17T06:25:56.485Z
Bulk,binder,Gryffwing Cavalry,VOW,Innistrad: Crimson Vow,16,normal,uncommon,1,64273,792d5b41-27f3-455b-890e-a1771944fc7d,0.08,false,false,near_mint,en,USD,2026-04-17T06:25:56.486Z
Bulk,binder,Angelic Quartermaster,VOW,Innistrad: Crimson Vow,2,normal,uncommon,1,64169,41d81b88-c19b-4148-89ba-ae8fb53843e1,0.14,false,false,near_mint,en,USD,2026-04-17T06:25:56.487Z
Bulk,binder,Blood Petal Celebrant,VOW,Innistrad: Crimson Vow,303,normal,common,1,64179,4592609d-48f5-4762-b95c-b2eaa2ea4d51,0.1,false,false,near_mint,en,USD,2026-04-17T06:25:56.488Z
Bulk,binder,Gutter Skulker // Gutter Shortcut,VOW,Innistrad: Crimson Vow,62,normal,uncommon,1,64416,ceb84515-7b8f-444d-b6a9-61231621f9b7,0.06,false,false,near_mint,en,USD,2026-04-17T06:25:56.489Z
Bulk,binder,Avabruck Caretaker // Hollowhenge Huntmaster,VOW,Innistrad: Crimson Vow,187,normal,mythic,1,64395,c0c358b4-5af2-438f-8bd5-beb0ee6b518b,4.09,false,false,near_mint,en,USD,2026-04-17T06:25:56.490Z
Bulk,binder,Lantern Bearer // Lanterns' Lift,INR,Innistrad Remastered,72,normal,common,1,101848,0e568af8-9ddf-4efd-92ec-74a54b811c03,0.1,false,false,near_mint,en,USD,2026-04-17T06:25:56.491Z
Bulk,binder,Light of Day,6ED,Classic Sixth Edition,29,normal,uncommon,1,35348,3d5af047-7d98-4ba9-9ce1-c67563c19866,0.44,false,false,near_mint,en,USD,2026-04-17T06:25:56.492Z
Bulk,binder,Overwhelming Remorse,BRO,The Brothers' War,110,normal,common,2,75335,202cbfa4-3b3d-47fd-84a6-892692c906d6,0.11,false,false,near_mint,en,USD,2026-04-17T06:25:56.493Z
Bulk,binder,Stern Lesson,BRO,The Brothers' War,64,normal,common,2,75374,3151caa2-10ed-4f30-83eb-cd1bd3f642ce,0.09,false,false,near_mint,en,USD,2026-04-17T06:25:56.494Z
Bulk,binder,Tocasia's Dig Site,MKC,Murders at Karlov Manor Commander,308,normal,common,1,90501,bbb5d40b-f0e1-4e98-b4d3-1ee2cfa5b579,0.24,false,false,near_mint,en,USD,2026-04-17T06:25:56.495Z
Bulk,binder,Ambush Paratrooper,BRO,The Brothers' War,3,normal,common,2,75793,cfa00c0e-163d-4f59-b8b9-3ee9143d27bb,0.06,false,false,near_mint,en,USD,2026-04-17T06:25:56.496Z
Bulk,binder,Thopter Architect,BRO,The Brothers' War,29,normal,uncommon,1,75497,61017325-cec0-46ac-aa32-5855e5904888,0.09,false,false,near_mint,en,USD,2026-04-17T06:25:56.497Z
Bulk,binder,Recruitment Officer,BRO,The Brothers' War,23,normal,uncommon,1,75754,c226656b-68d5-4df2-b313-a323a728c520,0.21,false,false,near_mint,en,USD,2026-04-17T06:25:56.498Z
Bulk,binder,Geology Enthusiast,BRO,The Brothers' War,289,normal,rare,1,75824,dbb1f21c-60fa-4fcc-844b-25bf5b47fd1f,0.24,false,false,near_mint,en,USD,2026-04-17T06:25:56.499Z
Bulk,binder,Gixian Puppeteer,BRO,The Brothers' War,99,normal,rare,1,75363,2cc86e18-ffbc-4c5f-a694-922332b146cc,0.99,false,false,near_mint,en,USD,2026-04-17T06:25:56.500Z
Bulk,binder,Lat-Nam Adept,BRO,The Brothers' War,56,normal,common,1,75677,a1e088de-e99f-4706-89e0-a7efdaf9403a,0.03,false,false,near_mint,en,USD,2026-04-17T06:25:56.501Z
Bulk,binder,Plains,BRO,The Brothers' War,268,normal,common,1,75340,22de1edc-ec67-4694-ab88-2a679c8a450f,0.1,false,false,near_mint,en,USD,2026-04-17T06:25:56.502Z
Bulk,binder,Swamp,BRO,The Brothers' War,283,normal,common,1,75544,7232adef-c8eb-461f-b563-cb54cdeb22d5,0.29,false,false,near_mint,en,USD,2026-04-17T06:25:56.503Z
Bulk,binder,Cradle Clearcutter,BRO,The Brothers' War,198,normal,uncommon,1,75447,50cc9b90-792e-4cf7-ab8c-cb616d94092a,0.18,false,false,near_mint,en,USD,2026-04-17T06:25:56.504Z
Bulk,binder,Titania's Command,BRO,The Brothers' War,194,normal,rare,1,75554,753567c7-c484-4c0d-8128-7710e23c428f,0.59,false,false,near_mint,en,USD,2026-04-17T06:25:56.505Z
Bulk,binder,Obliterating Bolt,FDN,Foundations,629,normal,uncommon,1,101185,d59e836b-1c7b-43ac-889b-5f94e1638c42,0.13,false,false,near_mint,en,USD,2026-04-17T06:25:56.506Z
Bulk,binder,Levitating Statue,BRO,The Brothers' War,236,normal,uncommon,1,75660,9c0a17e2-e019-4686-9795-651da2d2955c,0.08,false,false,near_mint,en,USD,2026-04-17T06:25:56.507Z
Bulk,binder,Monastery Swiftspear,BRO,The Brothers' War,144,normal,uncommon,1,75808,d6bfa227-4309-40ed-952c-279595eab17e,0.38,false,false,near_mint,en,USD,2026-04-17T06:25:56.508Z
Bulk,binder,Raze to the Ground,BRO,The Brothers' War,149,normal,common,1,75598,838b25d2-7615-4375-a5e6-3d762c9072a5,0.04,false,false,near_mint,en,USD,2026-04-17T06:25:56.509Z
Bulk,binder,Fog of War,BRO,The Brothers' War,180,normal,common,3,75389,37096c19-32c9-448a-94e9-f5fe2d74e3a3,0.15,false,false,near_mint,en,USD,2026-04-17T06:25:56.510Z
Bulk,binder,Gluttonous Guest,INR,Innistrad Remastered,112,normal,common,1,102464,25e98125-6c36-4571-afc5-2d018750eb57,0.14,false,false,near_mint,en,USD,2026-04-17T06:25:56.511Z
Bulk,binder,Overcharged Amalgam,INR,Innistrad Remastered,80,normal,rare,1,102477,2fae9b40-a1ee-425d-bbf6-fa4b0861cdc4,0.34,false,false,near_mint,en,USD,2026-04-17T06:25:56.512Z
Bulk,binder,Voltaic Visionary // Volt-Charged Berserker,VOW,Innistrad: Crimson Vow,183,normal,uncommon,1,64362,a8b85386-462b-46f8-9412-fd47ed1dc1da,0.12,false,false,near_mint,en,USD,2026-04-17T06:25:56.513Z
Bulk,binder,Ragged Recluse // Odious Witch,VOW,Innistrad: Crimson Vow,127,normal,common,1,64285,7fb728de-0d6e-4b32-b0c4-edd7382d1391,0.13,false,false,near_mint,en,USD,2026-04-17T06:25:56.514Z
Bulk,binder,Lunar Rejection,VOW,Innistrad: Crimson Vow,67,normal,uncommon,1,64092,0f66511c-355f-4e8a-96fc-3afc7a315231,0.07,false,false,near_mint,en,USD,2026-04-17T06:25:56.515Z
Bulk,binder,Runebound Wolf,INR,Innistrad Remastered,168,normal,uncommon,1,102666,8e220cc1-e13f-48da-b59b-91a556829ea5,0.16,false,false,near_mint,en,USD,2026-04-17T06:25:56.516Z
Bulk,binder,Repository Skaab,VOW,Innistrad: Crimson Vow,73,normal,common,1,64282,7cc22c2a-535a-46b5-817c-da5850abd669,0.15,false,false,near_mint,en,USD,2026-04-17T06:25:56.517Z
Bulk,binder,Parish-Blade Trainee,VOW,Innistrad: Crimson Vow,29,normal,common,1,64329,9845cdf2-e5ba-44a0-8136-72a1eb03a6a1,0.13,false,false,near_mint,en,USD,2026-04-17T06:25:56.518Z
Bulk,binder,Adamant Will,FDN,Foundations,488,normal,common,1,101483,1fd2c9ab-b3dd-4f68-b91f-0f075a045757,0.12,false,false,near_mint,en,USD,2026-04-17T06:25:56.519Z
Bulk,binder,Militia Rallier,VOW,Innistrad: Crimson Vow,24,normal,common,1,64206,51b3ff40-3185-4369-985e-17613bb6ad22,0.06,false,false,near_mint,en,USD,2026-04-17T06:25:56.520Z
Bulk,binder,Feisty Spikeling,ECL,Lorwyn Eclipsed,223,normal,common,4,110868,f69f3a27-ecda-4d27-82fe-612ed57dbb28,0.17,false,false,near_mint,en,USD,2026-04-17T06:25:56.327Z
Bulk,binder,Changeling Wayfinder,ECL,Lorwyn Eclipsed,1,normal,common,2,110764,6c6061aa-a4da-4115-85b6-d0aa22f2386c,0.25,false,false,near_mint,en,USD,2026-04-17T06:25:56.336Z
Bulk,binder,Blighted Blackthorn,ECL,Lorwyn Eclipsed,90,normal,common,2,110719,3515531a-45d6-4fe0-96a3-7ca1ce545068,0.16,false,false,near_mint,en,USD,2026-04-17T06:25:56.338Z
Bulk,binder,Flamekin Gildweaver,ECL,Lorwyn Eclipsed,140,normal,common,3,110821,b1628ece-a028-49d4-9065-ee997838c20a,0.07,false,false,near_mint,en,USD,2026-04-17T06:25:56.344Z
Bulk,binder,Nameless Inversion,ECL,Lorwyn Eclipsed,113,normal,uncommon,2,110772,7a4944ac-839e-4aa1-8200-78cff36bb2ed,0.22,false,false,near_mint,en,USD,2026-04-17T06:25:56.347Z
Bulk,binder,Stoic Grove-Guide,ECL,Lorwyn Eclipsed,243,normal,common,3,110730,3d5a3e25-c17a-47b1-a36d-d24d50e5bab3,0.1,false,false,near_mint,en,USD,2026-04-17T06:25:56.348Z
Bulk,binder,Blossombind,ECL,Lorwyn Eclipsed,45,normal,common,6,110479,382b83c0-bbbc-4db8-bc04-cfea79aed1b3,0.2,false,false,near_mint,en,USD,2026-04-17T06:25:56.349Z
Bulk,binder,Scarblade's Malice,ECL,Lorwyn Eclipsed,119,normal,common,4,110815,aea9b5c0-3b32-44be-9773-566b9daafa6b,0.17,false,false,near_mint,en,USD,2026-04-17T06:25:56.350Z
Bulk,binder,Brambleback Brute,ECL,Lorwyn Eclipsed,128,normal,common,6,110754,5ebb8365-c6e1-46e8-a242-6aa27b21e68a,0.07,false,false,near_mint,en,USD,2026-04-17T06:25:56.351Z
Bulk,binder,Liminal Hold,ECL,Lorwyn Eclipsed,24,normal,common,4,110583,a5a40c16-7a5c-4ad1-be53-6b1b1be2affe,0.04,false,false,near_mint,en,USD,2026-04-17T06:25:56.353Z
Bulk,binder,Explosive Prodigy,ECL,Lorwyn Eclipsed,136,normal,uncommon,2,110346,5515ea5e-ce28-4938-a31e-5e48522a5f93,0.1,false,false,near_mint,en,USD,2026-04-17T06:25:56.356Z
Bulk,binder,Voracious Tome-Skimmer,ECL,Lorwyn Eclipsed,250,normal,uncommon,3,110303,1a696fe5-410c-4699-b1d1-1a9c771d664a,0.28,false,false,near_mint,en,USD,2026-04-17T06:25:56.358Z
Bulk,binder,Temporal Cleansing,ECL,Lorwyn Eclipsed,78,normal,common,4,110498,50ee7315-ec53-43d2-841e-8ec192b850f1,0.07,false,false,near_mint,en,USD,2026-04-17T06:25:56.361Z
Bulk,binder,Bogslither's Embrace,ECL,Lorwyn Eclipsed,94,normal,common,5,110743,4beca2e7-9c6d-493b-b15f-69e483a8dfff,0.21,false,false,near_mint,en,USD,2026-04-17T06:25:56.362Z
Bulk,binder,Boneclub Berserker,ECL,Lorwyn Eclipsed,126,normal,common,5,110597,b3dbbe30-3d6e-46f8-92c1-caee995cba1a,0.17,false,false,near_mint,en,USD,2026-04-17T06:25:56.363Z
Bulk,binder,Cinder Strike,ECL,Lorwyn Eclipsed,131,normal,common,2,110767,6fb6faa4-236c-4cae-9140-0981c44d2392,0.19,false,false,near_mint,en,USD,2026-04-17T06:25:56.368Z
Bulk,binder,Prideful Feastling,ECL,Lorwyn Eclipsed,238,normal,common,4,110535,7578cb61-f606-4559-a10a-343a583228ab,0.21,false,false,near_mint,en,USD,2026-04-17T06:25:56.372Z
Bulk,binder,Rooftop Percher,ECL,Lorwyn Eclipsed,2,normal,common,3,110464,2d89595c-1542-41fe-8d23-997522922698,0.14,false,false,near_mint,en,USD,2026-04-17T06:25:56.385Z
Bulk,binder,Wild Unraveling,ECL,Lorwyn Eclipsed,84,normal,common,2,110673,01522fec-9136-4fa6-91a3-370a8bb08b42,0.15,false,false,near_mint,en,USD,2026-04-17T06:25:56.386Z
Bulk,binder,Dawnhand Eulogist,ECL,Lorwyn Eclipsed,99,normal,common,2,110536,75a97f69-f3dc-4d33-8008-c1f1a7c15a2f,0.15,false,false,near_mint,en,USD,2026-04-17T06:25:56.387Z
Bulk,binder,Wildvine Pummeler,ECL,Lorwyn Eclipsed,203,normal,common,3,110689,11bad5c7-fe9a-4d89-a531-8d4f03d5a0e4,0.1,false,false,near_mint,en,USD,2026-04-17T06:25:56.389Z
Bulk,binder,Appeal to Eirdu,ECL,Lorwyn Eclipsed,5,normal,common,2,110356,68ce9752-21f9-48e9-bf48-7f76f1cecbc5,0.04,false,false,near_mint,en,USD,2026-04-17T06:25:56.390Z
Bulk,binder,Forest,ECL,Lorwyn Eclipsed,273,normal,common,2,110396,b460f5f7-c7c9-400c-8419-23d614f45bf9,0.16,false,false,near_mint,en,USD,2026-04-17T06:25:56.403Z
Bulk,binder,Chitinous Graspling,ECL,Lorwyn Eclipsed,211,normal,common,4,110810,a9767360-d536-4902-9d2d-1f3474ce89d6,0.14,false,false,near_mint,en,USD,2026-04-17T06:25:56.430Z
Bulk,binder,Glamer Gifter,ECL,Lorwyn Eclipsed,49,normal,uncommon,3,110609,bd764dd4-2395-4138-ac29-260eac1aeaae,0.23,false,false,near_mint,en,USD,2026-04-17T06:25:56.431Z
Bulk,binder,Island,TMT,Teenage Mutant Ninja Turtles,316,normal,common,1,111289,836f371b-34f5-40e8-a806-e457841e5bc7,0.2,false,false,near_mint,en,USD,2026-04-17T06:45:52.672Z
Bulk,binder,Plains,TMT,Teenage Mutant Ninja Turtles,315,normal,common,1,111204,2dfe1926-c0d5-40a2-b1aa-988524aefc31,0.18,false,false,near_mint,en,USD,2026-04-17T06:45:52.673Z
Bulk,binder,Grand Coliseum,TMC,Teenage Mutant Ninja Turtles Eternal,68,normal,rare,1,111332,b07eb189-559a-4cd5-95ac-f6612fd11cf1,0.37,false,false,near_mint,en,USD,2026-04-17T06:45:52.674Z
Bulk,binder,Hinterland Harbor,TMC,Teenage Mutant Ninja Turtles Eternal,69,normal,rare,1,111276,7598a728-796b-4b82-b269-217ecca44c2c,0.33,false,false,near_mint,en,USD,2026-04-17T06:45:52.675Z
Bulk,binder,Vernal Fen,TMC,Teenage Mutant Ninja Turtles Eternal,81,normal,rare,1,111346,ba8f92ec-cd84-4958-9b31-b89598cb274d,0.43,false,false,near_mint,en,USD,2026-04-17T06:45:52.676Z
Bulk,binder,Undergrowth Stadium,TMC,Teenage Mutant Ninja Turtles Eternal,80,normal,rare,1,111391,f25aa8aa-e2f7-4634-8a96-2082e76c6503,4.83,false,false,near_mint,en,USD,2026-04-17T06:45:52.677Z
Bulk,binder,Sodden Verdure,TMC,Teenage Mutant Ninja Turtles Eternal,74,normal,rare,1,111179,0b5e219b-28fa-40e3-8afb-355ae767326d,0.53,false,false,near_mint,en,USD,2026-04-17T06:45:52.678Z
Bulk,binder,Rootbound Crag,TMC,Teenage Mutant Ninja Turtles Eternal,72,normal,rare,1,111387,f01bb3fd-14c6-47cb-aba3-e3069da56c9f,0.32,false,false,near_mint,en,USD,2026-04-17T06:45:52.679Z
Bulk,binder,Rain-Slicked Copse,TMC,Teenage Mutant Ninja Turtles Eternal,71,normal,rare,1,111267,70e5e700-b215-4a55-ae96-04e9f886cad1,0.28,false,false,near_mint,en,USD,2026-04-17T06:45:52.680Z
Bulk,binder,Thriving Moor,TMC,Teenage Mutant Ninja Turtles Eternal,79,normal,common,1,111339,b7c7d0c0-ada6-4c89-b47b-977e35e67b39,0.27,false,false,near_mint,en,USD,2026-04-17T06:45:52.681Z
Bulk,binder,Thriving Isle,TMC,Teenage Mutant Ninja Turtles Eternal,78,normal,common,1,111306,90bf15bd-4167-4a66-8729-73af5c65692a,0.21,false,false,near_mint,en,USD,2026-04-17T06:45:52.682Z
Bulk,binder,Sapseep Forest,C21,Commander 2021,313,normal,uncommon,1,58816,81d3099d-4f22-425c-8955-903b6cfb88d3,0.44,false,false,near_mint,en,USD,2026-04-17T06:45:52.683Z
Bulk,binder,Turtle Lair,TMT,Teenage Mutant Ninja Turtles,190,normal,uncommon,1,111358,c50c4580-979b-4863-86b9-16e258198972,0.2,false,false,near_mint,en,USD,2026-04-17T06:45:52.684Z
Bulk,binder,Escape Tunnel,TMT,Teenage Mutant Ninja Turtles,184,normal,common,1,111251,5df90940-15ea-418c-8547-6c75d69ec6d3,0.21,false,false,near_mint,en,USD,2026-04-17T06:45:52.685Z
Bulk,binder,Myriad Landscape,MOC,March of the Machine Commander,416,normal,uncommon,1,81907,b9242da7-aa73-4b02-aebb-910cadf94fbf,0.25,false,false,near_mint,en,USD,2026-04-17T06:45:52.686Z
Bulk,binder,Crossroads Village,FIN,Final Fantasy,276,normal,common,9,106561,64db46d4-f91f-49cc-971c-b8e19f0c4ea9,0.24,false,false,near_mint,en,USD,2026-04-17T06:45:52.687Z
Bulk,binder,Swamp,VOW,Innistrad: Crimson Vow,273,normal,common,1,64147,2e55a405-bf5b-4158-ba9a-239627ac9701,1.02,false,false,near_mint,en,USD,2026-04-17T06:45:52.688Z
Bulk,binder,Forest,VOW,Innistrad: Crimson Vow,277,normal,common,1,64455,e8760175-e9bb-4ef9-87ca-591d1edd5163,0.33,false,false,near_mint,en,USD,2026-04-17T06:45:52.689Z
Bulk,binder,"Prowl, Stoic Strategist // Prowl, Pursuit Vehicle",BOT,Transformers,1,normal,mythic,1,76044,f0a3dc50-a5c4-4073-8fec-2f68544bc2a1,1.03,false,false,near_mint,en,USD,2026-04-17T06:45:52.690Z
Bulk,binder,Everything Pizza,TMT,Teenage Mutant Ninja Turtles,173,normal,uncommon,1,111373,df2cdaa5-9ea0-4aa5-89d3-9edf40fa2a39,0.13,false,false,near_mint,en,USD,2026-04-17T06:45:52.691Z
Bulk,binder,Wave Goodbye,TMC,Teenage Mutant Ninja Turtles Eternal,46,normal,rare,1,111304,8fb141d9-addd-47ad-bfc1-b5b376d4c950,0.54,false,false,near_mint,en,USD,2026-04-17T06:45:52.692Z
Bulk,binder,Exploding Barrel,TMC,Teenage Mutant Ninja Turtles Eternal,39,normal,rare,1,111372,dee26c1c-f890-46ca-81bb-2bd63fa691c9,0.32,false,false,near_mint,en,USD,2026-04-17T06:45:52.693Z
Bulk,binder,Double Jump // Flying Kick,TMC,Teenage Mutant Ninja Turtles Eternal,35,normal,rare,1,111350,c0b94a92-48d5-4d08-a8fa-6f3a992db941,0.29,false,false,near_mint,en,USD,2026-04-17T06:45:52.694Z
Bulk,binder,"Tokka & Rahzar, Unsupervised",TMC,Teenage Mutant Ninja Turtles Eternal,28,normal,rare,1,111301,8bc5a0ac-5979-43ce-8a65-98c5f09f4aa6,0.32,false,false,near_mint,en,USD,2026-04-17T06:45:52.695Z
Bulk,binder,Shellshock,TMC,Teenage Mutant Ninja Turtles Eternal,25,normal,rare,1,111281,7d180bb8-6a33-4c55-b4c0-2abbf6595d7b,0.27,false,false,near_mint,en,USD,2026-04-17T06:45:52.696Z
Bulk,binder,Fast Forward,TMC,Teenage Mutant Ninja Turtles Eternal,24,normal,rare,1,111400,fe07512e-46c1-4f45-a06f-5875acaf8928,0.34,false,false,near_mint,en,USD,2026-04-17T06:45:52.697Z
Bulk,binder,Electric Seaweed,TMC,Teenage Mutant Ninja Turtles Eternal,23,normal,rare,1,111194,1ead9586-2b40-498e-90d3-c8a3aa81ef92,0.24,false,false,near_mint,en,USD,2026-04-17T06:45:52.698Z
Bulk,binder,"Shredder, Shadow Master",TMC,Teenage Mutant Ninja Turtles Eternal,20,normal,rare,1,111371,ddf4d3c9-bef9-4796-91ef-3d5beebae571,1.13,false,false,near_mint,en,USD,2026-04-17T06:45:52.699Z
Bulk,binder,"Rat King, Pale Piper",TMC,Teenage Mutant Ninja Turtles Eternal,19,normal,rare,1,111315,9b215ce4-a085-4627-99b1-f4f1344ad41b,0.35,false,false,near_mint,en,USD,2026-04-17T06:45:52.700Z
Bulk,binder,Game Over,TMC,Teenage Mutant Ninja Turtles Eternal,18,normal,rare,1,111389,f1eb50a6-07e2-41de-b948-8075bba197ee,0.4,false,false,near_mint,en,USD,2026-04-17T06:45:52.701Z
Bulk,binder,Dimension X Pizzasaur,TMC,Teenage Mutant Ninja Turtles Eternal,16,normal,rare,1,111401,fe4ab58f-3fb5-45fa-8ea1-794efa6f7da9,0.33,false,false,near_mint,en,USD,2026-04-17T06:45:52.702Z
Bulk,binder,"Bebop, Skull & Crossbones",TMC,Teenage Mutant Ninja Turtles Eternal,15,normal,rare,1,111331,af2a1494-9c0d-4590-999b-2c52725dc5d0,0.28,false,false,near_mint,en,USD,2026-04-17T06:45:52.703Z
Bulk,binder,"Ray Fillet, Wave Warrior",TMC,Teenage Mutant Ninja Turtles Eternal,14,normal,rare,1,111278,796c1b1c-c701-4c7e-922b-0964f04e03a6,0.39,false,false,near_mint,en,USD,2026-04-17T06:45:52.704Z
Bulk,binder,Here Comes a New Hero!,TMC,Teenage Mutant Ninja Turtles Eternal,11,normal,rare,1,111177,096a07e2-c213-4f8a-852f-813435bf1655,0.37,false,false,near_mint,en,USD,2026-04-17T06:45:52.705Z
Bulk,binder,"Baxter, Fly in the Ointment",TMC,Teenage Mutant Ninja Turtles Eternal,10,normal,rare,1,111396,f5ee290f-03cd-48a8-ba6e-d934cb3f4ff4,0.32,false,false,near_mint,en,USD,2026-04-17T06:45:52.706Z
Bulk,binder,Heroes in a Half Shell,TMC,Teenage Mutant Ninja Turtles Eternal,6,normal,mythic,1,109300,ccc2a4e6-f505-4040-9d8a-c7b8e1a2b55e,3.32,false,false,near_mint,en,USD,2026-04-17T06:45:52.707Z
Bulk,binder,"Leonardo, the Balance",TMC,Teenage Mutant Ninja Turtles Eternal,1,normal,mythic,1,109284,72e637db-7112-406f-809b-0eda248488b5,4.28,false,false,near_mint,en,USD,2026-04-17T06:45:52.708Z
Bulk,binder,Level Up,TMC,Teenage Mutant Ninja Turtles Eternal,31,normal,rare,1,111366,d4398907-17d2-4fad-bfa9-56925fb75834,1.92,false,false,near_mint,en,USD,2026-04-17T06:45:52.709Z
Bulk,binder,Big Mother Mouser,TMC,Teenage Mutant Ninja Turtles Eternal,37,normal,rare,1,111360,c9ae6898-6b5a-43bd-8c84-4d8add285f7d,0.94,false,false,near_mint,en,USD,2026-04-17T06:45:52.710Z
Bulk,binder,Super Combo,TMC,Teenage Mutant Ninja Turtles Eternal,34,normal,rare,1,111241,52bed0d4-3bcf-4770-b9c9-2a1d0666d220,0.37,false,false,near_mint,en,USD,2026-04-17T06:45:52.711Z
Bulk,binder,Arcade Cabinet,TMC,Teenage Mutant Ninja Turtles Eternal,36,normal,rare,1,111333,b2fd1df8-cc67-4209-af9d-5cf18c68cca9,0.58,false,false,near_mint,en,USD,2026-04-17T06:45:52.712Z
Bulk,binder,Coin of Mastery,TMC,Teenage Mutant Ninja Turtles Eternal,38,normal,rare,1,111361,ca053574-2ac9-4814-955d-87a97e0aca7e,1.74,false,false,near_mint,en,USD,2026-04-17T06:45:52.713Z
Bulk,binder,Roadkill Rodney,TMC,Teenage Mutant Ninja Turtles Eternal,41,normal,rare,1,111215,3fc23e7a-5059-4c8d-85bd-224f4c1bfc1c,0.34,false,false,near_mint,en,USD,2026-04-17T06:45:52.714Z
Bulk,binder,Biogenic Ooze,TMC,Teenage Mutant Ninja Turtles Eternal,49,normal,rare,1,111181,0e850205-d010-49af-b68b-262360751b70,0.27,false,false,near_mint,en,USD,2026-04-17T06:45:52.715Z
Bulk,binder,Steelbane Hydra,TMC,Teenage Mutant Ninja Turtles Eternal,52,normal,rare,1,111277,7869df96-ce77-45c0-829f-367819806356,0.37,false,false,near_mint,en,USD,2026-04-17T06:45:52.716Z
Bulk,binder,Vigor,TMC,Teenage Mutant Ninja Turtles Eternal,53,normal,rare,1,111261,6952b1c3-2a18-4ad5-8130-861fce1cb422,2.39,false,false,near_mint,en,USD,2026-04-17T06:45:52.717Z
Bulk,binder,Voracious Hydra,TMC,Teenage Mutant Ninja Turtles Eternal,54,normal,rare,1,111394,f415b285-4771-43ba-9534-244e446f8f72,0.31,false,false,near_mint,en,USD,2026-04-17T06:45:52.718Z
Bulk,binder,Acidic Slime,TMC,Teenage Mutant Ninja Turtles Eternal,48,normal,uncommon,1,111319,9e2ee84d-1d11-48a3-b79d-6a67991a2e60,0.19,false,false,near_mint,en,USD,2026-04-17T06:45:52.719Z
Bulk,binder,"Lita, Little Orphan Amphibian",TMT,Teenage Mutant Ninja Turtles,19,normal,uncommon,1,111320,9fbaabb5-e981-4cbf-888c-46449412711f,0.22,false,false,near_mint,en,USD,2026-04-17T06:45:52.720Z
Bulk,binder,"Krang, the All-Powerful",TMC,Teenage Mutant Ninja Turtles Eternal,13,normal,rare,1,111176,08a0ca58-e29e-477e-9377-f8b00e4b28a0,0.4,false,false,near_mint,en,USD,2026-04-17T06:45:52.721Z
Bulk,binder,"Irma, Part-Time Mutant",TMC,Teenage Mutant Ninja Turtles Eternal,12,normal,rare,1,111354,c3128529-4ccd-4809-8388-03f7faa0eabe,5.29,false,false,near_mint,en,USD,2026-04-17T06:45:52.722Z
Bulk,binder,Swift Demise,TMC,Teenage Mutant Ninja Turtles Eternal,21,normal,rare,1,111221,442feb65-9c0f-4962-8518-78e6d314c916,0.31,false,false,near_mint,en,USD,2026-04-17T06:45:52.723Z
Bulk,binder,Assassin's Trophy,TMC,Teenage Mutant Ninja Turtles Eternal,55,normal,rare,1,111308,932efc19-9bfd-4501-a623-ff6765a356d8,0.93,false,false,near_mint,en,USD,2026-04-17T06:45:52.724Z
Bulk,binder,Corpsejack Menace,TMC,Teenage Mutant Ninja Turtles Eternal,56,normal,rare,1,111293,85caf05a-035b-47c0-975c-dec76799ffcf,0.26,false,false,near_mint,en,USD,2026-04-17T06:45:52.725Z
Bulk,binder,Chromatic Lantern,TMC,Teenage Mutant Ninja Turtles Eternal,58,normal,rare,1,111259,68625010-3e4e-4400-b503-bf381a7fd81b,1.14,false,false,near_mint,en,USD,2026-04-17T06:45:52.726Z
Bulk,binder,Lessons from Life,TMT,Teenage Mutant Ninja Turtles,155,normal,uncommon,1,111182,0f886117-aff3-4db7-9cf5-7cbe94c8cd02,0.25,false,false,near_mint,en,USD,2026-04-17T06:45:52.727Z
Bulk,binder,"Mona Lisa, Science Geek",TMT,Teenage Mutant Ninja Turtles,123,normal,uncommon,1,111353,c2164204-120c-4dff-86ac-46ca9012ccd9,0.19,false,false,near_mint,en,USD,2026-04-17T06:45:52.728Z
Bulk,binder,High Score,TMC,Teenage Mutant Ninja Turtles Eternal,29,normal,rare,1,111343,b9077ef5-d19a-4106-950b-bb49b3b37510,1.02,false,false,near_mint,en,USD,2026-04-17T06:45:52.729Z
Bulk,binder,Sol Ring,TMC,Teenage Mutant Ninja Turtles Eternal,59,normal,uncommon,1,111185,14dbce79-1fcc-4cc9-bf38-7729e44a411e,1.63,false,false,near_mint,en,USD,2026-04-17T06:45:52.730Z
Bulk,binder,Arcane Signet,TMC,Teenage Mutant Ninja Turtles Eternal,57,normal,uncommon,1,111174,049ca0ff-0ca4-44f7-b144-731cf453afa9,0.62,false,false,near_mint,en,USD,2026-04-17T06:45:52.731Z
Bulk,binder,Cultivate,TMC,Teenage Mutant Ninja Turtles Eternal,50,normal,common,1,111226,4824ad7c-e533-4357-b486-9e908721db65,0.33,false,false,near_mint,en,USD,2026-04-17T06:45:52.732Z
Bulk,binder,Harmonize,TMC,Teenage Mutant Ninja Turtles Eternal,51,normal,uncommon,1,111305,90b42c40-d6ff-4fda-a040-1594f0ef9585,0.3,false,false,near_mint,en,USD,2026-04-17T06:45:52.733Z
Bulk,binder,Vanquish the Horde,TMC,Teenage Mutant Ninja Turtles Eternal,45,normal,rare,1,111296,87514302-be90-4afe-9508-d9742425d1ba,0.32,false,false,near_mint,en,USD,2026-04-17T06:45:52.734Z
Bulk,binder,Together Forever,TMC,Teenage Mutant Ninja Turtles Eternal,44,normal,rare,1,111191,1b19f82a-9724-41b1-934d-a8ec1493587b,0.3,false,false,near_mint,en,USD,2026-04-17T06:45:52.735Z
Bulk,binder,Continue?,TMC,Teenage Mutant Ninja Turtles Eternal,7,normal,rare,1,111203,2c99c472-8820-43d8-9dfa-508dc3d07478,3.37,false,false,near_mint,en,USD,2026-04-17T06:45:52.736Z
Bulk,binder,Tectonic Split,TLE,Avatar: The Last Airbender Eternal,144,normal,rare,1,109722,704b3385-bd73-4479-9579-4d9e38711529,2.26,false,false,near_mint,en,USD,2026-04-17T06:45:52.737Z
Bulk,binder,Wayfarer's Bauble,M3C,Modern Horizons 3 Commander,315,normal,common,1,94740,45794583-7f65-48e4-8d91-b2f8994c4215,0.69,false,false,near_mint,en,USD,2026-04-17T06:45:52.738Z
Bulk,binder,Mishra's Bauble,BRR,The Brothers' War Retro Artifacts,34,normal,uncommon,1,75710,b02452bb-a049-4e86-ba2c-135803caa03d,2.06,false,false,near_mint,en,USD,2026-04-17T06:45:52.739Z
Bulk,binder,Ornithopter,DMR,Dominaria Remastered,233,normal,common,1,77845,305078a5-ac18-4721-bba2-3434eba5b1cf,0.36,false,false,near_mint,en,USD,2026-04-17T06:45:52.740Z
Bulk,binder,Arms Race,BRO,The Brothers' War,126,normal,uncommon,1,75789,cd83b2c3-bb06-42db-83bf-8903a126512c,0.07,false,false,near_mint,en,USD,2026-04-17T06:45:52.741Z
Bulk,binder,The Stasis Coffin,BRO,The Brothers' War,245,normal,rare,1,75422,45537ac3-fc61-4253-a782-7f3e436b2aa6,1.93,false,false,near_mint,en,USD,2026-04-17T06:45:52.742Z
Bulk,binder,"Toph, the First Metalbender",TLA,Avatar: The Last Airbender,247,normal,rare,1,108122,70b6670f-a9fa-4d75-b0a7-c01b5071a514,1.01,false,false,near_mint,en,USD,2026-04-17T06:45:52.743Z
Bulk,binder,"Toph, Hardheaded Teacher",TLA,Avatar: The Last Airbender,246,normal,rare,1,109816,e3ba3395-39db-4330-9801-53def924f253,0.96,false,false,near_mint,en,USD,2026-04-17T06:45:52.744Z
Bulk,binder,Farseek,TDC,Tarkir: Dragonstorm Commander,255,normal,common,1,104833,9cc7c928-2e45-4653-883d-d13166ccb0df,0.59,false,false,near_mint,en,USD,2026-04-17T06:45:52.745Z
Bulk,binder,Rockalanche,TLA,Avatar: The Last Airbender,192,normal,uncommon,1,109701,52b213d3-6f68-43e6-91e9-435d8fe1f34c,0.22,false,false,near_mint,en,USD,2026-04-17T06:45:52.746Z
Bulk,binder,Earthbending Lesson,TLA,Avatar: The Last Airbender,176,normal,common,3,108142,eccd63b3-3a3a-4661-9d6e-fb8152429bdb,0.2,false,false,near_mint,en,USD,2026-04-17T06:45:52.747Z
Bulk,binder,Brain Freeze,SCG,Scourge,29,normal,uncommon,1,30659,59a43ef5-08f0-44fc-802d-b6cfd56b7d1f,11.64,false,false,near_mint,en,USD,2026-04-17T06:45:52.748Z
Bulk,binder,"Lindblum, Industrial Regency // Mage Siege",FIN,Final Fantasy,285,normal,rare,1,106405,548dd152-f0b6-4e8f-9afc-a4ec1671b648,1.82,false,false,near_mint,en,USD,2026-04-17T06:45:52.749Z
Bulk,binder,Bloodfell Caves,IKO,Ikoria: Lair of Behemoths,243,normal,common,1,49834,0c8269e6-b30c-4fdc-82a7-d503c133afa6,0.15,false,false,near_mint,en,USD,2026-04-17T06:45:52.750Z
Bulk,binder,Wand of Wonder,CLB,Commander Legends: Battle for Baldur's Gate,204,normal,rare,1,67530,df67ec01-9d4c-4ae1-9c8a-f94d649c81bc,2.86,false,false,near_mint,en,USD,2026-04-17T06:45:52.751Z
Bulk,binder,Dismal Backwater,ZNC,Zendikar Rising Commander,128,normal,common,1,55488,e20c6b51-48a3-4dbc-90b5-e08f40a58f63,0.2,false,false,near_mint,en,USD,2026-04-17T06:45:52.752Z
Bulk,binder,Izzet Signet,TDC,Tarkir: Dragonstorm Commander,320,normal,common,1,104518,2c747a97-9070-4c1e-b7b7-52637fbb30e1,0.3,false,false,near_mint,en,USD,2026-04-17T06:45:52.753Z
Bulk,binder,Prismari Campus,CLB,Commander Legends: Battle for Baldur's Gate,909,normal,common,2,69645,bf90c219-508f-49af-a7f9-540021d49d8c,0.35,false,false,near_mint,en,USD,2026-04-17T06:45:52.754Z
Bulk,binder,Conjurer's Closet,INR,Innistrad Remastered,321,normal,rare,1,102640,83e4e358-d639-4581-8c31-597f6d7fa57f,5.58,false,false,near_mint,en,USD,2026-04-17T06:45:52.755Z
Bulk,binder,Impact Tremors,WOT,Wilds of Eldraine: Enchanting Tales,44,normal,uncommon,1,85784,e23cf8e0-0983-4495-ad3e-8b0c3e706115,2.99,false,false,near_mint,en,USD,2026-04-17T06:45:52.756Z
Bulk,binder,Izzet Boilerworks,M3C,Modern Horizons 3 Commander,350,normal,uncommon,2,94795,af8535f9-463e-4963-94db-db0e22605275,0.37,false,false,near_mint,en,USD,2026-04-17T06:45:52.757Z
Bulk,binder,Highland Lake,C19,Commander 2019,251,normal,uncommon,5,45683,46bb20af-a326-4a42-94d3-cb1990300e0f,0.14,false,false,near_mint,en,USD,2026-04-17T06:45:52.758Z
Bulk,binder,Silverbluff Bridge,PIP,Fallout,290,normal,common,1,92380,820485ab-0a31-4278-9316-ec5b909f4d11,0.34,false,false,near_mint,en,USD,2026-04-17T06:45:52.759Z
Bulk,binder,Talisman of Creativity,PIP,Fallout,244,normal,uncommon,1,92418,89d318b7-5c82-40a7-a63e-d8e72938624f,3.7,false,false,near_mint,en,USD,2026-04-17T06:45:52.760Z
Bulk,binder,"Rionya, Fire Dancer",C21,Commander 2021,55,normal,rare,1,58664,b1e92b9c-4234-436d-a741-37c5e45859e5,10.02,false,false,near_mint,ja,USD,2026-04-17T06:45:52.761Z
Bulk,binder,Firebender Ascension,TLA,Avatar: The Last Airbender,137,normal,rare,1,109405,2929b702-03c6-4cf0-a3f7-61b27f4803be,0.76,false,false,near_mint,en,USD,2026-04-17T06:45:52.762Z
Bulk,binder,Demolition Field,FDN,Foundations,687,normal,uncommon,1,100150,0c7e51b6-4898-4632-b39c-3ce438caa882,0.29,false,false,near_mint,en,USD,2026-04-17T06:45:52.763Z
Bulk,binder,Foot Chopper,TMC,Teenage Mutant Ninja Turtles Eternal,17,normal,rare,1,111395,f43fa5c7-51e6-4824-95f8-837ccc77a6ce,0.33,false,false,near_mint,en,USD,2026-04-17T06:46:11.608Z
Bulk,binder,"April O'Neil, Live on the Scene",TMC,Teenage Mutant Ninja Turtles Eternal,9,normal,mythic,1,111271,7265ab42-5434-4127-acd6-8905ab63d62d,0.31,false,false,near_mint,en,USD,2026-04-17T06:46:22.579Z
Bulk,binder,"Splinter, the Mentor",TMC,Teenage Mutant Ninja Turtles Eternal,3,normal,mythic,1,109270,06c595fa-55ff-46f3-afaf-17edae465864,3.86,false,false,near_mint,en,USD,2026-04-17T06:46:37.478Z
Bulk,binder,"Donatello, the Brains",TMC,Teenage Mutant Ninja Turtles Eternal,2,normal,mythic,1,109286,774716f4-d211-497a-be91-69cd700edbf2,4.03,false,false,near_mint,en,USD,2026-04-17T06:46:54.008Z
Bulk,binder,Spire of Industry,MKC,Murders at Karlov Manor Commander,296,normal,rare,1,90450,90b845fd-5b22-4196-9cba-00c7e1b44509,0.18,false,false,near_mint,en,USD,2026-04-17T06:47:13.294Z
Bulk,binder,Kinbinding,ECL,Lorwyn Eclipsed,407,foil,rare,1,110418,df94f428-f097-42cb-be03-3046e6867344,0.29,false,false,near_mint,en,USD,2026-04-17T06:49:56.932Z
Bulk,binder,Starstorm,40K,"Warhammer 40,000 Commander",208,normal,rare,1,72489,b45264cb-67d0-4dfb-9229-61c4e90c760a,0.37,false,false,near_mint,en,USD,2026-04-17T07:20:51.803Z
Bulk,binder,"Rosheen, Roaring Prophet",MH3,Modern Horizons 3,202,normal,rare,1,94589,b5ac88b2-a92e-4a12-9ba3-5a4b8cdb58dc,0.17,false,false,near_mint,en,USD,2026-04-17T07:20:51.804Z
Bulk,binder,Fling,OTP,Breaking News,24,normal,uncommon,1,93079,1cddae19-eb96-475c-9800-17ac57df4c0a,0.14,false,false,near_mint,en,USD,2026-04-17T07:20:51.805Z
Bulk,binder,Rosheen Meanderer,IMA,Iconic Masters,206,normal,uncommon,1,3419,472efa7f-203f-4c48-b9ad-505e18f2976f,0.38,false,false,near_mint,en,USD,2026-04-17T07:20:51.806Z
Bulk,binder,Brass's Bounty,FDN,Foundations,190,normal,rare,3,100610,65fe7127-b0ec-400f-97f1-6e17ab8e319d,0.37,false,false,near_mint,en,USD,2026-04-17T07:20:51.807Z
Bulk,binder,Guild Artisan,CLB,Commander Legends: Battle for Baldur's Gate,179,normal,uncommon,2,69214,abe5cc84-db39-4f64-b877-599880a8729a,0.21,false,false,near_mint,en,USD,2026-04-17T07:20:51.808Z
Bulk,binder,Vayne's Treachery,FIN,Final Fantasy,124,normal,common,5,106569,6de6d23b-7d42-41c1-be1c-010fe43ee586,0.1,false,false,near_mint,en,USD,2026-04-17T07:20:51.809Z
Bulk,binder,Namazu Trader,FIN,Final Fantasy,107,normal,common,6,106248,f9d25b34-990d-416c-aef7-1b5a73f19dd4,0.12,false,false,near_mint,en,USD,2026-04-17T07:20:51.810Z
Bulk,binder,Ultimate Green Goblin,PW25,Wizards Play Network 2025,12,normal,rare,1,108630,2c76914f-fc3a-4cb2-b825-e92d8b801ec3,0.24,false,false,near_mint,en,USD,2026-04-17T07:20:51.811Z
Bulk,binder,Black Waltz No. 3,FIN,Final Fantasy,214,normal,uncommon,1,106696,fe86e41b-b0f6-4aa1-8827-c095c721f304,0.22,false,false,near_mint,en,USD,2026-04-17T07:20:51.812Z
Bulk,binder,"Mahadi, Emporium Master",CLB,Commander Legends: Battle for Baldur's Gate,282,normal,uncommon,2,69277,c3da2b1a-76c5-4d36-bdf8-025b86f61eb5,2.11,false,false,near_mint,en,USD,2026-04-17T07:20:51.813Z
Bulk,binder,Death Kiss,CLB,Commander Legends: Battle for Baldur's Gate,675,normal,rare,1,69518,537b9888-70c5-4bee-8f26-d1457fdf1167,4.03,false,false,near_mint,en,USD,2026-04-17T07:20:51.814Z
Bulk,binder,"Grenzo, Havoc Raiser",TDC,Tarkir: Dragonstorm Commander,216,normal,rare,1,104878,aba981f9-ebc6-48ac-b768-557f632b82df,0.32,false,false,near_mint,en,USD,2026-04-17T07:20:51.815Z
Bulk,binder,Sledge-Class Seedship,EOE,Edge of Eternities,208,normal,rare,1,107562,dc0cb4b6-cc20-49ea-84b2-2f3af3b0a19e,0.28,false,false,near_mint,en,USD,2026-04-17T07:20:51.816Z
Bulk,binder,Bothersome Quasit,CLB,Commander Legends: Battle for Baldur's Gate,674,normal,rare,1,69555,6e9a0a23-cd62-4762-b751-ac0159a1b3c5,16.44,false,false,near_mint,en,USD,2026-04-17T07:20:51.817Z
Bulk,binder,Disrupt Decorum,MKC,Murders at Karlov Manor Commander,151,normal,rare,1,90519,c5323fe7-d9df-4287-ae13-d9db35f7973b,3.88,false,false,near_mint,en,USD,2026-04-17T07:20:51.818Z
Bulk,binder,Shiny Impetus,TDC,Tarkir: Dragonstorm Commander,231,normal,common,1,104956,cc36705f-9b1a-42fe-bebd-f23c7af8a368,0.3,false,false,near_mint,en,USD,2026-04-17T07:20:51.819Z
Bulk,binder,Vow of Lightning,MKC,Murders at Karlov Manor Commander,164,normal,uncommon,1,90470,a0742d43-8a67-4485-b0ce-5a4e057fa915,0.25,false,false,near_mint,en,USD,2026-04-17T07:20:51.820Z
Bulk,binder,Spectacular Showdown,CLB,Commander Legends: Battle for Baldur's Gate,679,normal,rare,1,69670,d5b1cbee-528f-48f7-b7c9-16aa3dab850a,1.06,false,false,near_mint,en,USD,2026-04-17T07:20:51.821Z
Bulk,binder,Brash Taunter,CLB,Commander Legends: Battle for Baldur's Gate,782,normal,rare,1,69611,a1480f99-83f8-48e7-ba52-9a3f3a9a24f3,2.59,false,false,near_mint,en,USD,2026-04-17T07:20:51.822Z
Bulk,binder,Coronation of Chaos,CLB,Commander Legends: Battle for Baldur's Gate,168,normal,common,1,69139,8647092a-9d09-42cb-bcda-4e5e7a6c8a1c,0.17,false,false,near_mint,en,USD,2026-04-17T07:20:51.823Z
Bulk,binder,Agitator Ant,MKC,Murders at Karlov Manor Commander,145,normal,rare,1,90504,bc63ff71-ff42-4baf-977b-55f69c8e122f,0.25,false,false,near_mint,en,USD,2026-04-17T07:20:51.824Z
Bulk,binder,Warmonger Hellkite,CLB,Commander Legends: Battle for Baldur's Gate,814,normal,rare,1,69641,bbedbf64-cd51-4f40-9735-272bd86fdf84,0.45,false,false,near_mint,en,USD,2026-04-17T07:20:51.825Z
Bulk,binder,Avatar of Slaughter,CMM,Commander Masters,206,normal,rare,1,84865,c93dd6cc-53e8-4c67-8838-180b19f02088,0.28,false,false,near_mint,en,USD,2026-04-17T07:20:51.826Z
Bulk,binder,Goblin Spymaster,CLB,Commander Legends: Battle for Baldur's Gate,795,normal,rare,1,69430,1687ea64-fcc0-4bd8-aa7e-3c893d4ef2a8,2.74,false,false,near_mint,en,USD,2026-04-17T07:20:51.827Z
Bulk,binder,Raised by Giants,CLB,Commander Legends: Battle for Baldur's Gate,250,normal,rare,2,68860,11c93414-935e-462b-ad89-27ca21d01bf9,0.38,false,false,near_mint,en,USD,2026-04-17T07:20:51.828Z
Bulk,binder,"Baeloth Barrityl, Entertainer",CLB,Commander Legends: Battle for Baldur's Gate,655,foil,mythic,1,69705,ec983aac-9eda-4086-ad7e-34da9b2987cc,14.52,false,false,near_mint,en,USD,2026-04-17T07:20:51.829Z
Bulk,binder,Guarded Heir,FDN,Foundations,14,normal,uncommon,1,100505,525ba5c7-3ce5-4e52-b8b5-96c9040a6738,0.09,false,false,near_mint,en,USD,2026-04-17T07:20:51.830Z
Bulk,binder,Inspiring Paladin,FDN,Foundations,18,normal,common,1,101472,0763be06-25b2-4d6b-ab33-a1af85aeb443,0.07,false,false,near_mint,en,USD,2026-04-17T07:20:51.831Z
Bulk,binder,Suspension Field,F15,Friday Night Magic 2015,4,foil,rare,1,12209,dbeb9475-64d8-4c9a-98e6-c473075ee343,0.26,false,false,near_mint,en,USD,2026-04-17T07:20:51.832Z
Bulk,binder,Shrike Force,BLB,Bloomburrow,31,normal,uncommon,2,95763,306fec2c-d8b7-4f4b-8f58-10e3b9f3158f,0.27,false,false,near_mint,en,USD,2026-04-17T07:20:51.833Z
Bulk,binder,Intangible Virtue,INR,Innistrad Remastered,29,normal,uncommon,1,102600,716d82a1-fb5d-4607-b1fa-e8e9edd4dd77,0.39,false,false,near_mint,en,USD,2026-04-17T07:20:51.834Z
Bulk,binder,Talisman of Progress,TDC,Tarkir: Dragonstorm Commander,333,normal,uncommon,1,104836,9d6a5ed4-54b3-4660-8d41-953336f2fe74,0.39,false,false,near_mint,en,USD,2026-04-17T07:20:51.835Z
Bulk,binder,Legion Loyalty,TDC,Tarkir: Dragonstorm Commander,122,normal,mythic,1,104456,11681eae-f5bd-4e78-a980-5ab58db0d9f3,0.36,false,false,near_mint,en,USD,2026-04-17T07:20:51.836Z
Bulk,binder,Deny Existence,SOI,Shadows over Innistrad,55,normal,common,1,8941,16a14eeb-1c85-4029-a047-39a4efef3f74,0.07,false,false,near_mint,en,USD,2026-04-17T07:20:51.837Z
Bulk,binder,Run Away Together,BLB,Bloomburrow,67,normal,common,1,95799,7cb7ec70-a5a4-4188-ba1a-e88b81bdbad0,0.09,false,false,near_mint,en,USD,2026-04-17T07:20:51.838Z
Bulk,binder,Distant Melody,CMM,Commander Masters,846,normal,common,1,84853,c73c83b5-3a91-4495-b6fb-20cdc6edd07b,0.96,false,false,near_mint,en,USD,2026-04-17T07:20:51.839Z
Bulk,binder,Vanquish the Horde,FIC,Final Fantasy Commander,260,normal,rare,1,105948,5bb0f6ec-6448-40bd-a819-b828b85b2118,0.3,false,false,near_mint,en,USD,2026-04-17T07:20:51.840Z
Bulk,binder,Quick-Draw Katana,FDN,Foundations,130,normal,common,2,101540,69beec98-c89c-4673-953c-8b3ef3d81560,0.09,false,false,near_mint,en,USD,2026-04-17T07:20:51.841Z
Bulk,binder,You're Not Alone,FIN,Final Fantasy,44,normal,common,3,106327,1867b5cb-2bb0-4f49-b302-036fdffa2344,0.15,false,false,near_mint,en,USD,2026-04-17T07:20:51.842Z
Bulk,binder,Haytham Kenway,ACR,Assassin's Creed,57,normal,rare,1,95406,73468f53-7de5-4a64-8f83-c0376f1d1f3f,0.21,false,false,near_mint,en,USD,2026-04-17T07:20:51.843Z
Bulk,binder,Sazh's Chocobo,FIN,Final Fantasy,200,normal,uncommon,1,103809,dda6b4d0-1b60-46b0-b321-b9ffe15afff4,1.06,false,false,near_mint,en,USD,2026-04-17T07:20:51.844Z
Bulk,binder,Ride the Shoopuf,FIN,Final Fantasy,197,normal,uncommon,1,106518,19ad36d6-8bf4-490c-9980-b98a470af892,0.34,false,false,near_mint,en,USD,2026-04-17T07:20:51.845Z
Bulk,binder,Sabotender,FIN,Final Fantasy,153,normal,common,6,106513,12df1295-8b08-4c8e-bac9-55b4f514c0be,0.25,false,false,near_mint,en,USD,2026-04-17T07:20:51.846Z
Bulk,binder,Call the Mountain Chocobo,FIN,Final Fantasy,131,normal,common,6,106633,b2e1986c-2852-4843-bdc4-eddb727ba3d4,0.13,false,false,near_mint,en,USD,2026-04-17T07:20:51.847Z
Bulk,binder,Earth Tremor,CLB,Commander Legends: Battle for Baldur's Gate,171,normal,common,1,69243,b5f700c6-7591-481d-b223-21f5b820e831,0.05,false,false,near_mint,en,USD,2026-04-17T07:20:51.848Z
Bulk,binder,Geode Rager,CLB,Commander Legends: Battle for Baldur's Gate,794,normal,rare,1,69439,1c5974dd-78fc-4bfb-8678-72041c797584,1.88,false,false,near_mint,en,USD,2026-04-17T07:20:51.849Z
Bulk,binder,Zell Dincht,FIN,Final Fantasy,170,normal,rare,2,104234,135d6b27-9168-4513-9d7d-56edae048857,0.37,false,false,near_mint,en,USD,2026-04-17T07:20:51.850Z
Bulk,binder,"Domri, Anarch of Bolas",WAR,War of the Spark,191,normal,rare,1,44213,c1af9881-e35b-4be2-8716-ea7c6664e22c,1.02,false,false,near_mint,en,USD,2026-04-17T07:20:51.851Z
Bulk,binder,Friendly Rivalry,LTR,The Lord of the Rings: Tales of Middle-earth,204,normal,uncommon,1,82930,24076763-88ba-4dee-b548-9c27bd34fdb7,0.15,false,false,near_mint,en,USD,2026-04-17T07:20:51.852Z
Bulk,binder,Exotic Orchard,BLC,Bloomburrow Commander,131,normal,rare,1,96507,e6d8d98d-29b2-4ca2-bbda-4db2e8f6ae0b,0.32,false,false,near_mint,en,USD,2026-04-17T07:20:51.853Z
Bulk,binder,"Tannuk, Memorial Ensign",EOE,Edge of Eternities,233,normal,uncommon,1,106779,52498b7b-0389-4e7b-b29f-7ac86aab9229,0.48,false,false,near_mint,en,USD,2026-04-17T07:20:51.854Z
Bulk,binder,Swarming of Moria,LTR,The Lord of the Rings: Tales of Middle-earth,150,normal,common,1,82842,0a1bd073-4351-4c56-9b07-4430d0d83084,0.19,false,false,near_mint,en,USD,2026-04-17T07:20:51.855Z
Bulk,binder,Guardian Automaton,ORI,Magic Origins,227,normal,common,1,10715,7e8916b7-f5e4-4fae-8db8-9859d69212ec,0.03,false,false,near_mint,en,USD,2026-04-17T07:20:51.857Z
Bulk,binder,Izzet Guildgate,FDN,Foundations,691,normal,common,3,101219,db9e6fc9-813d-4a71-8a68-8e0f83fa945d,0.11,false,false,near_mint,en,USD,2026-04-17T07:20:51.858Z
Bulk,binder,Rakdos Guildgate,RNA,Ravnica Allegiance,256,normal,common,4,43609,d88b90fa-a7f1-4739-a507-d22dede9384f,0.11,false,false,near_mint,en,USD,2026-04-17T07:20:51.859Z
Bulk,binder,Dimir Guildgate,FDN,Foundations,688,normal,common,3,101376,f9b8a159-5e58-4432-8ecd-62f39afa96da,0.11,false,false,near_mint,en,USD,2026-04-17T07:20:51.860Z
Bulk,binder,Enter the God-Eternals,WAR,War of the Spark,196,normal,rare,1,44208,f67e7070-2266-4c93-8c89-084e12ba7a4e,0.32,false,false,near_mint,en,USD,2026-04-17T07:20:51.861Z
Bulk,binder,Lazotep Reaver,WAR,War of the Spark,96,normal,common,1,44308,594bbe43-a8aa-42aa-bc49-cb4f3bc05cad,0.27,false,false,near_mint,en,USD,2026-04-17T07:20:51.862Z
Bulk,binder,Dreadhorde Invasion,DRC,Aetherdrift Commander,91,normal,rare,1,103275,ccd2fc83-7fbe-45c4-a5f3-18a105ce6f09,0.4,false,false,near_mint,en,USD,2026-04-17T07:20:51.863Z
Bulk,binder,Callous Dismissal,WAR,War of the Spark,44,normal,common,1,44360,66cef326-339c-49e5-9905-21a1603a46ae,0.19,false,false,near_mint,en,USD,2026-04-17T07:20:51.864Z
Bulk,binder,Gleaming Overseer,DRC,Aetherdrift Commander,116,normal,uncommon,2,103080,6369ff49-0b82-4722-b04f-ca5f529d1e82,0.14,false,false,near_mint,en,USD,2026-04-17T07:20:51.865Z
Bulk,binder,Eternal Taskmaster,WAR,War of the Spark,90,normal,uncommon,2,44314,7789188e-5caa-4500-b3e4-bb95f7657903,0.09,false,false,near_mint,en,USD,2026-04-17T07:20:51.866Z
Bulk,binder,Honor the God-Pharaoh,WAR,War of the Spark,132,normal,common,1,44272,75844d13-74f5-4008-9bc6-2f6d04f378aa,0.2,false,false,near_mint,en,USD,2026-04-17T07:20:51.867Z
Bulk,binder,"Angrath, Captain of Chaos",WAR,War of the Spark,227,normal,uncommon,3,44177,aa3a4cb5-945e-4caf-8a18-1ef977879fe8,0.31,false,false,near_mint,en,USD,2026-04-17T07:20:51.868Z
Bulk,binder,Grim Initiate,WAR,War of the Spark,130,normal,common,1,44274,29b6ec9d-3861-48bf-a198-dc7efba5d89c,0.17,false,false,near_mint,en,USD,2026-04-17T07:20:51.869Z
Bulk,binder,Vizier of the Scorpion,WAR,War of the Spark,111,normal,uncommon,2,44293,2444c7dc-7aa1-4476-8660-19d26607306d,0.31,false,false,near_mint,en,USD,2026-04-17T07:20:51.870Z
Bulk,binder,Eternal Skylord,DRC,Aetherdrift Commander,76,normal,uncommon,2,103218,ab5b3aba-8542-4157-b6b6-265611a2a52f,0.24,false,false,near_mint,en,USD,2026-04-17T07:20:51.871Z
Bulk,binder,Dreadhorde Twins,WAR,War of the Spark,126,normal,uncommon,2,44278,82017bf6-352f-4e81-8fd5-c1b0daf05b01,0.14,false,false,near_mint,en,USD,2026-04-17T07:20:51.872Z
Bulk,binder,Widespread Brutality,WAR,War of the Spark,226,normal,rare,2,44178,97715d22-f432-4f67-b4ea-47b8fe6edca5,0.66,false,false,near_mint,en,USD,2026-04-17T07:20:51.873Z
Bulk,binder,Lazotep Plating,WAR,War of the Spark,59,normal,uncommon,2,44345,f03b5405-6016-405b-a504-a454731b9276,0.45,false,false,near_mint,en,USD,2026-04-17T07:20:51.875Z
Bulk,binder,Bleeding Edge,WAR,War of the Spark,78,normal,uncommon,2,44326,ac82422c-8ac8-4fbb-b9b9-d0aa23dded61,0.23,false,false,near_mint,en,USD,2026-04-17T07:20:51.876Z
Bulk,binder,Cursecloth Wrappings,DFT,Aetherdrift,81,normal,rare,1,103287,d5803b32-4a81-46c2-9b10-3198a709611d,0.39,false,false,near_mint,en,USD,2026-04-17T07:20:51.877Z
Bulk,binder,Gorbag of Minas Morgul,LTR,The Lord of the Rings: Tales of Middle-earth,86,normal,uncommon,1,83097,58aafdb6-1c8c-4fc4-a52e-3e601be7fb0c,0.2,false,false,near_mint,en,USD,2026-04-17T07:20:51.878Z
Bulk,binder,"Gothmog, Morgul Lieutenant",LTR,The Lord of the Rings: Tales of Middle-earth,87,normal,uncommon,1,83353,a1c10e93-88eb-46b9-8adc-583661807990,0.19,false,false,near_mint,en,USD,2026-04-17T07:20:51.879Z
Bulk,binder,The Mouth of Sauron,LTR,The Lord of the Rings: Tales of Middle-earth,216,normal,uncommon,1,83201,76a88814-aa30-4297-b338-3d851bfe7256,0.15,false,false,near_mint,en,USD,2026-04-17T07:20:51.880Z
Bulk,binder,Dunland Crebain,LTR,The Lord of the Rings: Tales of Middle-earth,82,normal,common,1,83160,695c05ab-e46e-46c7-bd2e-ef0b2307e449,0.18,false,false,near_mint,en,USD,2026-04-17T07:20:51.881Z
Bulk,binder,Obelisk of Grixis,E01,Archenemy: Nicol Bolas,88,normal,common,1,4838,1bf29333-2fe4-4bd3-855b-8eef8d14c5d6,0.3,false,false,near_mint,en,USD,2026-04-17T07:20:51.882Z
Bulk,binder,Herald of the Dreadhorde,WAR,War of the Spark,93,normal,common,1,44311,d7ae9cb7-a3af-4224-89a5-a72f4d09dacf,0.05,false,false,near_mint,en,USD,2026-04-17T07:20:51.883Z
Bulk,binder,Deceive the Messenger,LTR,The Lord of the Rings: Tales of Middle-earth,47,normal,common,1,83406,b2984bc6-7c12-46e4-8dd3-b23e29a7a7ec,0.17,false,false,near_mint,en,USD,2026-04-17T07:20:51.884Z
Bulk,binder,Treason of Isengard,LTR,The Lord of the Rings: Tales of Middle-earth,74,normal,common,1,83188,71f97505-c961-4890-acd0-32a63919ac2a,0.22,false,false,near_mint,en,USD,2026-04-17T07:20:51.885Z
Bulk,binder,Crush Dissent,WAR,War of the Spark,47,normal,common,1,44357,94c70f23-0ca9-425e-a53a-6c09921c0075,0.18,false,false,near_mint,en,USD,2026-04-17T07:20:51.886Z
Bulk,binder,Relentless Advance,WAR,War of the Spark,64,normal,common,1,44340,4258e242-91c6-4b30-86ec-7759705aa97c,0.09,false,false,near_mint,en,USD,2026-04-17T07:20:51.887Z
Bulk,binder,Toll of the Invasion,WAR,War of the Spark,108,normal,common,1,44296,4471c2a5-aa2c-47e2-8238-1eb366c8adc9,0.08,false,false,near_mint,en,USD,2026-04-17T07:20:51.888Z
Bulk,binder,"Sauron, Lord of the Rings",LTC,Tales of Middle-earth Commander,4,normal,mythic,1,83674,fc53dec0-79fe-4f6f-9d5b-cf298588e808,0.54,false,false,near_mint,en,USD,2026-04-17T07:20:51.889Z
Bulk,binder,Ninja Pizza,TMC,Teenage Mutant Ninja Turtles Eternal,32,normal,rare,1,111275,74c24ff9-d3d2-4ffb-bf8b-dba803481a99,3.32,false,false,near_mint,en,USD,2026-04-17T07:20:51.890Z
Bulk,binder,Bristlebud Farmer,BIG,The Big Score,17,normal,mythic,1,93877,d498c4de-5e80-4baa-9fcb-70f164880c84,0.99,false,false,near_mint,en,USD,2026-04-17T07:20:51.891Z
Bulk,binder,Heaped Harvest,BLB,Bloomburrow,175,normal,common,1,96255,3b5349db-0e0a-4b15-886e-0db403ef49cb,0.19,false,false,near_mint,en,USD,2026-04-17T07:20:51.892Z
Bulk,binder,Origin of Metalbending,TLA,Avatar: The Last Airbender,187,normal,common,2,109400,25749f9a-260d-4bdc-bd28-429c12faa4a5,0.23,false,false,near_mint,en,USD,2026-04-17T07:20:51.893Z
Bulk,binder,"The Boulder, Ready to Rumble",TLA,Avatar: The Last Airbender,168,normal,uncommon,1,109826,ec27a466-5457-44c6-a842-1de7d3788d66,0.24,false,false,near_mint,en,USD,2026-04-17T07:20:51.894Z
Bulk,binder,"Toph, the Blind Bandit",TLA,Avatar: The Last Airbender,198,normal,uncommon,2,108314,ff68fa7b-8065-407b-a8b4-bfbb14f1c99c,0.25,false,false,near_mint,en,USD,2026-04-17T07:20:51.895Z
Bulk,binder,Earth Rumble,TLA,Avatar: The Last Airbender,174,normal,uncommon,3,108218,62730505-56f1-4043-a8b9-4fb7bc508b47,0.19,false,false,near_mint,en,USD,2026-04-17T07:20:51.896Z
Bulk,binder,Eager Trufflesnout,FDN,Foundations,102,normal,uncommon,3,100940,a6e8433d-eb2a-43d1-b59b-7d70ff97c8e7,0.07,false,false,near_mint,en,USD,2026-04-17T07:20:51.898Z
Bulk,binder,The Art of Tea,TLE,Avatar: The Last Airbender Eternal,129,normal,common,1,109642,1897db0c-db6d-4018-bf2a-9221bb0d6e61,0.24,false,false,near_mint,en,USD,2026-04-17T07:20:51.899Z
Bulk,binder,Stew the Coneys,LTR,The Lord of the Rings: Tales of Middle-earth,189,normal,uncommon,1,83455,bcc7c41c-f416-457e-91ba-1f338f45eeac,0.2,false,false,near_mint,en,USD,2026-04-17T07:20:51.900Z
Bulk,binder,Bumi's Feast Lecture,TLE,Avatar: The Last Airbender Eternal,133,normal,uncommon,1,109831,f29ba4cb-112a-4065-883b-94d1e154b83f,0.33,false,false,near_mint,en,USD,2026-04-17T07:20:51.901Z
Bulk,binder,Hollow Scavenger // Bakery Raid,WOE,Wilds of Eldraine,174,normal,common,1,85244,0ad345b6-7077-4dd2-b515-c774a3185fe4,0.22,false,false,near_mint,en,USD,2026-04-17T07:20:51.902Z
Bulk,binder,Pippin's Bravery,LTR,The Lord of the Rings: Tales of Middle-earth,182,normal,common,1,83453,bc60dc65-6813-4d57-877b-df195ed00d00,0.2,false,false,near_mint,en,USD,2026-04-17T07:20:51.903Z
Bulk,binder,Unlucky Cabbage Merchant,TLA,Avatar: The Last Airbender,201,normal,uncommon,1,109374,0a838009-b115-4497-b35d-682e41ead7db,0.22,false,false,near_mint,en,USD,2026-04-17T07:20:51.904Z
Bulk,binder,"Bosco, Just a Bear",TLE,Avatar: The Last Airbender Eternal,132,normal,uncommon,1,109814,dfb85545-22d0-4265-94e2-8805d2ccf0f8,0.27,false,false,near_mint,en,USD,2026-04-17T07:20:51.905Z
Bulk,binder,Peregrin Took,LTR,The Lord of the Rings: Tales of Middle-earth,315,normal,uncommon,1,83673,fbbdd288-83ec-4be9-b55f-17771fd5ecc4,0.36,false,false,near_mint,en,USD,2026-04-17T07:20:51.906Z
Bulk,binder,Spinewoods Armadillo,OTJ,Outlaws of Thunder Junction,182,normal,uncommon,1,93429,f79d63e7-a8c6-4750-91c9-c575a4d0561b,0.07,false,false,near_mint,en,USD,2026-04-17T07:20:51.908Z
Bulk,binder,Rebellious Captives,TLA,Avatar: The Last Airbender,191,normal,common,3,108293,e64a4a8b-323c-4c8b-92af-1a3295799e65,0.15,false,false,near_mint,en,USD,2026-04-17T07:20:51.909Z
Bulk,binder,"Haru, Hidden Talent",TLA,Avatar: The Last Airbender,182,normal,uncommon,2,108248,9657a0c0-2c26-4331-8e62-f032265a01af,0.24,false,false,near_mint,en,USD,2026-04-17T07:20:51.910Z
Bulk,binder,Foggy Swamp Vinebender,TLA,Avatar: The Last Airbender,180,normal,common,3,109727,78a75317-94f7-47a4-b4da-5a027fa73248,0.15,false,false,near_mint,en,USD,2026-04-17T07:20:51.911Z
Bulk,binder,The Cabbage Merchant,TLE,Avatar: The Last Airbender Eternal,134,normal,rare,1,108113,2fea0356-6684-4730-9eb4-0262856bc1f9,22.43,false,false,near_mint,en,USD,2026-04-17T07:20:51.912Z
Bulk,binder,Talisman of Creativity,TDC,Tarkir: Dragonstorm Commander,330,normal,uncommon,1,104926,bfe00640-e775-4b2e-91a8-081c7ec0125c,3.83,false,false,near_mint,en,USD,2026-04-17T07:20:51.913Z
Bulk,binder,Snakeskin Veil,FDN,Foundations,233,normal,uncommon,1,100645,6cc4c21d-9bdc-4490-9203-17f51db0ddd1,0.3,false,false,near_mint,en,USD,2026-04-17T07:20:51.915Z
Bulk,binder,Thriving Moor,ECC,Lorwyn Eclipsed Commander,174,normal,common,2,110518,672eed05-1392-40ff-aa6f-2aac74d28ae9,0.28,false,false,near_mint,en,USD,2026-04-17T07:20:51.916Z
Bulk,binder,Mnemonic Betrayal,GRN,Guilds of Ravnica,189,normal,mythic,1,294,a5cf45aa-ed34-4add-a2ec-fc11f8c15ffa,9.96,false,false,near_mint,en,USD,2026-04-17T07:20:51.917Z
Bulk,binder,"Giada, Font of Hope",FDN,Foundations,141,normal,rare,1,100804,8ae6fc26-cfad-4da8-98d9-49c27c24d293,0.41,false,false,near_mint,en,USD,2026-04-17T07:20:51.918Z
Bulk,binder,Swiftfoot Boots,TDC,Tarkir: Dragonstorm Commander,328,normal,uncommon,2,104473,1969b151-3192-4d35-80ca-c4e180601ec8,1.96,false,false,near_mint,en,USD,2026-04-17T07:20:51.919Z
Bulk,binder,Fleeting Flight,FDN,Foundations,13,normal,common,1,101513,55139100-9342-41fd-b10a-8e9932e605d4,0.08,false,false,near_mint,en,USD,2026-04-17T07:20:51.920Z
Bulk,binder,Terminal Agony,OTP,Breaking News,55,normal,uncommon,1,93409,ebccedbd-558c-419d-a18f-8751afd937b2,0.09,false,false,near_mint,en,USD,2026-04-17T07:20:51.921Z
Bulk,binder,"Rakdos, the Muscle",OTJ,Outlaws of Thunder Junction,226,normal,mythic,1,93323,bb34babd-1b85-4a7d-a066-a8337805056e,0.91,false,false,near_mint,en,USD,2026-04-17T07:20:51.922Z
Bulk,binder,Map the Frontier,OTJ,Outlaws of Thunder Junction,170,normal,uncommon,1,93057,165f4428-e1a1-477d-bd90-138189e88163,0.3,false,false,near_mint,en,USD,2026-04-17T07:20:51.923Z
Bulk,binder,Slick Sequence,OTJ,Outlaws of Thunder Junction,233,normal,uncommon,2,93329,beb1c974-0d35-4e9f-a310-44eb2af64494,0.23,false,false,near_mint,en,USD,2026-04-17T07:20:51.924Z
Bulk,binder,Take Up the Shield,OTJ,Outlaws of Thunder Junction,34,normal,common,1,93224,76a31968-ba6d-4c01-838f-4cb8c64e73fb,0.19,false,false,near_mint,en,USD,2026-04-17T07:20:51.925Z
Bulk,binder,Fake Your Own Death,FDN,Foundations,174,normal,common,3,101539,693635a6-df50-44c5-9598-0c79b45d4df4,0.28,false,false,near_mint,en,USD,2026-04-17T07:20:51.926Z
Bulk,binder,Inquisitive Glimmer,DSK,Duskmourn: House of Horror,217,normal,uncommon,1,98752,f1f66e3e-9f1f-4601-aa30-30b66805a5a8,0.31,false,false,near_mint,en,USD,2026-04-17T07:20:51.927Z
Bulk,binder,Pacifism,M20,Core Set 2020,32,normal,common,1,45429,31279d7c-5246-40b2-a8c7-0be4a5f24a29,0.22,false,false,near_mint,en,USD,2026-04-17T07:20:51.928Z
Bulk,binder,Make Your Move,FDN,Foundations,143,normal,common,1,101546,7368f861-3288-4645-90a7-ca35d6da3721,0.08,false,false,near_mint,en,USD,2026-04-17T07:20:51.929Z
Bulk,binder,Eutropia the Twice-Favored,THB,Theros Beyond Death,216,normal,uncommon,1,46846,c2159949-3d21-448d-bc34-a3dbaf219476,0.09,false,false,near_mint,en,USD,2026-04-17T07:20:51.930Z
Bulk,binder,What Must Be Done,ACR,Assassin's Creed,11,normal,rare,1,95547,fe034544-e13f-45fc-ae43-83d0f399ed33,0.26,false,false,near_mint,en,USD,2026-04-17T07:20:51.931Z
Bulk,binder,Platoon Dispenser,BRO,The Brothers' War,36,normal,mythic,1,75528,6c4825e3-c549-4bcb-84b5-2d0782c5c4e5,0.58,false,false,near_mint,en,USD,2026-04-17T07:20:51.933Z
Bulk,binder,Disenchant,FDN,Foundations,572,normal,common,1,100709,7ac43e16-8b14-46f2-877a-600ea918766b,0.11,false,false,near_mint,en,USD,2026-04-17T07:20:51.934Z
Bulk,binder,Sword of the Meek,BRR,The Brothers' War Retro Artifacts,59,normal,rare,1,75560,7668aaf3-194b-49f4-9f79-e51e89e8f2f8,0.39,false,false,near_mint,en,USD,2026-04-17T07:20:51.935Z
Bulk,binder,Mass Production,BRO,The Brothers' War,15,normal,uncommon,1,75502,640a08b7-dd30-446e-a8a7-2e084bbb9586,0.06,false,false,near_mint,en,USD,2026-04-17T07:20:51.937Z
Bulk,binder,Tocasia's Welcome,TDC,Tarkir: Dragonstorm Commander,135,normal,rare,1,104968,cf3805a6-7892-454c-a009-1e385543729d,3.81,false,false,near_mint,en,USD,2026-04-17T07:20:51.938Z
Bulk,binder,"Elspeth, Knight-Errant",SLD,Secret Lair Drop,1001,normal,mythic,1,69965,25cfc62a-2bd0-4292-968e-64c77f427f78,13.42,false,false,near_mint,en,USD,2026-04-17T07:20:51.939Z
Bulk,binder,Planar Cleansing,M20,Core Set 2020,33,normal,rare,1,45428,5eddac86-947e-48c1-9f02-4634a7918c98,0.29,false,false,near_mint,en,USD,2026-04-17T07:20:51.940Z
Bulk,binder,Cut a Deal,CLB,Commander Legends: Battle for Baldur's Gate,14,normal,uncommon,1,68848,0d846a4d-da81-41e0-89a9-6685c821dbb4,0.34,false,false,near_mint,en,USD,2026-04-17T07:20:51.941Z
Bulk,binder,Static Snare,TDM,Tarkir: Dragonstorm,26,normal,uncommon,1,104478,1ce50932-03a6-48bc-8aee-bc8defd896cf,0.09,false,false,near_mint,en,USD,2026-04-17T07:20:51.942Z
Bulk,binder,Serra Redeemer,BLB,Bloomburrow,387,normal,rare,1,96008,230b9aef-bd9c-4332-ace4-b5b065bac6d8,0.24,false,false,near_mint,en,USD,2026-04-17T07:20:51.943Z
Bulk,binder,Captain's Call,CMR,Commander Legends,15,normal,common,1,55827,ac907330-492d-4705-bb8a-1fdb080632e1,0.13,false,false,near_mint,en,USD,2026-04-17T07:20:51.944Z
Bulk,binder,Maskwood Nexus,DRC,Aetherdrift Commander,132,normal,rare,1,103265,c6f2c543-9b01-4760-966a-f0609c24f53e,1.19,false,false,near_mint,en,USD,2026-04-17T07:20:51.945Z
Bulk,binder,Moogles' Valor,FIN,Final Fantasy,27,normal,rare,1,106295,caa838a7-60a9-4791-af5b-194f7574c4c8,0.7,false,false,near_mint,en,USD,2026-04-17T07:20:51.946Z
Bulk,binder,Fire Nation Sentinels,TLE,Avatar: The Last Airbender Eternal,230,normal,rare,1,108202,4a08c7c4-d20f-4c5b-a308-b8c84c9030a9,0.36,false,false,near_mint,en,USD,2026-04-17T07:20:51.947Z
Bulk,binder,Cunning Evasion,MH1,Modern Horizons,45,normal,uncommon,1,44889,300a431c-48a9-4d63-8256-cb6bdaa67b4c,0.36,false,false,near_mint,en,USD,2026-04-17T07:20:51.948Z
Bulk,binder,"Kasmina, Enigmatic Mentor",WAR,War of the Spark,56,normal,uncommon,1,44348,c77d9454-a78c-4063-ad66-46b2f5a030aa,0.34,false,false,near_mint,en,USD,2026-04-17T07:20:51.949Z
Bulk,binder,Chaos Wand,OTC,Outlaws of Thunder Junction Commander,254,normal,rare,1,93671,67eb6ab9-d264-4ec6-9dac-3b16ee8c9ec0,0.38,false,false,near_mint,en,USD,2026-04-17T07:20:51.950Z
Bulk,binder,Covetous Urge,ELD,Throne of Eldraine,207,normal,uncommon,1,46131,f3b4871d-4d74-411b-88e0-9a9d386cafe1,0.07,false,false,near_mint,en,USD,2026-04-17T07:20:51.951Z
Bulk,binder,Loan Shark,OTJ,Outlaws of Thunder Junction,55,normal,common,1,93147,49f12760-ff07-4c9f-a7a9-1e64bd3a9adf,0.14,false,false,near_mint,en,USD,2026-04-17T07:20:51.953Z
Bulk,binder,Micromancer,FDN,Foundations,158,normal,uncommon,1,101274,e6af54ea-b57a-4e50-8e46-1747cca14430,0.19,false,false,near_mint,en,USD,2026-04-17T07:20:51.954Z
Bulk,binder,Bloodline Necromancer,LCC,The Lost Caverns of Ixalan Commander,185,normal,uncommon,1,88571,6b1e719c-4679-4cf0-8ca4-ae740eb0ba92,0.26,false,false,near_mint,en,USD,2026-04-17T07:20:51.955Z
Bulk,binder,Plains,FDN,Foundations,273,normal,common,1,97175,37edc4b5-75f5-4b43-a57e-a8192565a2a0,0.14,false,false,near_mint,en,USD,2026-04-17T07:20:51.956Z
Bulk,binder,Evolving Wilds,FDN,Foundations,262,normal,common,1,100376,3a0b9356-5b91-4542-8802-f0f7275238e1,0.24,false,false,near_mint,en,USD,2026-04-17T07:20:51.957Z
Bulk,binder,Abraded Bluffs,OTJ,Outlaws of Thunder Junction,251,normal,common,2,93074,19e96521-b4ce-4a36-a887-200e05ccc804,0.3,false,false,near_mint,en,USD,2026-04-17T07:20:51.958Z
Bulk,binder,Hall of Heliod's Generosity,DSC,Duskmourn: House of Horror Commander,283,normal,rare,1,99403,f08dfd99-59fa-4a6c-bd69-c647f639de4d,8.49,false,false,near_mint,en,USD,2026-04-17T07:20:51.959Z
Bulk,binder,Oasis Gardener,OTJ,Outlaws of Thunder Junction,246,normal,common,1,93411,ee0dc663-4bfb-46d4-af79-d0143c799487,0.09,false,false,near_mint,en,USD,2026-04-17T07:20:51.960Z
Bulk,binder,Millstone,M19,Core Set 2019,242,normal,uncommon,1,1070,c2051fd0-99cf-4e11-a625-8294e6767e5b,0.08,false,false,near_mint,en,USD,2026-04-17T07:20:51.961Z
Bulk,binder,Commence the Endgame,WAR,War of the Spark,45,normal,rare,2,44359,209d70a2-c8c1-4072-ab1f-57804b55a09a,0.27,false,false,near_mint,en,USD,2026-04-17T07:20:51.856Z
Bulk,binder,The Aesir Escape Valhalla,ACR,Assassin's Creed,39,normal,uncommon,2,95328,2efbcea0-53ba-444d-b2e0-6d184f945f92,0.27,false,false,near_mint,en,USD,2026-04-17T07:20:51.907Z
Bulk,binder,"Exdeath, Void Warlock // Neo Exdeath, Dimension's End",FIN,Final Fantasy,220,normal,uncommon,1,106520,1b4bab87-4000-461d-8b58-d34928fee305,0.13,false,false,near_mint,en,USD,2026-04-17T07:47:24.799Z
Bulk,binder,Golgari Charm,UMA,Ultimate Masters,201,normal,uncommon,1,43316,9d467e61-bbec-4cea-bd5d-f10555910c9d,1.4,false,false,near_mint,en,USD,2026-04-17T07:47:24.800Z
Bulk,binder,Reanimate,DSC,Duskmourn: House of Horror Commander,155,normal,rare,1,99098,368b6903-5fc4-43e7-bd44-46b8107c8bb4,9.14,false,false,near_mint,en,USD,2026-04-17T07:47:24.801Z
Bulk,binder,Altar of Dementia,MH1,Modern Horizons,218,normal,rare,1,44716,169356e0-46dc-4096-8e66-36726454f104,17.92,false,false,near_mint,en,USD,2026-04-17T07:47:24.802Z
Bulk,binder,"Doc Aurlock, Grizzled Genius",OTJ,Outlaws of Thunder Junction,201,normal,uncommon,1,93209,6fc27b30-8c8e-434c-a72c-e1d409efc1ae,0.35,false,false,near_mint,en,USD,2026-04-17T07:47:24.803Z
Bulk,binder,Call of the Death-Dweller,IKO,Ikoria: Lair of Behemoths,78,normal,uncommon,1,49999,37e34017-0aeb-4a93-9edf-596bf3597a0e,0.32,false,false,near_mint,en,USD,2026-04-17T07:47:24.804Z
Bulk,binder,Galewind Moose,BLB,Bloomburrow,173,normal,uncommon,1,95871,58706bd8-558a-43b9-9f1e-c1ff0044203b,0.14,false,false,near_mint,en,USD,2026-04-17T07:47:24.805Z
Bulk,binder,Simic Growth Chamber,DSC,Duskmourn: House of Horror Commander,298,normal,uncommon,1,99076,212d97c5-c144-483b-b42e-00623477e928,0.31,false,false,near_mint,en,USD,2026-04-17T07:47:24.806Z
Bulk,binder,Chitin Gravestalker,DFT,Aetherdrift,79,normal,common,1,103575,903b4141-04a3-44c4-9d3e-aa2a773d9883,0.12,false,false,near_mint,en,USD,2026-04-17T07:47:24.807Z
Bulk,binder,Root Snare,M19,Core Set 2019,199,normal,common,1,1113,76b01fd2-139a-47ed-a8e3-021aa9c91b02,0.09,false,false,near_mint,en,USD,2026-04-17T07:47:24.808Z
Bulk,binder,"Midgar, City of Mako // Reactor Raid",FIN,Final Fantasy,286,normal,rare,1,106587,8a837256-6bb4-4a60-962d-d2793548d26c,2.44,false,false,near_mint,en,USD,2026-04-17T07:47:24.809Z
Bulk,binder,Summoner's Grimoire,FIN,Final Fantasy,205,normal,rare,1,105730,d9fda3fc-569d-49f8-a2ed-e0b1d6668426,0.31,false,false,near_mint,en,USD,2026-04-17T07:47:24.811Z
Bulk,binder,Cloud of Darkness,FIN,Final Fantasy,217,normal,uncommon,4,106614,a292094a-674a-401f-8776-ba5ebe57c946,0.12,false,false,near_mint,en,USD,2026-04-17T07:47:24.812Z
Bulk,binder,"Omega, Heartless Evolution",FIN,Final Fantasy,236,normal,uncommon,3,106604,9a8eb7e6-0c0b-42d0-aa90-2d3d29bc15aa,0.16,false,false,near_mint,en,USD,2026-04-17T07:47:24.813Z
Bulk,binder,Malanthrope,40K,"Warhammer 40,000 Commander",132,normal,rare,1,72313,28d4eb51-a6ec-488a-a79a-ec4676d7af52,0.39,false,false,near_mint,en,USD,2026-04-17T07:47:24.814Z
Bulk,binder,Wight of the Reliquary,MH3,Modern Horizons 3,207,normal,rare,1,94251,a15570c0-4210-4959-8584-987ec85f8283,1.46,false,false,near_mint,en,USD,2026-04-17T07:47:24.815Z
Bulk,binder,Satyr Wayfinder,EOC,Edge of Eternities Commander,106,normal,common,1,107087,8bbbe65d-7162-42fb-94ee-d835d6c3f02a,0.31,false,false,near_mint,en,USD,2026-04-17T07:47:24.816Z
Bulk,binder,Summon: Titan,FIN,Final Fantasy,204,normal,rare,1,106433,5ce6ea96-7293-496d-b9c8-8ed6d6109a4d,1.52,false,false,near_mint,en,USD,2026-04-17T07:47:24.817Z
Bulk,binder,"Spider-Rex, Daring Dino",SPM,Marvel's Spider-Man,116,normal,common,1,107636,5b6e0bea-f126-4adb-8808-901950a77c7b,0.2,false,false,near_mint,en,USD,2026-04-17T07:47:24.818Z
Bulk,binder,Mortality Spear,STX,Strixhaven: School of Mages,207,normal,uncommon,1,58381,f1f39fe7-dc12-49c9-80ac-4135dc1f8f08,0.26,false,false,near_mint,en,USD,2026-04-17T07:47:24.820Z
Bulk,binder,Undergrowth Leopard,TDM,Tarkir: Dragonstorm,165,normal,common,1,104307,67ab8f9a-b17c-452f-b4ef-a3f91909e3de,0.21,false,false,near_mint,en,USD,2026-04-17T07:47:24.821Z
Bulk,binder,Morbid Opportunist,TDC,Tarkir: Dragonstorm Commander,188,normal,uncommon,1,104677,5f0440bc-807a-4425-8707-e74f468b2ca7,0.29,false,false,near_mint,en,USD,2026-04-17T07:47:24.822Z
Bulk,binder,Al Bhed Salvagers,FIN,Final Fantasy,88,normal,uncommon,7,106278,58ccdcfc-a669-480f-bded-4273cfaf2045,0.18,false,false,near_mint,en,USD,2026-04-17T07:47:24.823Z
Bulk,binder,Insidious Roots,MKM,Murders at Karlov Manor,208,normal,uncommon,1,90648,0bb91a22-2040-4a37-85f8-5f22de8c5907,1.67,false,false,near_mint,en,USD,2026-04-17T07:47:24.825Z
Bulk,binder,"Eden, Seat of the Sanctum",FIN,Final Fantasy,355,normal,uncommon,1,106542,4786e79c-1e64-41bd-87f6-9a33110afa71,0.34,false,false,near_mint,en,USD,2026-04-17T07:47:24.826Z
Bulk,binder,Evolving Wilds,CLB,Commander Legends: Battle for Baldur's Gate,352,normal,common,1,69255,bbc8841a-0f6e-4078-a0b9-a4bda642182e,0.27,false,false,near_mint,en,USD,2026-04-17T07:47:24.827Z
Bulk,binder,Llanowar Wastes,EOC,Edge of Eternities Commander,165,normal,rare,1,107179,d9f0d724-3b77-4cf6-a745-a04aca743312,0.51,false,false,near_mint,en,USD,2026-04-17T07:47:24.828Z
Bulk,binder,Arcane Signet,FIC,Final Fantasy Commander,335,normal,common,1,105924,4c861c4c-0520-46d9-b281-63a1188417dc,0.57,false,false,near_mint,en,USD,2026-04-17T07:47:24.829Z
Bulk,binder,Command Tower,EOC,Edge of Eternities Commander,59,normal,common,1,107080,85eb4b03-305b-45a4-82e5-5fcd586cc744,0.37,false,false,near_mint,en,USD,2026-04-17T07:47:24.831Z
Bulk,binder,Lush Oasis,M3C,Modern Horizons 3 Commander,356,normal,common,1,95013,ba0932e2-30da-478d-b295-40db01556eb0,0.24,false,false,near_mint,en,USD,2026-04-17T07:47:24.832Z
Bulk,binder,Thornwood Falls,40K,"Warhammer 40,000 Commander",302,normal,common,1,72340,3ed70d84-d5f5-48ec-bbd9-08d0377c3e17,0.22,false,false,near_mint,en,USD,2026-04-17T07:47:24.833Z
Bulk,binder,Temple of Mystery,40K,"Warhammer 40,000 Commander",299,normal,rare,1,72399,659c3062-2a60-4186-a531-0d29b048804e,0.36,false,false,near_mint,en,USD,2026-04-17T07:47:24.834Z
Bulk,binder,Magic Damper,FIN,Final Fantasy,61,normal,common,5,106540,44921b2e-5938-4f63-92b9-0b719a2f8c68,0.16,false,false,near_mint,en,USD,2026-04-17T07:47:24.837Z
Bulk,binder,Summon: Primal Odin,FIN,Final Fantasy,365,normal,rare,1,105727,d8117e64-6e43-4aa8-90df-c5b21fbb9182,6.46,false,false,near_mint,en,USD,2026-04-17T07:47:24.838Z
Bulk,binder,Fleshbag Marauder,DRC,Aetherdrift Commander,92,normal,uncommon,1,103333,ea3ac95f-23ad-4b05-bfbd-5de667c78ddc,0.11,false,false,near_mint,en,USD,2026-04-17T07:47:24.839Z
Bulk,binder,Town Greeter,FIN,Final Fantasy,209,normal,common,3,105610,49cd4efa-4df4-4257-9a42-60330f7781e2,0.19,false,false,near_mint,en,USD,2026-04-17T07:47:24.840Z
Bulk,binder,"Zodiark, Umbral God",FIN,Final Fantasy,128,normal,rare,1,105676,9ba292d5-5139-42ea-950d-0a638445277f,0.78,false,false,near_mint,en,USD,2026-04-17T07:47:24.842Z
Bulk,binder,The Gitrog Monster,EOC,Edge of Eternities Commander,117,normal,mythic,1,107007,40489e28-878d-44a2-847f-07beef1aa0f8,0.55,false,false,near_mint,en,USD,2026-04-17T07:47:24.843Z
Bulk,binder,Seedship Broodtender,EOE,Edge of Eternities,227,normal,uncommon,1,107379,1abc176f-2ccf-4371-b4b5-030dd99ff7fc,0.24,false,false,near_mint,en,USD,2026-04-17T07:47:24.844Z
Bulk,binder,Gate to the Afterlife,DRC,Aetherdrift Commander,130,normal,uncommon,1,103023,4949afaa-e512-4d2e-aeca-a3e4d37b1335,0.17,false,false,near_mint,en,USD,2026-04-17T07:47:24.845Z
Bulk,binder,"Skullbriar, the Walking Grave",2X2,Double Masters 2022,277,normal,rare,1,70169,3dd0bf11-4e43-43f1-82e3-755beed0ede0,2.4,false,false,near_mint,en,USD,2026-04-17T07:47:24.846Z
Bulk,binder,Evil Reawakened,FIN,Final Fantasy,98,normal,uncommon,5,106300,eb98cbc3-749c-44f4-974c-00be1286d69e,0.19,false,false,near_mint,en,USD,2026-04-17T07:47:24.847Z
Bulk,binder,Emet-Selch of the Third Seat,FIC,Final Fantasy Commander,81,normal,rare,1,105734,dd3141de-633e-48e3-a89f-a91339f5e882,0.4,false,false,near_mint,en,USD,2026-04-17T07:47:24.848Z
Bulk,binder,Nightblade Brigade,TDM,Tarkir: Dragonstorm,85,normal,common,1,105134,648debd9-d4cf-4788-8882-f1601a3d87f5,0.08,false,false,near_mint,en,USD,2026-04-17T07:47:24.850Z
Bulk,binder,Scavenger's Talent,BLB,Bloomburrow,111,normal,rare,1,96084,9a52b7fe-87ae-425b-85fd-b24e6e0395f1,0.58,false,false,near_mint,en,USD,2026-04-17T07:47:24.852Z
Bulk,binder,Ninja's Blades,FIN,Final Fantasy,108,normal,rare,4,106620,a6b5af82-3646-44f9-ac12-1d7fa698f037,0.77,false,false,near_mint,en,USD,2026-04-17T07:47:24.853Z
Bulk,binder,Quistis Trepe,FIN,Final Fantasy,66,normal,uncommon,4,106279,61784cbd-92e9-43c7-a1a8-4004b1bf4dae,0.19,false,false,near_mint,en,USD,2026-04-17T07:47:24.854Z
Bulk,binder,Dakmor Salvage,EOC,Edge of Eternities Commander,156,normal,uncommon,1,107057,72474b66-1dda-409d-8703-b026c1777081,0.29,false,false,near_mint,en,USD,2026-04-17T07:47:24.855Z
Bulk,binder,Bond of Insight,WAR,War of the Spark,43,normal,uncommon,1,44361,648629af-e911-49e1-b564-c98f339b84a1,0.35,false,false,near_mint,en,USD,2026-04-17T07:47:24.856Z
Bulk,binder,Portent of Calamity,BLB,Bloomburrow,66,normal,rare,1,96073,8599e2dd-9164-4da3-814f-adccef3b9497,0.21,false,false,near_mint,en,USD,2026-04-17T07:47:24.858Z
Bulk,binder,Festerleech,MKM,Murders at Karlov Manor,85,normal,uncommon,1,91017,83a6fa37-8351-403b-ae05-b67e9bf74bbb,0.13,false,false,near_mint,en,USD,2026-04-17T07:47:24.859Z
Bulk,binder,Blanchwood Prowler,BRO,The Brothers' War,172,normal,common,2,75661,9c6988b6-ade0-4cd5-b27c-146e5e7ae91f,0.15,false,false,near_mint,en,USD,2026-04-17T07:47:24.862Z
Bulk,binder,Leaves from the Vine,TLA,Avatar: The Last Airbender,185,normal,uncommon,3,109520,b18995c2-efe3-46ca-8204-e2dc0e42f6e3,0.15,false,false,near_mint,en,USD,2026-04-17T07:47:24.863Z
Bulk,binder,Cache Grab,BLB,Bloomburrow,167,normal,common,1,95842,dfd977dc-a7c3-4d0a-aca7-b25bd154e963,0.17,false,false,near_mint,en,USD,2026-04-17T07:47:24.864Z
Bulk,binder,Scout the City,SPM,Marvel's Spider-Man,113,normal,common,1,107653,90b9504d-d23d-402f-8b16-1964ebd8f6b9,0.24,false,false,near_mint,en,USD,2026-04-17T07:47:24.866Z
Bulk,binder,Treefolk Umbra,MH1,Modern Horizons,185,normal,common,1,44749,677166cf-4e1e-43ac-a67b-afaf33c0d14e,0.24,false,false,near_mint,en,USD,2026-04-17T07:47:24.867Z
Bulk,binder,Winding Way,OTC,Outlaws of Thunder Junction Commander,213,normal,common,1,93874,d3340062-3071-4d8e-98f8-fd3343a011ad,1.32,false,false,near_mint,en,USD,2026-04-17T07:47:24.868Z
Bulk,binder,Chocobo Racetrack,FIN,Final Fantasy,179,normal,uncommon,1,106516,1565813b-6912-42f4-bae0-22136a2d6a92,0.27,false,false,near_mint,en,USD,2026-04-17T07:47:24.869Z
Bulk,binder,Ostrich-Horse,TLA,Avatar: The Last Airbender,188,normal,common,2,108215,5ca3fd45-9301-44ef-afc0-4d7999d66d36,0.12,false,false,near_mint,en,USD,2026-04-17T07:47:24.870Z
Bulk,binder,Colossal Badger // Dig Deep,CLB,Commander Legends: Battle for Baldur's Gate,223,normal,common,1,69011,4fe31ab9-d217-464e-96b1-d8a1ca6ad005,0.07,false,false,near_mint,en,USD,2026-04-17T07:47:24.871Z
Bulk,binder,Summon: Fat Chocobo,FIN,Final Fantasy,202,normal,common,2,106533,32eb192b-de6b-4814-8077-628d343d014e,0.18,false,false,near_mint,en,USD,2026-04-17T07:47:24.872Z
Bulk,binder,Summon: Anima,FIN,Final Fantasy,120,normal,uncommon,3,106356,aa4f6703-21f8-4c29-ad5a-5afb54188ade,0.14,false,false,near_mint,en,USD,2026-04-17T07:47:24.873Z
Bulk,binder,Haywire Mite,DSC,Duskmourn: House of Horror Commander,247,normal,uncommon,2,99088,286f4d3a-6b38-404f-aaea-a1d3694f4fe6,0.66,false,false,near_mint,en,USD,2026-04-17T07:47:24.874Z
Bulk,binder,Summon: Bahamut,FIN,Final Fantasy,1,normal,mythic,1,105670,95318d85-4a08-47ac-a43d-ea83c0bea81c,19.29,false,false,near_mint,en,USD,2026-04-17T07:47:24.875Z
Bulk,binder,Millikin,FIC,Final Fantasy Commander,352,normal,uncommon,1,105984,717b0d6b-fa62-46d2-a061-7161d3255c98,0.34,false,false,near_mint,en,USD,2026-04-17T07:47:24.876Z
Bulk,binder,Nessian Wanderer,CMM,Commander Masters,905,normal,uncommon,1,84105,1a4789a2-f201-4b05-954d-527d169de091,0.19,false,false,near_mint,en,USD,2026-04-17T07:47:24.877Z
Bulk,binder,Shriekwood Devourer,DSC,Duskmourn: House of Horror Commander,35,normal,rare,1,98908,bd73c214-f6b6-49e9-b6e8-af6b1f1fb0f0,0.35,false,false,near_mint,en,USD,2026-04-17T07:47:24.878Z
Bulk,binder,"Eden, Seat of the Sanctum",FIN,Final Fantasy,277,normal,uncommon,4,106674,e28eac1e-adc7-4f8d-b206-bef09ba07d38,0.16,false,false,near_mint,en,USD,2026-04-17T07:47:24.880Z
Bulk,binder,Command Tower,M3C,Modern Horizons 3 Commander,331,normal,common,1,94722,27e36832-09ca-4070-8511-94580014c3ed,0.34,false,false,near_mint,en,USD,2026-04-17T07:47:24.883Z
Bulk,binder,Maestros Theater,EOC,Edge of Eternities Commander,167,normal,common,1,107175,d4087ba6-8227-4ec3-a989-0833ad6c8788,0.33,false,false,near_mint,en,USD,2026-04-17T07:47:24.885Z
Bulk,binder,Evolving Wilds,BRO,The Brothers' War,261,normal,common,3,75344,238de888-b1bd-4cce-9aa2-d0dd69ae7f0d,0.13,false,false,near_mint,en,USD,2026-04-17T07:47:24.886Z
Bulk,binder,Dimir Guildgate,C13,Commander 2013,284,normal,common,1,15102,deba1271-ca49-4318-b94a-7a6598807dc8,0.24,false,false,near_mint,en,USD,2026-04-17T07:47:24.887Z
Bulk,binder,Thriving Isle,TLE,Avatar: The Last Airbender Eternal,263,normal,common,1,108247,94f93e5f-dba0-4079-8e6a-dd5d6fe6afa4,0.15,false,false,near_mint,en,USD,2026-04-17T07:47:24.888Z
Bulk,binder,Thran Vigil,BRO,The Brothers' War,114,normal,uncommon,2,75406,3faed400-0712-4fc1-b710-144db40a5e11,0.3,false,false,near_mint,en,USD,2026-04-17T07:47:24.889Z
Bulk,binder,Defiled Crypt // Cadaver Lab,DSK,Duskmourn: House of Horror,91,normal,uncommon,1,99366,d94fb4da-0d3f-4d84-966b-914b84b23289,0.17,false,false,near_mint,en,USD,2026-04-17T07:47:24.890Z
Bulk,binder,"Vhal, Candlekeep Researcher",CLB,Commander Legends: Battle for Baldur's Gate,102,normal,uncommon,1,68996,46738fb3-ab5e-486c-b66a-1526ba1cdfa8,0.08,false,false,near_mint,en,USD,2026-04-17T07:47:24.891Z
Bulk,binder,Myrkul's Edict,CLB,Commander Legends: Battle for Baldur's Gate,135,normal,common,1,69219,adc7c427-aa31-4077-8397-74a9a3802ee7,0.17,false,false,near_mint,en,USD,2026-04-17T07:47:24.893Z
Bulk,binder,Pilfered Plans,MM3,Modern Masters 2017,178,normal,common,1,6035,c4628454-65f0-4cf7-82b5-3c33e0b3a705,0.14,false,false,near_mint,en,USD,2026-04-17T07:47:24.894Z
Bulk,binder,Ballad of the Black Flag,ACR,Assassin's Creed,13,normal,uncommon,1,95325,2d6b1b2f-903c-438c-baba-a3b3e60b1d4f,0.35,false,false,near_mint,en,USD,2026-04-17T07:47:24.895Z
Bulk,binder,Stargaze,BLB,Bloomburrow,114,normal,uncommon,1,95939,777fc599-8de7-44d2-8fdd-9bddf5948a0c,0.24,false,false,near_mint,en,USD,2026-04-17T07:47:24.896Z
Bulk,binder,Siren of the Silent Song,BNG,Born of the Gods,155,normal,uncommon,4,14805,990f4438-aa74-4460-8bac-93480d0bb0dc,0.25,false,false,near_mint,en,USD,2026-04-17T07:47:24.897Z
Bulk,binder,Sword Coast Sailor,CLB,Commander Legends: Battle for Baldur's Gate,98,normal,uncommon,1,69093,704f8ab7-63fd-4963-bacd-0076fffb34a1,0.16,false,false,near_mint,en,USD,2026-04-17T07:47:24.898Z
Bulk,binder,Shoreline Looter,BLB,Bloomburrow,70,normal,uncommon,1,95837,d5bf8cf0-419a-4dc9-9342-aad55c1af05a,0.27,false,false,near_mint,en,USD,2026-04-17T07:47:24.899Z
Bulk,binder,"Matoya, Archon Elder",FIN,Final Fantasy,62,normal,rare,1,105847,1dd61cf6-2fb5-4cff-ab00-7677ac85774c,0.57,false,false,near_mint,en,USD,2026-04-17T07:47:24.900Z
Bulk,binder,Gossip's Talent,BLB,Bloomburrow,51,normal,uncommon,1,95961,b299889a-03d6-4659-b0e1-f0830842e40f,0.2,false,false,near_mint,en,USD,2026-04-17T07:47:24.901Z
Bulk,binder,Cephalid Inkmage,FDN,Foundations,32,normal,uncommon,1,101040,b7e47680-18c7-4ffb-aac4-c5db6e7095ba,0.12,false,false,near_mint,en,USD,2026-04-17T07:47:24.902Z
Bulk,binder,Windrider Wizard,CMM,Commander Masters,134,normal,common,1,85023,ed0c2c48-146d-49f6-bc10-2eed733184b4,0.26,false,false,near_mint,en,USD,2026-04-17T07:47:24.905Z
Bulk,binder,Notion Rain,MKC,Murders at Karlov Manor Commander,217,normal,common,1,90381,66ed78c5-be23-4fcb-9143-e6574cd6ec68,0.16,false,false,near_mint,en,USD,2026-04-17T07:47:24.906Z
Bulk,binder,Louisoix's Sacrifice,FIN,Final Fantasy,59,normal,rare,1,106544,4a6976f2-0bd5-449a-8fcf-f5a732ce22c1,0.3,false,false,near_mint,en,USD,2026-04-17T07:47:24.907Z
Bulk,binder,Stop Cold,OTJ,Outlaws of Thunder Junction,72,normal,common,1,93288,9ff9c158-0080-427c-8cf9-0289011ea63e,0.08,false,false,near_mint,en,USD,2026-04-17T07:47:24.908Z
Bulk,binder,Infernal Grasp,ECC,Lorwyn Eclipsed Commander,77,normal,uncommon,1,110459,2430acb7-b371-4a03-88e7-0660a51836dd,0.37,false,false,near_mint,en,USD,2026-04-17T07:47:24.910Z
Bulk,binder,Solemn Simulacrum,TDC,Tarkir: Dragonstorm Commander,325,normal,rare,1,104953,cb1563a1-c8dc-4fcb-b9c8-e7432235d31e,0.29,false,false,near_mint,en,USD,2026-04-17T07:47:24.911Z
Bulk,binder,Diresight,BLB,Bloomburrow,91,normal,common,1,95985,fada29c0-5293-40a4-b36d-d073ee99e650,0.26,false,false,near_mint,en,USD,2026-04-17T07:47:24.915Z
Bulk,binder,Appendage Amalgam,DSK,Duskmourn: House of Horror,83,normal,common,1,98919,d16b3cf3-7b85-4153-b25a-e6b5fce725cf,0.04,false,false,near_mint,en,USD,2026-04-17T07:47:24.916Z
Bulk,binder,Desperate Bloodseeker,OTJ,Outlaws of Thunder Junction,86,normal,common,1,93295,a59da027-b5dd-4920-b3a1-9da05fcb1977,0.15,false,false,near_mint,en,USD,2026-04-17T07:47:24.917Z
Bulk,binder,Gutless Plunderer,FDN,Foundations,60,normal,common,1,101567,909d7778-c7f8-4fa4-89f2-8b32e86e96e4,0.08,false,false,near_mint,en,USD,2026-04-17T07:47:24.918Z
Bulk,binder,Ransack the Lab,MH1,Modern Horizons,103,normal,common,1,44831,b547513d-8b69-41cd-84c9-4b08b6426f1d,0.09,false,false,near_mint,en,USD,2026-04-17T07:47:24.919Z
Bulk,binder,Funeral Rites,THB,Theros Beyond Death,97,normal,common,1,46965,30aa6796-0cb6-426b-9e3f-4d7e4959a6a4,0.13,false,false,near_mint,en,USD,2026-04-17T07:47:24.920Z
Bulk,binder,Scion of Halaster,CLB,Commander Legends: Battle for Baldur's Gate,145,normal,common,1,69286,c876f9b3-b4f6-4177-9c43-443ae2a028d0,0.06,false,false,near_mint,en,USD,2026-04-17T07:47:24.921Z
Bulk,binder,Retrieve the Esper,FIN,Final Fantasy,68,normal,common,5,106301,ebd733f0-8883-434a-b36c-ef76b091fe8e,0.08,false,false,near_mint,en,USD,2026-04-17T07:47:24.922Z
Bulk,binder,Finale of Eternity,WAR,War of the Spark,91,normal,mythic,1,44313,85c60177-8b71-4e24-87e7-395d5e4f93ff,0.78,false,false,near_mint,en,USD,2026-04-17T07:47:24.924Z
Bulk,binder,The Warring Triad,FIC,Final Fantasy Commander,99,normal,rare,1,106064,99fd1cd5-4740-4a0f-b773-3d3b66861d77,0.84,false,false,near_mint,en,USD,2026-04-17T07:47:24.925Z
Bulk,binder,Thought Erasure,GRN,Guilds of Ravnica,206,normal,uncommon,1,277,7ce226ad-cb1d-47f5-90fc-27704e181884,0.2,false,false,near_mint,en,USD,2026-04-17T07:47:24.926Z
Bulk,binder,The Final Days,FIN,Final Fantasy,101,normal,uncommon,1,106641,bbf01770-6d0f-4015-b4b4-a74a53cb767a,0.12,false,false,near_mint,en,USD,2026-04-17T07:47:24.927Z
Bulk,binder,Mysterio's Phantasm,SPM,Marvel's Spider-Man,38,normal,common,1,108643,79aa0a78-80a2-44be-8a79-92bcba9c040f,0.05,false,false,near_mint,en,USD,2026-04-17T07:47:24.928Z
Bulk,binder,Billowing Shriekmass,FDN,Foundations,56,normal,uncommon,1,100711,7b3587a9-0667-4d53-807b-c437bcb1d7b3,0.07,false,false,near_mint,en,USD,2026-04-17T07:47:24.929Z
Bulk,binder,Ominous Roost,MID,Innistrad: Midnight Hunt,65,normal,uncommon,1,63462,daf2b49a-56f9-4093-960f-9ec7af8983b5,0.17,false,false,near_mint,en,USD,2026-04-17T07:47:24.933Z
Bulk,binder,Enhanced Surveillance,MKC,Murders at Karlov Manor Commander,102,normal,uncommon,1,90336,42e6f705-2af7-47c2-961a-cf4c02b29f21,0.31,false,false,near_mint,en,USD,2026-04-17T07:47:24.934Z
Bulk,binder,Strix Lookout,FDN,Foundations,52,normal,common,1,101627,fbd2422e-8e84-4c39-af29-3b4d38baee63,0.08,false,false,near_mint,en,USD,2026-04-17T07:47:24.935Z
Bulk,binder,"Fang, Fearless l'Cie",FIN,Final Fantasy,99,normal,uncommon,2,105759,f73a5cbb-905f-4b99-8d23-9d1b6bd47ee8,0.17,false,false,near_mint,en,USD,2026-04-17T07:47:24.936Z
Bulk,binder,"Xande, Dark Mage",FIN,Final Fantasy,561,normal,rare,1,105846,1caed9a8-b73b-470e-b9d8-8c3b7cac3eee,0.21,false,false,near_mint,en,USD,2026-04-17T07:47:24.938Z
Bulk,binder,Divert Disaster,EOE,Edge of Eternities,55,normal,common,1,107770,c5f7d2fe-628b-4493-8281-0e5f91ce5d61,0.21,false,false,near_mint,en,USD,2026-04-17T07:47:24.939Z
Bulk,binder,Annul,EOE,Edge of Eternities,46,normal,uncommon,1,107271,4feeebea-aa55-4599-ab5a-4e41a54d0dfd,0.28,false,false,near_mint,en,USD,2026-04-17T07:47:24.940Z
Bulk,binder,"Bria, Riptide Rogue",BLB,Bloomburrow,379,foil,mythic,1,91701,390c96b3-68da-4a42-89ab-d9ccc79ce0dd,28.19,false,false,near_mint,en,USD,2026-04-17T07:47:24.941Z
Bulk,binder,"Ral, Crackling Wit",BLB,Bloomburrow,341,normal,mythic,1,95805,8a74dbdd-5baa-4896-80d4-1a9743410d4c,13.8,false,false,near_mint,en,USD,2026-04-17T07:47:24.942Z
Bulk,binder,Pirate's Prize,XLN,Ixalan,68,normal,common,1,3944,48d97373-9b55-4eb7-99b6-8912f09bd0bb,0.26,false,false,near_mint,en,USD,2026-04-17T07:47:24.943Z
Bulk,binder,"Solphim, Mayhem Dominus",ONE,Phyrexia: All Will Be One,150,normal,mythic,1,78830,c3a0c7f3-7fb9-43de-a9af-96532c31e5ed,25.38,false,false,near_mint,en,USD,2026-04-17T07:47:24.944Z
Bulk,binder,Shivan Reef,EOC,Edge of Eternities Commander,179,normal,rare,1,107281,72bba14a-c813-49c8-bf73-f41e1bdc1099,0.32,false,false,near_mint,en,USD,2026-04-17T07:47:24.945Z
Bulk,binder,"Baron, Airship Kingdom",FIN,Final Fantasy,273,normal,common,4,106570,6e4bf840-802d-47d5-bffd-8ba495e19cf6,0.2,false,false,near_mint,en,USD,2026-04-17T07:47:24.946Z
Bulk,binder,Soul's Fire,CMR,Commander Legends,200,normal,common,1,55593,239a9f2e-145b-4f31-8128-4d376af1079d,0.12,false,false,near_mint,en,USD,2026-04-17T07:47:24.947Z
Bulk,binder,Izzet Locket,C19,Commander 2019,215,normal,common,1,45719,a32ecc71-b924-4414-94ee-c6cb0ba752e5,0.23,false,false,near_mint,en,USD,2026-04-17T07:47:24.948Z
Bulk,binder,Swiftwater Cliffs,FDN,Foundations,268,normal,common,4,101389,fb88667d-7088-4889-960f-317486ebe856,0.26,false,false,near_mint,en,USD,2026-04-17T07:47:24.949Z
Bulk,binder,Command Bridge,EOE,Edge of Eternities,252,normal,common,3,106926,247670d2-a7cd-4ed7-9c77-704c7962b815,0.26,false,false,near_mint,en,USD,2026-04-17T07:47:24.950Z
Bulk,binder,Enter the Enigma,DSK,Duskmourn: House of Horror,52,normal,common,1,99008,cf5479c7-9e46-4a57-abe7-8cc670de89e4,0.33,false,false,near_mint,en,USD,2026-04-17T07:47:24.952Z
Bulk,binder,Lightning Bolt,CLB,Commander Legends: Battle for Baldur's Gate,401,normal,common,1,67526,c69f668b-cf28-495a-bbe1-24e9d0089fa1,0.99,false,false,near_mint,en,USD,2026-04-17T07:47:24.953Z
Bulk,binder,Mana Geode,WAR,War of the Spark,241,normal,common,1,44163,17315a12-a7f8-45ba-ac3b-a62c789e75d0,0.26,false,false,near_mint,en,USD,2026-04-17T07:47:24.954Z
Bulk,binder,Mana Geyser,TDC,Tarkir: Dragonstorm Commander,223,normal,common,1,104919,bd69539a-d5df-47b4-9785-86e20a58c72b,1.93,false,false,near_mint,en,USD,2026-04-17T07:47:24.955Z
Bulk,binder,Opt,LTC,Tales of Middle-earth Commander,194,normal,common,1,83076,50ee44a3-09b5-491a-ba51-609756020a31,0.25,false,false,near_mint,en,USD,2026-04-17T07:47:24.957Z
Bulk,binder,Bane's Contingency,CLB,Commander Legends: Battle for Baldur's Gate,57,normal,uncommon,1,68884,19f81099-f657-4f7d-84ad-f472ae87d9c5,0.23,false,false,near_mint,en,USD,2026-04-17T07:47:24.958Z
Bulk,binder,Cori-Steel Cutter,TDM,Tarkir: Dragonstorm,103,normal,rare,1,104608,490eb213-9ae2-4b45-abec-6f1dfc83792a,4.62,false,false,near_mint,en,USD,2026-04-17T07:47:24.959Z
Bulk,binder,"Gale, Waterdeep Prodigy",CLB,Commander Legends: Battle for Baldur's Gate,72,normal,rare,1,69076,67edf31f-ed67-4617-bf73-28a939a232a7,0.39,false,false,near_mint,en,USD,2026-04-17T07:47:24.960Z
Bulk,binder,Preordain,LTC,Tales of Middle-earth Commander,196,normal,common,1,83179,6e681c39-aa00-4c6d-b077-affe3b90bed8,0.44,false,false,near_mint,en,USD,2026-04-17T07:47:24.961Z
Bulk,binder,Island,M21,Core Set 2021,263,normal,common,1,51090,fc9a66a1-367c-4035-a22e-00fab55be5a0,0.09,false,false,near_mint,en,USD,2026-04-17T07:47:24.962Z
Bulk,binder,Astrologian's Planisphere,FIN,Final Fantasy,46,normal,rare,2,106146,bfa4e927-1d6f-4a64-9801-7d168a5ef3f6,0.3,false,false,near_mint,en,USD,2026-04-17T07:47:24.963Z
Bulk,binder,Young Pyromancer,2X2,Double Masters 2022,364,normal,uncommon,1,70300,6f10099a-d256-44ec-a7a3-c93b27741d06,0.73,false,false,near_mint,en,USD,2026-04-17T07:47:24.964Z
Bulk,binder,Gravitic Punch,GRN,Guilds of Ravnica,105,normal,common,1,378,05fe0428-6e7d-49d4-9a29-80a3589f565a,0.19,false,false,near_mint,en,USD,2026-04-17T07:47:24.965Z
Bulk,binder,Stormcatch Mentor,BLB,Bloomburrow,234,normal,uncommon,1,95813,99754055-6d67-4fde-aff3-41f6af6ea764,0.38,false,false,near_mint,en,USD,2026-04-17T07:47:24.966Z
Bulk,binder,Storm the Vault // Vault of Catlacan,RIX,Rivals of Ixalan,173,normal,rare,1,2845,c16ba84e-a0cc-4c6c-9b80-713247b8fef9,6.56,false,false,near_mint,en,USD,2026-04-17T07:47:24.967Z
Bulk,binder,"Shantotto, Tactician Magician",FIN,Final Fantasy,241,normal,uncommon,3,105752,eff984b2-6ea9-4471-91c5-99c47f87f10b,0.11,false,false,near_mint,en,USD,2026-04-17T07:47:24.968Z
Bulk,binder,Izzet Charm,RVR,Ravnica Remastered,190,normal,uncommon,1,89572,15af0592-a1cb-4b1e-b051-dde978939706,0.3,false,false,near_mint,en,USD,2026-04-17T07:47:24.969Z
Bulk,binder,Memories Returning,FIN,Final Fantasy,331,normal,rare,1,106692,fb3c836d-8012-4591-ba4f-e6db6d59b974,0.75,false,false,near_mint,en,USD,2026-04-17T07:47:24.971Z
Bulk,binder,Mystic Retrieval,INR,Innistrad Remastered,77,normal,uncommon,1,102635,806e5536-103b-4d6c-83b4-8659a55b25b5,0.22,false,false,near_mint,en,USD,2026-04-17T07:47:24.972Z
Bulk,binder,Mountain,BLB,Bloomburrow,375,normal,common,1,96028,4b827c54-8bfe-4ef5-830e-e17b8690bbe7,0.22,false,false,near_mint,en,USD,2026-04-17T07:47:24.973Z
Bulk,binder,Rolling Earthquake,2XM,Double Masters,142,normal,rare,1,51913,69ab37d4-6ba3-404a-8162-f207874738ea,3.65,false,false,near_mint,en,USD,2026-04-17T07:47:24.974Z
Bulk,binder,Ral's Outburst,WAR,War of the Spark,212,normal,uncommon,1,44192,6be3dd3e-50d2-4729-9caa-b2cd984f4c97,0.13,false,false,near_mint,en,USD,2026-04-17T07:47:24.975Z
Bulk,binder,Brainstorm,FCA,Final Fantasy: Through the Ages,28,normal,uncommon,1,106148,c14f8bce-d5b3-4d01-8346-8a4923ec03d9,1.55,false,false,near_mint,en,USD,2026-04-17T07:47:24.976Z
Bulk,binder,Desperate Ritual,SLD,Secret Lair Drop,1984,normal,rare,1,106712,e7a32387-5faf-4f93-8cb2-d54bd7f1001b,12.68,false,false,near_mint,en,USD,2026-04-17T07:47:24.977Z
Bulk,binder,Frostboil Snarl,DRC,Aetherdrift Commander,158,normal,rare,1,103143,85ca1a50-7627-4a6e-aaf7-83761abc31b9,0.34,false,false,near_mint,en,USD,2026-04-17T07:47:24.978Z
Bulk,binder,Return the Favor,OTJ,Outlaws of Thunder Junction,142,normal,uncommon,1,93298,a9cc02d1-799d-42aa-9bc2-4c05452b63b4,2.35,false,false,near_mint,en,USD,2026-04-17T07:47:24.979Z
Bulk,binder,Mountain,DDS,Duel Decks: Mind vs. Might,33,normal,common,1,5910,cc9c1b6a-8fc9-4292-81a0-5cf423638c71,0.09,false,false,near_mint,en,USD,2026-04-17T07:47:24.980Z
Bulk,binder,Third Path Iconoclast,TDC,Tarkir: Dragonstorm Commander,307,normal,uncommon,1,104950,ca29f373-7051-4cbe-bda8-e711fda4f9bb,0.31,false,false,near_mint,en,USD,2026-04-17T07:47:24.982Z
Bulk,binder,Commander's Sphere,ECC,Lorwyn Eclipsed Commander,139,normal,common,1,110579,a0d50603-e31f-4cd7-b4b6-49847d99eb2e,0.34,false,false,near_mint,en,USD,2026-04-17T07:47:24.983Z
Bulk,binder,"Brudiclad, Telchor Engineer",M3C,Modern Horizons 3 Commander,257,normal,mythic,1,94806,c08f6c5d-f582-4628-b8e9-b6e93008fd11,0.39,false,false,near_mint,en,USD,2026-04-17T07:47:24.984Z
Bulk,binder,Professional Face-Breaker,M3C,Modern Horizons 3 Commander,216,normal,rare,1,94749,5d6789ac-934f-4591-a009-13faa453be05,5.11,false,false,near_mint,en,USD,2026-04-17T07:47:24.985Z
Bulk,binder,Queen Brahne,FIN,Final Fantasy,149,normal,uncommon,3,106414,c38c98bb-74c9-460f-9997-ea5c5f922347,0.19,false,false,near_mint,en,USD,2026-04-17T07:47:24.986Z
Bulk,binder,Temple of the False God,FIC,Final Fantasy Commander,438,normal,uncommon,1,106236,f1cb4775-8e14-4c83-a417-40d1432ac90a,0.28,false,false,near_mint,en,USD,2026-04-17T07:47:24.987Z
Bulk,binder,Temple of Epiphany,40K,"Warhammer 40,000 Commander",298,normal,rare,1,72386,5faecebe-1688-40e9-89a4-1a523a8bd8d6,0.35,false,false,near_mint,en,USD,2026-04-17T07:47:24.988Z
Bulk,binder,The Emperor of Palamecia // The Lord Master of Hell,FIN,Final Fantasy,219,normal,uncommon,1,105596,3d75e8fd-6139-4b10-9ce3-195b47d72e0c,0.25,false,false,near_mint,en,USD,2026-04-17T07:47:24.989Z
Bulk,binder,Runechanter's Pike,ISD,Innistrad,231,normal,rare,1,18667,0f54e38b-b4a0-4406-a635-7a5ab3722f25,0.26,false,false,near_mint,en,USD,2026-04-17T07:47:24.990Z
Bulk,binder,Devious Cover-Up,MID,Innistrad: Midnight Hunt,48,normal,common,1,63277,648281fe-89fb-4d8d-b944-3af28fb044f6,0.24,false,false,near_mint,en,USD,2026-04-17T07:47:24.991Z
Bulk,binder,Convolute,IKO,Ikoria: Lair of Behemoths,45,normal,common,1,50032,3fd8e607-8179-4ae8-ba7f-f5f22649dc18,0.2,false,false,near_mint,en,USD,2026-04-17T07:47:24.993Z
Bulk,binder,Run Amok,KHM,Kaldheim,147,normal,common,1,56845,44c8136f-2826-476c-a103-7094670506a6,0.2,false,false,near_mint,en,USD,2026-04-17T07:47:24.994Z
Bulk,binder,Coruscation Mage,BLB,Bloomburrow,131,normal,uncommon,1,95972,dc2c1de0-6233-469a-be72-a050b97d2c8f,0.86,false,false,near_mint,en,USD,2026-04-17T07:47:24.995Z
Bulk,binder,Captain Lannery Storm,FCA,Final Fantasy: Through the Ages,38,normal,uncommon,1,106438,7c3aeedd-d41b-44c9-9b0a-e5952202f632,0.29,false,false,near_mint,en,USD,2026-04-17T07:47:24.996Z
Bulk,binder,Thousand-Year Storm,FDN,Foundations,248,normal,rare,1,100691,76c48a67-1410-40f1-9b93-0172d85e4688,0.48,false,false,near_mint,en,USD,2026-04-17T07:47:24.997Z
Bulk,binder,Staggershock,2X2,Double Masters 2022,125,normal,uncommon,1,70235,56976d52-053d-49e9-94c0-f21dc13029ac,0.08,false,false,near_mint,en,USD,2026-04-17T07:47:24.998Z
Bulk,binder,Warp World,M10,Magic 2010,163,normal,rare,1,23190,aa6e1fb5-a06b-4e10-8cc7-785e0f0b298e,1.27,false,false,near_mint,en,USD,2026-04-17T07:47:24.999Z
Bulk,binder,You've Been Caught Stealing,CLB,Commander Legends: Battle for Baldur's Gate,211,normal,common,1,69132,82730ad9-26d1-4349-a1f0-10307d76ad97,0.17,false,false,near_mint,en,USD,2026-04-17T07:47:25.000Z
Bulk,binder,Shock,MKM,Murders at Karlov Manor,144,normal,common,1,90741,298747bb-eb40-4b58-bb22-4ac2bc1d795c,0.24,false,false,near_mint,en,USD,2026-04-17T07:47:25.001Z
Bulk,binder,Eject,FIN,Final Fantasy,52,normal,uncommon,4,106631,aec83c9a-8ec4-4a5a-b27f-0e74a2b3d21e,0.11,false,false,near_mint,en,USD,2026-04-17T07:47:25.003Z
Bulk,binder,Island,CLB,Commander Legends: Battle for Baldur's Gate,458,normal,common,1,69291,c9c9ea23-93c5-4aae-9786-3b3c03a07778,0.17,false,false,near_mint,en,USD,2026-04-17T07:47:25.004Z
Bulk,binder,Mountain,BLB,Bloomburrow,376,normal,common,1,96048,62aaa129-69ff-4e22-861e-b2efd1cd5a10,0.18,false,false,near_mint,en,USD,2026-04-17T07:47:25.005Z
Bulk,binder,"Tellah, Great Sage",FIN,Final Fantasy,349,normal,rare,1,106511,0dcb6a53-ad1b-465b-8d4c-f2c8b2b29e25,0.91,false,false,near_mint,en,USD,2026-04-17T07:47:25.007Z
Bulk,binder,Dream Seizer,ECL,Lorwyn Eclipsed,101,normal,common,1,110321,3573f425-9251-4c17-9619-15278ce5d8fb,0.1,false,false,near_mint,en,USD,2026-04-17T07:47:25.010Z
Bulk,binder,Selfless Safewright,ECL,Lorwyn Eclipsed,193,normal,rare,1,110388,ac95b1c3-9eb2-4f80-bb32-72b36817d622,0.51,false,false,near_mint,en,USD,2026-04-17T07:47:25.012Z
Bulk,binder,Mutable Explorer,ECL,Lorwyn Eclipsed,186,normal,rare,1,108959,8f35d95a-caea-4d5e-b98e-55da1ba7c92d,1.03,false,false,near_mint,en,USD,2026-04-17T07:47:25.013Z
Bulk,binder,Mirrormind Crown,ECL,Lorwyn Eclipsed,258,normal,rare,1,110290,061d765e-df27-406a-9ba0-b51b0cbb65da,0.96,false,false,near_mint,en,USD,2026-04-17T07:47:25.014Z
Bulk,binder,Dimir Signet,CLU,Ravnica: Clue Edition,221,normal,common,1,91186,c3af24ce-b1ab-4137-9222-a4080acae928,1.14,false,false,near_mint,en,USD,2026-04-17T07:47:25.015Z
Bulk,binder,Mind Stone,CLB,Commander Legends: Battle for Baldur's Gate,325,normal,uncommon,1,68882,1969ddc0-ee6c-4c3d-a9dd-7f1c491609be,0.36,false,false,near_mint,en,USD,2026-04-17T07:47:25.016Z
Bulk,binder,Bender's Waterskin,TLA,Avatar: The Last Airbender,255,normal,common,2,108223,6d4a1712-d19e-4475-9614-a0b1af4da610,0.59,false,false,near_mint,en,USD,2026-04-17T07:47:25.017Z
Bulk,binder,Tyrant's Scorn,OTP,Breaking News,56,normal,uncommon,1,93394,e61f8b36-6ad2-4295-bd1d-7f9e90b23190,0.1,false,false,near_mint,en,USD,2026-04-17T07:47:25.018Z
Bulk,binder,Arwen Undómiel,LTR,The Lord of the Rings: Tales of Middle-earth,194,normal,uncommon,1,83484,c544e301-13b4-4dec-b65c-d54809bb7736,0.23,false,false,near_mint,en,USD,2026-04-17T07:47:25.019Z
Bulk,binder,Celeborn the Wise,LTR,The Lord of the Rings: Tales of Middle-earth,156,normal,uncommon,1,82959,2daf449a-5f3e-44fd-968e-55d8517ae797,0.19,false,false,near_mint,en,USD,2026-04-17T07:47:25.020Z
Bulk,binder,"Elrond, Lord of Rivendell",LTR,The Lord of the Rings: Tales of Middle-earth,49,normal,uncommon,1,83369,a62a5e55-fa1b-4c70-9293-740dd513d52e,0.19,false,false,near_mint,en,USD,2026-04-17T07:47:25.021Z
Bulk,binder,Panharmonicon,DRC,Aetherdrift Commander,135,normal,rare,1,103196,9d7903ff-359b-49f5-8782-c9dd789c2da6,7.62,false,false,near_mint,en,USD,2026-04-17T07:47:25.022Z
Bulk,binder,Farseek,40K,"Warhammer 40,000 Commander",214,normal,common,1,72432,7873fe27-392e-4273-b1a3-e64fa0cd03e6,1.08,false,false,near_mint,en,USD,2026-04-17T07:47:25.023Z
Bulk,binder,Reclamation Sage,FDN,Foundations,231,normal,uncommon,1,100197,1918ea65-ab7f-4d40-97fd-a656c892a2a1,0.32,false,false,near_mint,en,USD,2026-04-17T07:47:25.024Z
Bulk,binder,"Kagha, Shadow Archdruid",CLB,Commander Legends: Battle for Baldur's Gate,279,normal,uncommon,1,69068,6351adc8-2e44-4e5c-ae58-975b7332155e,0.19,false,false,near_mint,en,USD,2026-04-17T07:47:25.025Z
Bulk,binder,Dark Dabbling,UMA,Ultimate Masters,91,normal,common,2,43411,f320791b-a64f-4249-9a78-7b28cfe58743,0.08,false,false,near_mint,en,USD,2026-04-17T07:47:25.026Z
Bulk,binder,Flare of Cultivation,MH3,Modern Horizons 3,154,normal,rare,1,91777,bda2fa87-81c0-41ac-8831-556ce392c058,0.61,false,false,near_mint,en,USD,2026-04-17T07:47:25.027Z
Bulk,binder,Riftsweeper,MMA,Modern Masters,159,normal,uncommon,1,16150,785d5a98-97b2-4a9e-83ee-2a74479add7b,0.5,false,false,near_mint,en,USD,2026-04-17T07:47:25.028Z
Bulk,binder,It'll Quench Ya!,TLA,Avatar: The Last Airbender,58,normal,common,1,108199,47c25e41-f43c-4447-81b5-b9631448bd29,0.26,false,false,near_mint,en,USD,2026-04-17T07:47:25.029Z
Bulk,binder,Spider-Sense,SPM,Marvel's Spider-Man,284,foil,rare,1,108579,d123d19e-fb13-4c1c-b765-8c4f1fef453a,0.98,false,false,near_mint,en,USD,2026-04-17T07:47:25.030Z
Bulk,binder,Hypnotic Sprite // Mesmeric Glare,FIC,Final Fantasy Commander,264,normal,uncommon,1,105903,4358fcf2-e07c-4a0f-8f69-5d0f83adeb20,0.22,false,false,near_mint,en,USD,2026-04-17T07:47:25.031Z
Bulk,binder,Faebloom Trick,FDN,Foundations,38,normal,uncommon,1,100148,0c3bee8f-f5be-4404-a696-c902637799c3,0.28,false,false,near_mint,en,USD,2026-04-17T07:47:25.032Z
Bulk,binder,Boomerang Basics,TLA,Avatar: The Last Airbender,46,normal,uncommon,2,109640,17ab958a-abc6-472e-ad6a-97c731d89c74,0.63,false,false,near_mint,en,USD,2026-04-17T07:47:25.033Z
Bulk,binder,Slice from the Shadows,MKM,Murders at Karlov Manor,301,normal,common,1,91220,d4e49c72-0fa2-4271-aabd-38a3e2b4779c,0.22,false,false,near_mint,en,USD,2026-04-17T07:47:25.035Z
Bulk,binder,Defabricate,BRO,The Brothers' War,45,normal,uncommon,1,75578,7dd32168-0b9c-4633-adec-d41cf125cc35,0.18,false,false,near_mint,en,USD,2026-04-17T07:47:25.036Z
Bulk,binder,Skemfar Shadowsage,KHM,Kaldheim,110,normal,uncommon,1,57073,c204130f-0483-49ed-8512-03a74894702e,0.28,false,false,near_mint,en,USD,2026-04-17T07:47:25.037Z
Bulk,binder,Esper Origins // Summon: Esper Maduin,FIN,Final Fantasy,185,normal,rare,1,105823,0f503360-216a-4629-89b2-d32072850aef,1.47,false,false,near_mint,en,USD,2026-04-17T07:47:25.038Z
Bulk,binder,Shielding Plax,AFC,Forgotten Realms Commander,192,normal,common,1,60785,81e632d8-ee9c-4635-9654-4d6405cb0bf2,0.21,false,false,near_mint,en,USD,2026-04-17T07:47:25.039Z
Bulk,binder,Echo of Eons,MH1,Modern Horizons,46,normal,mythic,1,44888,ff590af2-2d6c-4f16-a9b8-1a6dab6e9ad5,14.95,false,false,near_mint,en,USD,2026-04-17T07:47:25.040Z
Bulk,binder,"Jon Irenicus, Shattered One",CLB,Commander Legends: Battle for Baldur's Gate,278,normal,rare,1,69266,bfddb61e-986f-4557-819d-d6c0ca85c74a,0.29,false,false,near_mint,en,USD,2026-04-17T07:47:25.041Z
Bulk,binder,Bitterbloom Bearer,ECL,Lorwyn Eclipsed,88,normal,mythic,1,108955,7127164d-f2a3-4d79-b6db-93507ff5ab47,15.88,false,false,near_mint,en,USD,2026-04-17T07:47:25.042Z
Bulk,binder,Nightmare Sower,ECL,Lorwyn Eclipsed,114,normal,uncommon,1,110721,35dfa0f9-faf3-4a85-b02d-0c5830783511,0.25,false,false,near_mint,en,USD,2026-04-17T07:47:25.043Z
Bulk,binder,Run Away Together,ECL,Lorwyn Eclipsed,67,normal,common,2,110474,35c56aff-1f0f-464a-b705-d67803e3d060,0.2,false,false,near_mint,en,USD,2026-04-17T07:47:25.044Z
Bulk,binder,Shimmerwilds Growth,ECL,Lorwyn Eclipsed,194,normal,uncommon,1,110612,c122719c-f0d1-4170-a0d1-d62172df1d21,0.27,false,false,near_mint,en,USD,2026-04-17T07:47:25.045Z
Bulk,binder,Moon-Vigil Adherents,ECL,Lorwyn Eclipsed,184,normal,uncommon,1,110756,60621c37-62e1-4261-ae76-3946b4a0cfa3,0.26,false,false,near_mint,en,USD,2026-04-17T07:47:25.046Z
Bulk,binder,Virulent Emissary,ECL,Lorwyn Eclipsed,202,normal,uncommon,1,110291,0702efed-915e-466a-96bb-ac09af06b21e,0.35,false,false,near_mint,en,USD,2026-04-17T07:47:25.047Z
Bulk,binder,Firdoch Core,ECL,Lorwyn Eclipsed,255,normal,common,2,110788,8e45cd37-bf97-4742-978d-96f96ed653cd,0.28,false,false,near_mint,en,USD,2026-04-17T07:47:25.050Z
Bulk,binder,Creakwood Safewright,ECL,Lorwyn Eclipsed,96,normal,uncommon,1,110727,3bcc24cf-776a-4182-bf77-a611ad90b28f,0.14,false,false,near_mint,en,USD,2026-04-17T07:47:25.052Z
Bulk,binder,Morcant's Eyes,ECL,Lorwyn Eclipsed,185,normal,uncommon,1,110585,a730b254-ff7c-4f89-a559-b44ad7fd6c6c,0.22,false,false,near_mint,en,USD,2026-04-17T07:47:25.054Z
Bulk,binder,Moonglove Extractor,ECL,Lorwyn Eclipsed,109,normal,common,2,110369,8383e0ab-81b4-4a6b-b87b-dd9180dca1c2,0.15,false,false,near_mint,en,USD,2026-04-17T07:47:25.055Z
Bulk,binder,Lys Alana Dignitary,ECL,Lorwyn Eclipsed,180,normal,uncommon,1,110793,94e8d6a9-7aa3-4e93-8e4d-e50da7ff09d2,0.22,false,false,near_mint,en,USD,2026-04-17T07:47:25.058Z
Bulk,binder,Bloodline Bidding,ECL,Lorwyn Eclipsed,91,normal,rare,1,110553,877d9b75-ad2f-45a6-94d8-68e80d7db789,1.76,false,false,near_mint,en,USD,2026-04-17T07:47:25.059Z
Bulk,binder,Blossoming Defense,ECL,Lorwyn Eclipsed,167,normal,uncommon,1,110327,3cce80d0-b937-4325-a603-1278c110f244,0.22,false,false,near_mint,en,USD,2026-04-17T07:47:25.061Z
Bulk,binder,Aether Gale,DSC,Duskmourn: House of Horror Commander,109,normal,rare,1,99422,f956bdf3-6b1d-4730-98f6-ba89d3a12b8b,0.29,false,false,near_mint,en,USD,2026-04-17T07:47:25.062Z
Bulk,binder,Shore Up,BLB,Bloomburrow,69,normal,common,1,96277,4dc3b49e-3674-494c-bdea-4374cefd10f4,0.24,false,false,near_mint,en,USD,2026-04-17T07:47:25.064Z
Bulk,binder,Changeling Outcast,OTC,Outlaws of Thunder Junction Commander,128,normal,common,1,93798,ab499df5-ed76-43ad-81b3-70afd0487ccd,1.43,false,false,near_mint,en,USD,2026-04-17T07:47:25.066Z
Bulk,binder,Ashnod's Intervention,BRO,The Brothers' War,85,normal,common,2,75740,bcf491db-d12b-4c58-9c05-085cac34a73e,0.27,false,false,near_mint,en,USD,2026-04-17T07:47:25.070Z
Bulk,binder,Blade of Selves,SLD,Secret Lair Drop,1864,normal,rare,1,106303,1138ab11-ab70-44df-9691-ddee39c3ae45,7.57,false,false,near_mint,en,USD,2026-04-17T07:47:25.071Z
Bulk,binder,Command Tower,40K,"Warhammer 40,000 Commander",270,normal,common,1,72440,7cf39d35-1426-4edb-98ae-d1f1a470629f,0.62,false,false,near_mint,en,USD,2026-04-17T07:47:25.074Z
Bulk,binder,Darkwater Catacombs,CLB,Commander Legends: Battle for Baldur's Gate,889,normal,rare,1,69495,43dbc012-8b38-4089-947a-c309d02ad1b1,0.37,false,false,near_mint,en,USD,2026-04-17T07:47:25.075Z
Bulk,binder,Devouring Tendrils,STX,Strixhaven: School of Mages,126,normal,uncommon,2,58396,f7444555-da19-4d2d-ad81-233c54fbb78e,0.09,false,false,near_mint,en,USD,2026-04-17T07:47:25.077Z
Bulk,binder,Homeward Path,C16,Commander 2016,301,normal,rare,1,7053,54734347-eee7-4c52-b514-7342afeccabd,14.13,false,false,near_mint,en,USD,2026-04-17T07:47:25.078Z
Bulk,binder,Bojuka Bog,EOC,Edge of Eternities Commander,149,normal,common,1,107128,b0c6fb5e-07e2-4d22-be19-60592f00584a,0.99,false,false,near_mint,en,USD,2026-04-17T07:47:25.079Z
Bulk,binder,Opulent Palace,ECC,Lorwyn Eclipsed Commander,157,normal,uncommon,1,110655,f0001153-dbcb-44e5-99be-2c186c9b10b0,0.34,false,false,near_mint,en,USD,2026-04-17T07:47:25.080Z
Bulk,binder,Woodland Cemetery,PIP,Fallout,316,normal,rare,1,92763,d98edea5-a974-4475-b518-e79a91fe4371,0.81,false,false,near_mint,en,USD,2026-04-17T07:47:25.081Z
Bulk,binder,Jungle Hollow,TDM,Tarkir: Dragonstorm,258,normal,common,1,104375,ea13440b-3f7b-4182-9541-27c1fa3121e5,0.09,false,false,near_mint,en,USD,2026-04-17T07:47:25.082Z
Bulk,binder,Botanical Sanctum,OTJ,Outlaws of Thunder Junction,267,normal,rare,1,93348,cc18d5f4-a56a-4f7d-9f56-ccc92cbfb7f7,1.35,false,false,near_mint,en,USD,2026-04-17T07:47:25.083Z
Bulk,binder,Mudflat Village,BLB,Bloomburrow,257,normal,uncommon,1,95628,53ec4ad3-9cf0-4f1b-a9db-d63feee594ab,0.31,false,false,near_mint,en,USD,2026-04-17T07:47:25.084Z
Bulk,binder,Oakhollow Village,BLB,Bloomburrow,258,normal,uncommon,1,95624,0d49b016-b02b-459f-85e9-c04f6bdcb94e,0.38,false,false,near_mint,en,USD,2026-04-17T07:47:25.085Z
Bulk,binder,Dismal Backwater,M20,Core Set 2020,245,normal,common,1,45215,a5ff247f-82d1-4b79-9ac0-1471a1f0f58b,0.16,false,false,near_mint,en,USD,2026-04-17T07:47:25.086Z
Bulk,binder,Thornwood Falls,NEO,Kamigawa: Neon Dynasty,279,normal,common,1,66916,d5af3569-3e66-4a50-aca0-c17c799dca28,0.23,false,false,near_mint,en,USD,2026-04-17T07:47:25.087Z
Bulk,binder,"Gohn, Town of Ruin",FIN,Final Fantasy,278,normal,common,6,106602,99582781-613e-4a33-aec7-7569b4a961aa,0.14,false,false,near_mint,en,USD,2026-04-17T07:47:25.088Z
Bulk,binder,Island,FIN,Final Fantasy,298,normal,common,1,105751,eeecf096-87dd-4dcb-953f-700445bf3f3a,0.28,false,false,near_mint,en,USD,2026-04-17T07:47:25.089Z
Bulk,binder,"Maralen, Fae Ascendant",ECL,Lorwyn Eclipsed,233,normal,rare,1,110836,c50f5408-5b5c-41dc-807e-136233403a09,0.27,false,false,near_mint,en,USD,2026-04-17T07:47:25.090Z
Bulk,binder,Diabolic Intent,FCA,Final Fantasy: Through the Ages,34,normal,rare,2,106411,a2ec8e5e-ada8-4cd7-b43d-157568356a80,11.09,false,false,near_mint,en,USD,2026-04-17T07:47:24.810Z
Bulk,binder,"Fandaniel, Telophoroi Ascian",FIC,Final Fantasy Commander,46,normal,rare,2,105811,08c9bf6c-fc52-4565-96d1-951a314e59e5,0.36,false,false,near_mint,en,USD,2026-04-17T07:47:24.819Z
Bulk,binder,Kaya's Ghostform,WAR,War of the Spark,94,normal,common,2,44310,98f3be88-24e2-433f-9138-f0cb59d09a0f,1.52,false,false,near_mint,en,USD,2026-04-17T07:47:24.824Z
Bulk,binder,Burnished Hart,FDN,Foundations,250,normal,uncommon,2,100609,65ebbff0-fbe6-4310-a33f-e00bb2534979,0.33,false,false,near_mint,en,USD,2026-04-17T07:47:24.830Z
Bulk,binder,Dismal Backwater,FDN,Foundations,261,normal,common,2,101220,dbb0df36-8467-4a41-8e1c-6c3584d4fd10,0.18,false,false,near_mint,en,USD,2026-04-17T07:47:24.835Z
Bulk,binder,Adventurer's Inn,FIN,Final Fantasy,271,normal,common,6,105754,f0da2ee1-986e-4cbf-92eb-d96fdb572ca5,0.21,false,false,near_mint,en,USD,2026-04-17T07:47:24.836Z
Bulk,binder,"Ultimecia, Time Sorceress // Ultimecia, Omnipotent",FIN,Final Fantasy,247,normal,uncommon,2,105581,2d6a2b68-5407-464e-a335-7866fd969c30,0.15,false,false,near_mint,en,USD,2026-04-17T07:47:24.841Z
Bulk,binder,Swallowed by Leviathan,FIN,Final Fantasy,79,normal,uncommon,5,106521,2270642d-fe2a-4265-aff0-a24a43ebe0a1,0.2,false,false,near_mint,en,USD,2026-04-17T07:47:24.857Z
Bulk,binder,Resentful Revelation,FIN,Final Fantasy,114,normal,common,6,106598,945006ea-c6a1-4ee5-abb2-387c2b6d3123,0.18,false,false,near_mint,en,USD,2026-04-17T07:47:24.860Z
Bulk,binder,Shinra Reinforcements,FIN,Final Fantasy,118,normal,common,5,106282,7367b257-1a8c-4593-a307-7116e36e0342,0.19,false,false,near_mint,en,USD,2026-04-17T07:47:24.861Z
Bulk,binder,Locke Cole,FIN,Final Fantasy,234,normal,uncommon,3,106552,572feb8c-6976-40a8-8a34-b4db836cca56,0.14,false,false,near_mint,en,USD,2026-04-17T07:47:24.865Z
Bulk,binder,Sol Ring,M3C,Modern Horizons 3 Commander,305,normal,uncommon,3,94714,19911e6e-7c35-4281-b31c-266382f052cc,1.59,false,false,near_mint,en,USD,2026-04-17T07:47:24.879Z
Bulk,binder,Il Mheg Pixie,FIN,Final Fantasy,57,normal,uncommon,5,106629,ae612312-3a8e-495f-8730-deaaf7505ca1,0.16,false,false,near_mint,en,USD,2026-04-17T07:47:24.903Z
Bulk,binder,Arcane Signet,M3C,Modern Horizons 3 Commander,283,normal,common,2,94711,156a1ca1-e4b1-4e0c-a786-fd80fe189896,0.62,false,false,near_mint,en,USD,2026-04-17T07:47:24.913Z
Bulk,binder,Dreams of Laguna,FIN,Final Fantasy,50,normal,common,5,106292,ba752243-2727-4b8a-8e21-e70becfd4ff3,0.19,false,false,near_mint,en,USD,2026-04-17T07:47:24.923Z
Bulk,binder,Kasmina's Transmutation,RVR,Ravnica Remastered,46,normal,common,2,89864,b5287705-cf89-49cb-b1f2-bff7a9119c98,0.24,false,false,near_mint,en,USD,2026-04-17T07:47:25.002Z
Bulk,binder,"Balamb Garden, SeeD Academy // Balamb Garden, Airborne",FIN,Final Fantasy,354,normal,rare,2,106519,1a6c87dc-188c-4c75-9026-568263940b90,1.19,false,false,near_mint,en,USD,2026-04-17T07:47:50.106Z
Bulk,binder,How to Start a Riot,TLA,Avatar: The Last Airbender,140,normal,common,2,108174,23b3bf1e-ea85-47f5-8473-4d16615f68d7,0.14,false,false,near_mint,en,USD,2026-04-17T08:51:29.179Z
Bulk,binder,Fire Nation Attacks,TLA,Avatar: The Last Airbender,133,normal,uncommon,1,108131,9cc10845-8989-46ca-a57a-fd728fca0729,0.24,false,false,near_mint,en,USD,2026-04-17T08:51:29.182Z
Bulk,binder,"Smellerbee, Rebel Fighter",TLE,Avatar: The Last Airbender Eternal,125,normal,rare,1,109706,5aef6ece-929b-4636-b32e-58f91741b869,0.4,false,false,near_mint,en,USD,2026-04-17T08:51:29.183Z
Bulk,binder,"Jet, Freedom Fighter",TLA,Avatar: The Last Airbender,229,normal,uncommon,3,109490,9202c044-15e4-4218-a94d-16287ba19d69,0.17,false,false,near_mint,en,USD,2026-04-17T08:51:29.184Z
Bulk,binder,"Longshot, Rebel Bowman",TLE,Avatar: The Last Airbender Eternal,120,normal,uncommon,1,109777,b36efbe2-3798-43e5-8640-f003c77440a1,6.39,false,false,near_mint,en,USD,2026-04-17T08:51:29.185Z
Bulk,binder,"Zuko, Seeking Honor",TLE,Avatar: The Last Airbender Eternal,150,normal,uncommon,1,109676,365fa3f6-a210-4342-9413-fcb7812ff4f4,0.13,false,false,near_mint,en,USD,2026-04-17T08:51:29.186Z
Bulk,binder,Treetop Freedom Fighters,TLA,Avatar: The Last Airbender,156,normal,common,2,109507,a9394200-7ffc-440f-8b5f-c08b7930133c,0.09,false,false,near_mint,en,USD,2026-04-17T08:51:29.187Z
Bulk,binder,Yuyan Archers,TLA,Avatar: The Last Airbender,161,normal,common,3,108250,99244462-a996-4a5b-91fb-947045647d6d,0.11,false,false,near_mint,en,USD,2026-04-17T08:51:29.188Z
Bulk,binder,Thriving Grove,TLE,Avatar: The Last Airbender Eternal,261,normal,common,1,108203,4ba5e3b0-98df-40cc-96a3-0a87c3d39b99,0.18,false,false,near_mint,en,USD,2026-04-17T08:51:29.190Z
Bulk,binder,Allies at Last,TLA,Avatar: The Last Airbender,164,normal,uncommon,1,109381,11a77897-2aba-4a9b-bbe6-1768ca9f12cb,0.22,false,false,near_mint,en,USD,2026-04-17T08:51:29.191Z
Bulk,binder,Stand United,TLE,Avatar: The Last Airbender Eternal,149,normal,common,1,109813,def589e7-f84a-4a13-a65a-130a687bc124,0.16,false,false,near_mint,en,USD,2026-04-17T08:51:29.192Z
Bulk,binder,Mechanical Glider,TLE,Avatar: The Last Airbender Eternal,256,normal,common,1,108253,9deda16b-ce26-4228-9bc2-28b7358d3f7c,0.11,false,false,near_mint,en,USD,2026-04-17T08:51:29.193Z
Bulk,binder,Hippo-Cows,TLE,Avatar: The Last Airbender Eternal,252,normal,common,1,108176,24ca6ca8-e239-4fe5-8711-24098b74e2fe,0.11,false,false,near_mint,en,USD,2026-04-17T08:51:29.194Z
Bulk,binder,Earth Kingdom Soldier,TLA,Avatar: The Last Airbender,216,normal,common,1,108180,2d543d35-945a-4ffa-beb7-7c5d4f894f79,0.07,false,false,near_mint,en,USD,2026-04-17T08:51:29.195Z
Bulk,binder,Descendants' Path,TLE,Avatar: The Last Airbender Eternal,167,normal,rare,1,109460,6edb20a3-31f5-4bf9-a5e3-943d8d5a1def,0.87,false,false,near_mint,en,USD,2026-04-17T08:51:29.196Z
Bulk,binder,"Suki, Kyoshi Warrior",TLA,Avatar: The Last Airbender,243,normal,uncommon,1,108190,3e311480-04f8-4b8f-938e-1cc6d06b9902,0.19,false,false,near_mint,en,USD,2026-04-17T08:51:29.198Z
Bulk,binder,Match the Odds,TLE,Avatar: The Last Airbender Eternal,253,normal,uncommon,1,108178,28494ff6-efb7-4d3b-a7b3-21425df80490,0.31,false,false,near_mint,en,USD,2026-04-17T08:51:29.199Z
Bulk,binder,Kyoshi Battle Fan,TLA,Avatar: The Last Airbender,257,normal,common,2,109659,257e6862-96fe-4312-aff2-509d0696843a,0.11,false,false,near_mint,en,USD,2026-04-17T08:51:29.201Z
Bulk,binder,Thriving Heath,TLE,Avatar: The Last Airbender Eternal,262,normal,common,1,108171,202ae1e5-df13-4a6f-9202-6a2573809f73,0.18,false,false,near_mint,en,USD,2026-04-17T08:51:29.203Z
Bulk,binder,Airbender's Reversal,TLA,Avatar: The Last Airbender,7,normal,uncommon,1,109715,6b7078e4-2892-4b5f-83ab-90369e0d6dba,0.3,false,false,near_mint,en,USD,2026-04-17T08:51:29.204Z
Bulk,binder,Airbender Ascension,TLA,Avatar: The Last Airbender,6,normal,rare,1,109497,99a90d13-891c-45cc-b1d5-6080ebae5862,1.52,false,false,near_mint,en,USD,2026-04-17T08:51:29.205Z
Bulk,binder,Airbending Lesson,TLA,Avatar: The Last Airbender,8,normal,common,2,108292,e2bcd0a6-e94d-4a21-a334-a57459c1b8cc,0.29,false,false,near_mint,en,USD,2026-04-17T08:51:29.206Z
Bulk,binder,Path to Redemption,TLA,Avatar: The Last Airbender,31,normal,common,2,108310,f936d64a-0db4-49c1-8a57-6d99e012a555,0.13,false,false,near_mint,en,USD,2026-04-17T08:51:29.207Z
Bulk,binder,Rabaroo Troop,TLA,Avatar: The Last Airbender,32,normal,common,2,108219,62a983b4-ac73-4949-9317-05a75a8ce164,0.14,false,false,near_mint,en,USD,2026-04-17T08:51:29.209Z
Bulk,binder,Monk Gyatso,TLE,Avatar: The Last Airbender Eternal,81,normal,rare,1,109815,e27ed185-eb2b-42dd-b48e-3c8d4456268b,5.18,false,false,near_mint,en,USD,2026-04-17T08:51:29.211Z
Bulk,binder,Koala-Sheep,TLE,Avatar: The Last Airbender Eternal,80,normal,common,1,109726,7785ddfe-f8ae-473a-8064-549884c5aabc,0.16,false,false,near_mint,en,USD,2026-04-17T08:51:29.212Z
Bulk,binder,Glider Kids,TLA,Avatar: The Last Airbender,21,normal,common,3,108154,0613afb5-4cee-4132-8adf-404767ed8d07,0.08,false,false,near_mint,en,USD,2026-04-17T08:51:29.213Z
Bulk,binder,Invasion Reinforcements,TLA,Avatar: The Last Airbender,24,normal,uncommon,1,109783,b8845bba-d116-43cd-8ae0-e553f3324d66,0.17,false,false,near_mint,en,USD,2026-04-17T08:51:29.214Z
Bulk,binder,Jeong Jeong's Deserters,TLA,Avatar: The Last Airbender,25,normal,common,1,108152,060966f9-5e56-4512-9ef3-2b216daf093c,0.15,false,false,near_mint,en,USD,2026-04-17T08:51:29.215Z
Bulk,binder,The Cave of Two Lovers,TLA,Avatar: The Last Airbender,126,normal,uncommon,3,109432,50bf5c8b-f218-46b7-843c-8d8083f02fd2,0.22,false,false,near_mint,en,USD,2026-04-17T08:51:29.217Z
Bulk,binder,Secret Tunnel,TLA,Avatar: The Last Airbender,278,normal,rare,1,109406,2d39a0e1-6484-409c-ab05-5b276925a949,2.63,false,false,near_mint,en,USD,2026-04-17T08:51:29.219Z
Bulk,binder,Mongoose Lizard,TLA,Avatar: The Last Airbender,148,normal,common,2,108232,7d40b9cb-82ef-44c5-8d3c-c8bb4ce9891c,0.13,false,false,near_mint,en,USD,2026-04-17T08:51:29.222Z
Bulk,binder,Rough Rhino Cavalry,TLA,Avatar: The Last Airbender,152,normal,common,1,108259,a8bc29cf-f6f8-4bb8-b722-f016b58b6d2d,0.07,false,false,near_mint,en,USD,2026-04-17T08:51:29.223Z
Bulk,binder,Wandering Musicians,TLA,Avatar: The Last Airbender,250,normal,common,1,109916,3da81dbd-dc80-47ff-a33b-270d23a24e0a,0.12,false,false,near_mint,en,USD,2026-04-17T08:51:29.224Z
Bulk,binder,Founding of Omashu,TLE,Avatar: The Last Airbender Eternal,116,normal,uncommon,1,109792,c4c603c9-f2ed-419b-8704-6fe306f158fa,0.25,false,false,near_mint,en,USD,2026-04-17T08:51:29.225Z
Bulk,binder,"Ty Lee, Artful Acrobat",TLA,Avatar: The Last Airbender,158,normal,uncommon,2,109561,dcd9df24-272b-4aa1-b05f-6ee6b3d3dfe7,0.21,false,false,near_mint,en,USD,2026-04-17T08:51:29.226Z
Bulk,binder,"Moku, Meandering Drummer",TLE,Avatar: The Last Airbender Eternal,122,normal,uncommon,1,109690,4144eca9-13c0-41a7-810b-8f30813945d0,0.14,false,false,near_mint,en,USD,2026-04-17T08:51:29.227Z
Bulk,binder,Fancy Footwork,TLA,Avatar: The Last Airbender,19,normal,uncommon,1,109500,9c59f8c5-4063-4e5a-b684-fde175c4a981,0.16,false,false,near_mint,en,USD,2026-04-17T08:51:29.232Z
Bulk,binder,Destined Confrontation,TLA,Avatar: The Last Airbender,15,normal,uncommon,1,109803,d4605cf7-03bc-4a7f-b50a-49b83b09b54d,0.19,false,false,near_mint,en,USD,2026-04-17T08:51:29.234Z
Bulk,binder,Hecteyes,FIN,Final Fantasy,103,normal,common,4,106585,8680d052-c07b-4d9b-bda9-b5f69f44f424,0.15,false,false,near_mint,en,USD,2026-04-17T08:51:29.237Z
Bulk,binder,Thriving Bluff,TLE,Avatar: The Last Airbender Eternal,260,normal,common,2,108222,6c382c6a-ec47-4b8d-8ad4-cfc935765742,0.17,false,false,near_mint,en,USD,2026-04-17T08:51:29.177Z
Bulk,binder,Bumi Bash,TLA,Avatar: The Last Airbender,125,normal,common,2,109571,e8895479-26cb-4ee8-98ca-6d46c43f0dbd,0.17,false,false,near_mint,en,USD,2026-04-17T08:51:29.178Z
Bulk,binder,Cunning Maneuver,TLA,Avatar: The Last Airbender,130,normal,common,3,109380,0ff7c993-ba29-43b0-9639-7c4bc0292fa2,0.14,false,false,near_mint,en,USD,2026-04-17T08:51:29.180Z
Bulk,binder,Explosive Shot,TLE,Avatar: The Last Airbender Eternal,236,normal,common,2,108204,4ba682a6-1045-4ed6-ae95-bd5af8bd7224,0.14,false,false,near_mint,en,USD,2026-04-17T08:51:29.181Z
Bulk,binder,Freedom Fighter Recruit,TLE,Avatar: The Last Airbender Eternal,118,normal,common,2,109759,a2d75e36-0824-48db-86ff-ca163be27e2b,0.11,false,false,near_mint,en,USD,2026-04-17T08:51:29.189Z
Bulk,binder,"Appa, Loyal Sky Bison",TLA,Avatar: The Last Airbender,9,normal,uncommon,6,109509,a9b2a843-c6fe-4d19-801e-1538e4381ab0,0.29,false,false,near_mint,en,USD,2026-04-17T08:51:29.208Z
Bulk,binder,"Aang, the Last Airbender",TLA,Avatar: The Last Airbender,4,normal,uncommon,4,108175,245e008c-e073-443f-9592-6f628c0026ec,0.21,false,false,near_mint,en,USD,2026-04-17T08:51:29.210Z
Bulk,binder,Royal Treatment,SOA,Secrets of Strixhaven Mystical Archive,56,normal,uncommon,1,112412,009bad41-5e96-4bb3-9f5e-66500fb8af29,0.22,false,false,near_mint,en,USD,2026-04-17T22:09:10.854Z
Bulk,binder,Stirring Hopesinger,SOS,Secrets of Strixhaven,35,normal,rare,1,112425,21375667-b318-47f8-a482-9c8c2b5b14c0,0.67,false,false,near_mint,en,USD,2026-04-17T22:09:10.855Z
Bulk,binder,Sylvan Library,SPG,Special Guests,155,normal,mythic,1,111788,26a7c62c-12ed-493c-ba95-0f55fec83686,27.86,false,false,near_mint,en,USD,2026-04-17T22:09:10.856Z
Bulk,binder,Textbook Tabulator,SOS,Secrets of Strixhaven,70,normal,common,1,112615,56f54fee-b48d-4582-8982-ca4c7b8ef553,0.18,false,false,near_mint,en,USD,2026-04-17T22:09:10.865Z
Bulk,binder,Tragedy Feaster,SOS,Secrets of Strixhaven,102,normal,rare,1,112502,b93cbaad-8ed8-4a1d-b95a-20a616dfedc9,1.59,false,false,near_mint,en,USD,2026-04-17T22:09:10.868Z
Bulk,binder,Fractal Anomaly,SOS,Secrets of Strixhaven,50,normal,uncommon,1,112303,e1975a61-aef0-49a6-a6d6-c3a37e2e2b22,0.23,false,false,near_mint,en,USD,2026-04-17T22:09:10.869Z
Bulk,binder,Silverquill Charm,SOS,Secrets of Strixhaven,225,normal,uncommon,1,111655,3eb73579-f1c6-4762-81d2-9568ab501fac,0.41,false,false,near_mint,en,USD,2026-04-17T22:09:10.870Z
Bulk,binder,Vibrant Outburst,SOS,Secrets of Strixhaven,240,normal,uncommon,1,112721,f9ba68ef-6efc-4249-8b74-e33f47173902,0.32,false,false,near_mint,en,USD,2026-04-17T22:09:10.871Z
Bulk,binder,Wilt in the Heat,SOS,Secrets of Strixhaven,243,normal,common,1,112715,f63f7209-fc0f-400c-8076-125f3131cb32,0.24,false,false,near_mint,en,USD,2026-04-17T22:09:10.872Z
Bulk,binder,Tackle Artist,SOS,Secrets of Strixhaven,133,normal,common,1,112672,b87e2474-98c1-4c1a-91ed-340b72d31653,0.14,false,false,near_mint,en,USD,2026-04-17T22:09:10.875Z
Bulk,binder,"Lluwen, Exchange Student // Pest Friend",SOS,Secrets of Strixhaven,199,normal,uncommon,1,111729,a0bcb638-c3c8-4973-9537-5c471f43f34f,0.22,false,false,near_mint,en,USD,2026-04-17T22:09:10.879Z
Bulk,binder,Giant Growth,SOA,Secrets of Strixhaven Mystical Archive,52,normal,uncommon,1,111801,62652aa9-57e7-42a7-8f2f-62e9a6aefb16,0.24,false,false,near_mint,en,USD,2026-04-17T22:09:10.880Z
Bulk,binder,Muse Seeker,SOS,Secrets of Strixhaven,60,normal,uncommon,1,112243,71cb4a6b-b500-4b28-bcdb-ec4188242f39,0.26,false,false,near_mint,en,USD,2026-04-17T22:09:10.882Z
Bulk,binder,Potioner's Trove,SOS,Secrets of Strixhaven,251,normal,common,1,112570,2123b349-4649-4a15-a8b5-b54414d2b1b7,0.26,false,false,near_mint,en,USD,2026-04-17T22:09:10.885Z
Bulk,binder,Spellbook Seeker // Careful Study,SOS,Secrets of Strixhaven,68,normal,common,1,112691,cc44eaa4-59a4-419e-b1d1-d92f354ff588,0.2,false,false,near_mint,en,USD,2026-04-17T22:09:10.891Z
Bulk,binder,Inkling Mascot,SOS,Secrets of Strixhaven,196,normal,common,1,111711,6d4a2f39-0e1e-4076-815a-2676a09a1aab,0.25,false,false,near_mint,en,USD,2026-04-17T22:09:10.893Z
Bulk,binder,Grave Researcher // Reanimate,SOS,Secrets of Strixhaven,85,normal,rare,1,111721,8b1e10e8-ea14-4761-910b-4072e2a18456,3.66,false,false,near_mint,en,USD,2026-04-17T22:09:10.895Z
Bulk,binder,Social Snub,SOS,Secrets of Strixhaven,228,normal,uncommon,1,112373,a04b6900-0436-4920-a0d4-c0186d605ae3,0.27,false,false,near_mint,en,USD,2026-04-17T22:09:10.896Z
Bulk,binder,Topiary Lecturer,SOS,Secrets of Strixhaven,165,normal,uncommon,1,112611,4f16a1c2-0a80-45e4-b025-3aa0c0b03812,0.27,false,false,near_mint,en,USD,2026-04-17T22:09:10.897Z
Bulk,binder,Arcane Omens,SOS,Secrets of Strixhaven,73,normal,uncommon,1,111654,d357d997-9d4e-4ade-81f2-37629853f13a,0.14,false,false,near_mint,en,USD,2026-04-17T22:09:10.898Z
Bulk,binder,Run Behind,SOS,Secrets of Strixhaven,66,normal,common,1,112601,40ecc34b-4cd0-4998-bbf4-7faa6fd3d7e0,0.2,false,false,near_mint,en,USD,2026-04-17T22:09:10.903Z
Bulk,binder,Paradox Surveyor,SOS,Secrets of Strixhaven,208,normal,uncommon,1,112394,d7cb1af2-0302-46ff-8303-ae9d07541a01,0.27,false,false,near_mint,en,USD,2026-04-17T22:09:10.911Z
Bulk,binder,Inkshape Demonstrator,SOS,Secrets of Strixhaven,21,normal,uncommon,1,112505,bcfac992-9984-4529-b9ff-a42d58832b34,0.11,false,false,near_mint,en,USD,2026-04-17T22:09:10.912Z
Bulk,binder,Deluge Virtuoso,SOS,Secrets of Strixhaven,42,normal,common,1,112222,2e3b16ed-8727-48fd-8b1f-c0cbd329385e,0.48,false,false,near_mint,en,USD,2026-04-17T22:09:10.917Z
Bulk,binder,Colorstorm Stallion,SOS,Secrets of Strixhaven,299,normal,rare,1,111759,e8800c58-574f-4a77-bed9-2d99e8f5813c,2.05,false,false,near_mint,en,USD,2026-04-17T22:09:10.940Z
Bulk,binder,Charging Strifeknight,SOS,Secrets of Strixhaven,110,normal,uncommon,1,112652,9940d992-1ba1-40ec-9b93-17d773452c4b,0.17,false,false,near_mint,en,USD,2026-04-17T22:09:10.941Z
Bulk,binder,Spectacular Skywhale,SOS,Secrets of Strixhaven,229,normal,uncommon,1,112267,c90366d5-b4ba-4772-a3c5-f138bbe7f305,0.24,false,false,near_mint,en,USD,2026-04-17T22:09:10.944Z
Bulk,binder,"Sanar, Unfinished Genius // Wild Idea",SOS,Secrets of Strixhaven,223,normal,uncommon,1,111685,173157aa-712d-44f2-89ba-dd2511a07f26,0.29,false,false,near_mint,en,USD,2026-04-17T22:09:10.948Z
Bulk,binder,Spiritcall Enthusiast // Scrollboost,SOS,Secrets of Strixhaven,33,normal,uncommon,1,112300,c0b85569-2cb3-4b64-b0fe-418195c4dab0,0.25,false,false,near_mint,en,USD,2026-04-17T22:09:10.951Z
Bulk,binder,"Blech, Loafing Pest",SOS,Secrets of Strixhaven,176,normal,rare,1,112713,f588fa50-7cc5-41ba-90df-2d252eb5c785,0.44,false,false,near_mint,en,USD,2026-04-17T22:09:10.956Z
Bulk,binder,Last Gasp,SOS,Secrets of Strixhaven,86,normal,common,1,112698,da5f3729-6ec7-4482-90cb-83b973edeae4,0.2,false,false,near_mint,en,USD,2026-04-17T22:09:10.966Z
Bulk,binder,Hop to It,SOA,Secrets of Strixhaven Mystical Archive,6,normal,uncommon,1,112422,16fabbbf-e35b-468c-9aea-09aa6a388dee,0.21,false,false,near_mint,en,USD,2026-04-17T22:09:10.968Z
Bulk,binder,"Ral Zarek, Guest Lecturer",SOS,Secrets of Strixhaven,97,normal,mythic,1,111724,8fbad757-4081-42f7-a460-68ac03e77510,9.07,false,false,near_mint,en,USD,2026-04-17T22:09:10.969Z
Bulk,binder,Scolding Administrator,SOS,Secrets of Strixhaven,224,normal,uncommon,1,112626,69757177-aefa-44a6-81db-5ae9b5d2f117,0.24,false,false,near_mint,en,USD,2026-04-17T22:09:10.972Z
Bulk,binder,Eternal Student,SOS,Secrets of Strixhaven,82,normal,uncommon,1,112720,f97fac69-3e77-4150-9702-cc726daa6d21,0.38,false,false,near_mint,en,USD,2026-04-17T22:09:10.973Z
Bulk,binder,Embrace the Paradox,SOS,Secrets of Strixhaven,186,normal,common,1,112679,c0cf5e0f-3668-46f2-850d-d91a538e8ead,0.24,false,false,near_mint,en,USD,2026-04-17T22:09:10.974Z
Bulk,binder,Adventurous Eater // Have a Bite,SOS,Secrets of Strixhaven,72,normal,common,1,112694,d40cc7da-c731-418e-8547-7033d1939450,0.24,false,false,near_mint,en,USD,2026-04-17T22:09:10.977Z
Bulk,binder,Landscape Painter // Vibrant Idea,SOS,Secrets of Strixhaven,56,normal,common,1,112264,c0bd30c4-3cdf-4eda-8be5-0fb5e5ddddbf,0.18,false,false,near_mint,en,USD,2026-04-17T22:09:10.979Z
Bulk,binder,Quick Study,SOS,Secrets of Strixhaven,65,normal,common,1,112583,2d4f0bc7-da7c-4749-a24c-b01f3eb5860c,0.49,false,false,near_mint,en,USD,2026-04-17T22:09:10.983Z
Bulk,binder,Zombify,SOA,Secrets of Strixhaven Mystical Archive,36,normal,uncommon,1,112530,dfec5854-70c7-4e4b-9979-58775dd7a181,0.23,false,false,near_mint,en,USD,2026-04-17T22:09:10.990Z
Bulk,binder,Forum Necroscribe,SOS,Secrets of Strixhaven,84,normal,uncommon,1,112624,67504a12-7414-4209-bf1c-624b4db19d52,0.22,false,false,near_mint,en,USD,2026-04-17T22:09:10.991Z
Bulk,binder,Send in the Pest,SOS,Secrets of Strixhaven,100,normal,common,1,112576,283b508b-89f0-4c23-9686-b049e402b73c,0.2,false,false,near_mint,en,USD,2026-04-17T22:09:10.995Z
Bulk,binder,Stormcarved Coast,SOS,Secrets of Strixhaven,263,normal,rare,1,111738,bd3ae4fa-4c97-410a-8c0a-bd203342595d,1.83,false,false,near_mint,en,USD,2026-04-17T22:09:11.005Z
Bulk,binder,Owlin Historian,SOS,Secrets of Strixhaven,24,normal,common,1,112620,5fe99be0-e1ec-485e-82f8-02eba7b82441,0.1,false,false,near_mint,en,USD,2026-04-17T22:09:11.006Z
Bulk,binder,Terramorphic Expanse,SOS,Secrets of Strixhaven,265,normal,common,1,112047,9a4c5629-fadd-42b9-850f-9f8586a2ca50,0.2,false,false,near_mint,en,USD,2026-04-17T22:09:11.010Z
Bulk,binder,Expressive Firedancer,SOS,Secrets of Strixhaven,114,normal,common,1,112286,259b8c45-6241-4206-a34e-34c7f401f47b,0.51,false,false,near_mint,en,USD,2026-04-17T22:09:11.011Z
Bulk,binder,Unsubtle Mockery,SOS,Secrets of Strixhaven,136,normal,common,1,112580,2b7cb1a3-761e-470e-a164-6e29dd9448cd,0.22,false,false,near_mint,en,USD,2026-04-17T22:09:11.013Z
Bulk,binder,Primary Research,SOS,Secrets of Strixhaven,26,normal,uncommon,1,112190,f6fdb814-45c6-4d14-afff-7f5bd1bd10a1,0.21,false,false,near_mint,en,USD,2026-04-17T22:09:11.020Z
Bulk,binder,Startled Relic Sloth,SOS,Secrets of Strixhaven,233,normal,uncommon,1,112711,f143fd41-58c3-45a0-bef8-e9e4b4a502a5,0.22,false,false,near_mint,en,USD,2026-04-17T22:09:11.021Z
Bulk,binder,"Witherbloom, the Balancer",SOS,Secrets of Strixhaven,245,normal,mythic,1,111762,ed7b2361-97c6-49e2-bf0b-4770f4ffe2f0,17.57,false,false,near_mint,en,USD,2026-04-17T22:09:11.027Z
Bulk,binder,"Prismari, the Inspiration",SOS,Secrets of Strixhaven,212,normal,mythic,1,111716,767ff9fa-4e7f-421a-b911-45186b520ae1,13.51,false,false,near_mint,en,USD,2026-04-17T22:09:11.028Z
Bulk,binder,Ajani's Response,SOS,Secrets of Strixhaven,6,normal,common,3,112654,9cd1417a-badc-4abd-a8ca-5b31f85c1072,0.38,false,false,near_mint,en,USD,2026-04-17T22:09:10.853Z
Bulk,binder,Lorehold Charm,SOS,Secrets of Strixhaven,200,normal,uncommon,2,111656,5fe70295-e550-4577-a341-dab6c25aabfd,0.42,false,false,near_mint,en,USD,2026-04-17T22:09:10.859Z
Bulk,binder,Fractal Mascot,SOS,Secrets of Strixhaven,189,normal,common,3,111745,cf5b19e3-eed1-4b36-9756-660ffb3baa08,0.28,false,false,near_mint,en,USD,2026-04-17T22:09:10.860Z
Bulk,binder,Ulna Alley Shopkeep,SOS,Secrets of Strixhaven,103,normal,common,3,112681,c25e1ae5-f17c-4eee-98f1-5681981af31c,0.19,false,false,near_mint,en,USD,2026-04-17T22:09:10.863Z
Bulk,binder,Stone Docent,SOS,Secrets of Strixhaven,36,normal,common,3,112682,c2abfffb-bf36-44af-9a27-6e109e4d77dd,0.11,false,false,near_mint,en,USD,2026-04-17T22:09:10.864Z
Bulk,binder,Spirit Mascot,SOS,Secrets of Strixhaven,230,normal,common,3,111682,123f1fde-d8de-4640-baa1-bb3781713168,0.33,false,false,near_mint,en,USD,2026-04-17T22:09:10.866Z
Bulk,binder,Studious First-Year // Rampant Growth,SOS,Secrets of Strixhaven,162,normal,common,2,111693,24f888dd-785c-4089-a89c-03f9080130ed,0.32,false,false,near_mint,en,USD,2026-04-17T22:09:10.874Z
Bulk,binder,Cheerful Osteomancer // Raise Dead,SOS,Secrets of Strixhaven,76,normal,common,3,112596,3c34660c-25e3-4ff5-9b2b-5554ded2bcc3,0.23,false,false,near_mint,en,USD,2026-04-17T22:09:10.876Z
Bulk,binder,Stadium Tidalmage,SOS,Secrets of Strixhaven,232,normal,common,2,112658,a689289e-7141-4950-8a87-82e9bd6846fe,0.18,false,false,near_mint,en,USD,2026-04-17T22:09:10.901Z
Bulk,binder,Rubble Rouser,SOS,Secrets of Strixhaven,128,normal,common,3,112664,afe61957-a9bb-42b0-98e8-b5fa418cbaff,0.26,false,false,near_mint,en,USD,2026-04-17T22:09:10.902Z
Bulk,binder,Dig Site Inventory,SOS,Secrets of Strixhaven,10,normal,common,2,112707,e52464ee-df8b-41ec-af93-4b0eb004383e,0.23,false,false,near_mint,en,USD,2026-04-17T22:09:10.905Z
Bulk,binder,Fields of Strife,SOS,Secrets of Strixhaven,255,normal,common,3,111906,3dc7a4c3-c356-4fba-bea0-e8788da3eb57,0.31,false,false,near_mint,en,USD,2026-04-17T22:09:10.906Z
Bulk,binder,Impractical Joke,SOS,Secrets of Strixhaven,119,normal,uncommon,2,112334,39a816b4-39b8-421c-b828-68db901d34b7,0.25,false,false,near_mint,en,USD,2026-04-17T22:09:10.907Z
Bulk,binder,Oracle's Restoration,SOS,Secrets of Strixhaven,156,normal,common,2,111670,0863a19d-4511-4a78-98dd-d194afd1c39b,0.4,false,false,near_mint,en,USD,2026-04-17T22:09:10.916Z
Bulk,binder,Follow the Lumarets,SOS,Secrets of Strixhaven,148,normal,common,2,112719,f9488480-2b6c-40bc-a93e-29fb1292a2e4,0.18,false,false,near_mint,en,USD,2026-04-17T22:09:10.921Z
Bulk,binder,Pestbrood Sloth,SOS,Secrets of Strixhaven,157,normal,uncommon,2,112680,c1251ae6-2f19-4f84-ab02-6a6cc7ce6056,0.51,false,false,near_mint,en,USD,2026-04-17T22:09:10.926Z
Bulk,binder,"Emil, Vastlands Roamer",SOS,Secrets of Strixhaven,146,normal,uncommon,2,112589,3654416d-8558-4af2-9e10-18dbc8f2b376,0.21,false,false,near_mint,en,USD,2026-04-17T22:09:10.930Z
Bulk,binder,Zealous Lorecaster,SOS,Secrets of Strixhaven,137,normal,common,2,112590,36ab2130-9f21-4d30-873a-aa72d3d15fa8,0.16,false,false,near_mint,en,USD,2026-04-17T22:09:10.932Z
Bulk,binder,Tome Blast,SOS,Secrets of Strixhaven,135,normal,common,2,112630,72a3b17d-1e00-48e9-8402-c81bacd595a7,0.13,false,false,near_mint,en,USD,2026-04-17T22:09:10.938Z
Bulk,binder,Brush Off,SOS,Secrets of Strixhaven,39,normal,uncommon,2,112323,151eab82-d20f-433b-b3bb-1d44e2871d5c,0.29,false,false,near_mint,en,USD,2026-04-17T22:09:10.943Z
Bulk,binder,Antiquities on the Loose,SOS,Secrets of Strixhaven,7,normal,rare,2,112291,68ee92cd-51af-4de5-bcc8-34d0bb2fd398,0.31,false,false,near_mint,en,USD,2026-04-17T22:09:10.950Z
Bulk,binder,Spectacle Summit,SOS,Secrets of Strixhaven,262,normal,common,2,112055,a0a66f7b-eab4-45da-8895-c2c2c7eb05f8,0.21,false,false,near_mint,en,USD,2026-04-17T22:09:10.953Z
Bulk,binder,Tester of the Tangential,SOS,Secrets of Strixhaven,69,normal,uncommon,2,112386,bbd708ec-eef4-4f45-99dd-60e1cec4b991,0.23,false,false,near_mint,en,USD,2026-04-17T22:09:10.954Z
Bulk,binder,Melancholic Poet,SOS,Secrets of Strixhaven,90,normal,common,2,112696,d8309815-7035-47a5-acf2-2b2ac1e65037,0.19,false,false,near_mint,en,USD,2026-04-17T22:09:10.993Z
Bulk,binder,Mindful Biomancer,SOS,Secrets of Strixhaven,154,normal,common,2,112582,2c3a6eb8-ce0c-4dc8-9ed6-d2a9223eef53,0.1,false,false,near_mint,en,USD,2026-04-17T22:09:10.925Z
Bulk,binder,The Crystal's Chosen,FIN,Final Fantasy,14,normal,uncommon,3,105725,d4df4373-0ee6-44e3-81c6-0881c070014c,0.22,false,false,near_mint,en,USD,2026-04-18T02:54:43.266Z
Bulk,binder,Wayspeaker Bodyguard,TDM,Tarkir: Dragonstorm,34,normal,uncommon,1,104676,5e5b2324-69fe-4105-b6f8-14dfbe359d59,0.1,false,false,near_mint,en,USD,2026-04-18T02:54:43.271Z
Bulk,binder,Gods Willing,CLU,Ravnica: Clue Edition,63,normal,common,1,90671,138f0e49-71d5-4582-92be-797e753f0f42,0.09,false,false,near_mint,en,USD,2026-04-18T02:54:43.272Z
Bulk,binder,Phoenix Down,FIN,Final Fantasy,29,normal,uncommon,5,105961,62e299b0-9ef6-49d3-aa79-384325fed89e,0.15,false,false,near_mint,en,USD,2026-04-18T02:54:43.274Z
Bulk,binder,Plate Armor,AFR,Adventures in the Forgotten Realms,32,normal,uncommon,1,60379,ad447e50-cfb1-40df-ae01-a65c46f2f572,0.3,false,false,near_mint,en,USD,2026-04-18T02:54:43.276Z
Bulk,binder,Fall of the First Civilization,ACR,Assassin's Creed,4,normal,uncommon,1,95419,85a8c84b-7d6c-4068-97b1-bc5dec46732c,0.28,false,false,near_mint,en,USD,2026-04-18T02:54:43.277Z
Bulk,binder,Driftgloom Coyote,BLB,Bloomburrow,11,normal,uncommon,1,95969,d7ab2de3-3aea-461a-a74f-fb742cf8a198,0.09,false,false,near_mint,en,USD,2026-04-18T02:54:43.279Z
Bulk,binder,Dewdrop Cure,BLB,Bloomburrow,10,normal,uncommon,1,95932,666aefc2-44e0-4c27-88d5-7906f245a71f,0.12,false,false,near_mint,en,USD,2026-04-18T02:54:43.280Z
Bulk,binder,Hookblade,ACR,Assassin's Creed,6,normal,uncommon,1,95515,e17eca56-f658-410f-b505-8cbc87d4f253,0.19,false,false,near_mint,en,USD,2026-04-18T02:54:43.281Z
Bulk,binder,Haystack,ACR,Assassin's Creed,5,normal,uncommon,1,95258,46e791f0-297b-46bf-acd5-f62458009d76,0.39,false,false,near_mint,en,USD,2026-04-18T02:54:43.282Z
Bulk,binder,Hop to It,BLB,Bloomburrow,16,normal,uncommon,1,95851,ee7207f8-5daa-42af-aeea-7a489047110b,0.22,false,false,near_mint,en,USD,2026-04-18T02:54:43.284Z
Bulk,binder,"Faramir, Field Commander",LTR,The Lord of the Rings: Tales of Middle-earth,14,normal,uncommon,1,82889,17c2250a-9af1-40de-9f09-7e8c7daec520,0.13,false,false,near_mint,en,USD,2026-04-18T02:54:43.285Z
Bulk,binder,Samwise the Stouthearted,LTR,The Lord of the Rings: Tales of Middle-earth,28,normal,uncommon,1,82922,214c270e-29ca-4d69-bea6-9252ae7707ad,0.23,false,false,near_mint,en,USD,2026-04-18T02:54:43.286Z
Bulk,binder,Tale of Tinúviel,LTR,The Lord of the Rings: Tales of Middle-earth,34,normal,uncommon,1,83330,9ae65f96-7bfd-4390-88bf-764c26bf4668,0.23,false,false,near_mint,en,USD,2026-04-18T02:54:43.287Z
Bulk,binder,Shire Shirriff,LTR,The Lord of the Rings: Tales of Middle-earth,30,normal,uncommon,1,83039,444b687f-2571-4c55-a497-d24b9e18bc0f,0.14,false,false,near_mint,en,USD,2026-04-18T02:54:43.288Z
Bulk,binder,Bill the Pony,LTR,The Lord of the Rings: Tales of Middle-earth,3,normal,uncommon,1,83328,9ac68519-ed7f-4f38-9549-c02975f88eed,0.19,false,false,near_mint,en,USD,2026-04-18T02:54:43.289Z
Bulk,binder,Beckoning Will-o'-Wisp,CLB,Commander Legends: Battle for Baldur's Gate,10,normal,uncommon,1,69331,dc02d647-b95b-4442-a924-64a4c94a4e8d,0.12,false,false,near_mint,en,USD,2026-04-18T02:54:43.290Z
Bulk,binder,Contraband Livestock,CLB,Commander Legends: Battle for Baldur's Gate,12,normal,uncommon,1,69319,d59299b0-91d9-4131-b8d9-614088e1ccaf,0.31,false,false,near_mint,en,USD,2026-04-18T02:54:43.293Z
Bulk,binder,Rescuer Chwinga,CLB,Commander Legends: Battle for Baldur's Gate,39,normal,uncommon,1,69098,73b17c29-c796-460b-a0c6-7638fb80e397,0.23,false,false,near_mint,en,USD,2026-04-18T02:54:43.294Z
Bulk,binder,Loyal Pegasus,M20,Core Set 2020,28,normal,uncommon,1,45433,7cae7971-953b-454a-84dd-ae2974946da9,0.13,false,false,near_mint,en,USD,2026-04-18T02:54:43.295Z
Bulk,binder,Feather of Flight,BLB,Bloomburrow,13,normal,uncommon,1,95956,9fb41503-8632-4bf1-9bfe-6d9b9993c337,0.34,false,false,near_mint,en,USD,2026-04-18T02:54:43.300Z
Bulk,binder,Starfield Shepherd,EOE,Edge of Eternities,37,normal,uncommon,1,106954,1226e575-aa78-4c68-be1d-6e5c2dc6315b,0.36,false,false,near_mint,en,USD,2026-04-18T02:54:43.301Z
Bulk,binder,Scout for Survivors,EOE,Edge of Eternities,33,normal,uncommon,1,107349,ebf3a6dd-a447-46f9-8b10-091ac8cbaa18,0.24,false,false,near_mint,en,USD,2026-04-18T02:54:43.302Z
Bulk,binder,Refurbish,KLD,Kaladesh,25,normal,uncommon,1,7618,f60e2ac4-f21f-4232-abc8-db078472408b,0.15,false,false,near_mint,en,USD,2026-04-18T02:54:43.304Z
Bulk,binder,Zhalfirin Decoy,MH1,Modern Horizons,39,normal,uncommon,1,44895,b93b824c-414d-4dd5-848f-bff678a289ba,0.08,false,false,near_mint,en,USD,2026-04-18T02:54:43.305Z
Bulk,binder,Vesperlark,MH1,Modern Horizons,35,normal,uncommon,1,44899,32776159-3fb6-4a70-be84-837ccd1d54a7,0.3,false,false,near_mint,en,USD,2026-04-18T02:54:43.307Z
Bulk,binder,Face of Divinity,MH1,Modern Horizons,8,normal,uncommon,1,44926,14167f33-00e2-41f9-b545-b476562881c6,0.19,false,false,near_mint,en,USD,2026-04-18T02:54:43.308Z
Bulk,binder,Prison Realm,WAR,War of the Spark,26,normal,uncommon,1,44378,d476e8e5-2377-464b-b2d5-a3cd66ee2e45,0.14,false,false,near_mint,en,USD,2026-04-18T02:54:43.310Z
Bulk,binder,Banishment,CLB,Commander Legends: Battle for Baldur's Gate,8,normal,uncommon,1,69202,a71caadb-31ab-4b7f-b304-e7d3e8f9d132,0.12,false,false,near_mint,en,USD,2026-04-18T02:54:43.313Z
Bulk,binder,"Ellyn Harbreeze, Busybody",CLB,Commander Legends: Battle for Baldur's Gate,16,normal,uncommon,1,69190,a038dbc9-0da1-4e65-9369-45c614f285f8,0.15,false,false,near_mint,en,USD,2026-04-18T02:54:43.315Z
Bulk,binder,On Thin Ice,MH1,Modern Horizons,20,normal,rare,1,44914,b7d4f6b0-ea17-4374-a80c-ba4dd207e9d6,0.95,false,false,near_mint,en,USD,2026-04-18T02:54:43.326Z
Bulk,binder,Machinist's Arsenal,FIN,Final Fantasy,23,normal,rare,1,106381,ff976428-2145-4630-aab1-08870b90b2f0,0.59,false,false,near_mint,en,USD,2026-04-18T02:54:43.327Z
Bulk,binder,Salvation Swan,BLB,Bloomburrow,28,normal,rare,1,95635,b2656160-d319-4530-a6e5-c418596c3f12,0.2,false,false,near_mint,en,USD,2026-04-18T02:54:43.328Z
Bulk,binder,Healer's Flock,MH2,Modern Horizons 2,16,normal,uncommon,1,59771,b93b5429-8512-4ab6-9ecd-fa270e0144f3,0.21,false,false,near_mint,en,USD,2026-04-18T02:54:43.329Z
Bulk,binder,Slaughter the Strong,CLB,Commander Legends: Battle for Baldur's Gate,43,normal,uncommon,1,69084,6c9f8aea-0c9a-4686-b551-35e2a72ef701,0.25,false,false,near_mint,en,USD,2026-04-18T02:54:43.330Z
Bulk,binder,Patched Plaything,DSK,Duskmourn: House of Horror,24,normal,uncommon,1,98627,513da431-4f3a-4f4a-8be4-7e162dd93307,0.08,false,false,near_mint,en,USD,2026-04-18T02:54:43.331Z
Bulk,binder,Cursed Courtier,WOE,Wilds of Eldraine,9,normal,uncommon,1,85356,3d2d5a71-d6e1-4c96-9a53-0e370047a56e,0.06,false,false,near_mint,en,USD,2026-04-18T02:54:43.332Z
Bulk,binder,Aven Gagglemaster,M21,Core Set 2021,5,normal,uncommon,1,50986,c5b57247-81cc-44ec-b5a9-0702111a98a8,0.23,false,false,near_mint,en,USD,2026-04-18T02:54:43.333Z
Bulk,binder,Auron's Inspiration,FIN,Final Fantasy,8,normal,uncommon,1,106349,77d82764-563c-4bc2-b568-625ec7215e0d,0.18,false,false,near_mint,en,USD,2026-04-18T02:54:43.336Z
Bulk,binder,Dual-Sun Adepts,EOE,Edge of Eternities,12,normal,uncommon,1,107771,c7e8c830-77ae-437f-8e28-ce61c5fde6b6,0.04,false,false,near_mint,en,USD,2026-04-18T02:54:43.337Z
Bulk,binder,"Abdel Adrian, Gorion's Ward",CLB,Commander Legends: Battle for Baldur's Gate,2,normal,uncommon,1,68967,396f9198-67b6-45d8-91b4-dc853bff9623,0.36,false,false,near_mint,en,USD,2026-04-18T02:54:43.338Z
Bulk,binder,"Senu, Keen-Eyed Protector",ACR,Assassin's Creed,8,normal,rare,1,95376,5671a03d-0858-41e7-976c-60825c29af04,0.64,false,false,near_mint,en,USD,2026-04-18T02:54:43.339Z
Bulk,binder,Cat Collector,FDN,Foundations,4,normal,uncommon,1,100507,526fe356-bff1-4211-9e88-bf913ac76b1d,0.28,false,false,near_mint,en,USD,2026-04-18T02:54:43.342Z
Bulk,binder,Serra Angel,FDN,Foundations,147,normal,uncommon,1,100391,3cee9303-9d65-45a2-93d4-ef4aba59141b,0.17,false,false,near_mint,en,USD,2026-04-18T02:54:43.343Z
Bulk,binder,Ajani's Pridemate,FDN,Foundations,135,normal,uncommon,1,100255,222c1a68-e34c-4103-b1be-17d4ceaef6ce,0.22,false,false,near_mint,en,USD,2026-04-18T02:54:43.344Z
Bulk,binder,Mischievous Pup,FDN,Foundations,144,normal,uncommon,1,100670,7214d984-6400-44d7-bde6-57d96b606e78,0.12,false,false,near_mint,en,USD,2026-04-18T02:54:43.348Z
Bulk,binder,Angel of Finality,FDN,Foundations,136,normal,uncommon,1,101057,baaabd52-3aa9-4e2f-9369-d4db8b405ba8,0.27,false,false,near_mint,en,USD,2026-04-18T02:54:43.349Z
Bulk,binder,Mouse Trapper,BLB,Bloomburrow,22,normal,uncommon,1,95948,8ba1bc5a-03e7-44ec-893e-44042cbc02ef,0.11,false,false,near_mint,en,USD,2026-04-18T02:54:43.350Z
Bulk,binder,"Baird, Steward of Argive",BLC,Bloomburrow Commander,135,normal,uncommon,1,96279,5165b4fa-ce48-49c3-9cb3-dc6ece8c0f08,0.25,false,false,near_mint,en,USD,2026-04-18T02:54:43.352Z
Bulk,binder,Ultima,FIN,Final Fantasy,38,normal,rare,1,106536,39504a0e-f63f-4907-afd7-c4492f6b8a3b,0.51,false,false,near_mint,en,USD,2026-04-18T02:54:43.353Z
Bulk,binder,Lingering Souls,FIC,Final Fantasy Commander,245,normal,uncommon,1,106215,e464408d-3e50-4a9e-beca-b91e15baacaf,0.22,false,false,near_mint,en,USD,2026-04-18T02:54:43.354Z
Bulk,binder,Dancer's Chakrams,FIC,Final Fantasy Commander,17,normal,rare,1,105860,27ec595f-406b-4539-8d2e-eb98df1a0fc9,0.33,false,false,near_mint,en,USD,2026-04-18T02:54:43.355Z
Bulk,binder,Meticulous Excavation,BRO,The Brothers' War,16,normal,uncommon,1,75861,e811461a-6a90-416f-940c-c9579659ae0c,0.12,false,false,near_mint,en,USD,2026-04-18T02:54:43.356Z
Bulk,binder,Sanctuary Wall,MKM,Murders at Karlov Manor,32,normal,uncommon,1,90843,4a009ba2-c7b9-4cf6-bb90-9d6fd589e932,0.06,false,false,near_mint,en,USD,2026-04-18T02:54:43.357Z
Bulk,binder,Bovine Intervention,OTJ,Outlaws of Thunder Junction,6,normal,uncommon,1,93095,26c36742-456f-4618-99bc-793ef20b31b0,0.29,false,false,near_mint,en,USD,2026-04-18T02:54:43.358Z
Bulk,binder,Seam Rip,EOE,Edge of Eternities,34,normal,uncommon,1,107750,9d298847-2d02-4593-b4d3-c5b722edac1e,0.69,false,false,near_mint,en,USD,2026-04-18T02:54:43.360Z
Bulk,binder,Raise the Past,FDN,Foundations,22,normal,rare,1,100641,6c6be129-56da-4fe7-a6bd-6a1d402c09e1,0.44,false,false,near_mint,en,USD,2026-04-18T02:54:43.361Z
Bulk,binder,Aetherstorm Roc,M3C,Modern Horizons 3 Commander,164,normal,rare,1,94811,cb39b0ed-75d8-403a-ab0e-3e876ee7a38c,0.09,false,false,near_mint,en,USD,2026-04-18T02:54:43.362Z
Bulk,binder,Angel of Invention,TDC,Tarkir: Dragonstorm Commander,109,normal,mythic,1,104823,98c42f02-6eda-4ef7-929f-b3a2ece9f650,0.33,false,false,near_mint,en,USD,2026-04-18T02:54:43.363Z
Bulk,binder,Aethergeode Miner,M3C,Modern Horizons 3 Commander,163,normal,rare,1,94818,d95db4ba-449f-416d-96cf-a07ec7dbc647,0.14,false,false,near_mint,en,USD,2026-04-18T02:54:43.364Z
Bulk,binder,Razorfield Ripper,M3C,Modern Horizons 3 Commander,94,normal,rare,1,94789,9f9ee2dd-dfc1-4d1b-a26a-68f9bc749149,0.11,false,false,near_mint,en,USD,2026-04-18T02:54:43.365Z
Bulk,binder,Silverquill Lecturer,M3C,Modern Horizons 3 Commander,96,normal,rare,1,94742,507e34d0-cdc5-4226-9664-b725b702044d,0.32,false,false,near_mint,en,USD,2026-04-18T02:54:43.366Z
Bulk,binder,Salvation Colossus,M3C,Modern Horizons 3 Commander,95,normal,rare,1,94732,3c6c7310-c789-4334-9aa7-1f5e891bae9f,0.18,false,false,near_mint,en,USD,2026-04-18T02:54:43.367Z
Bulk,binder,Localized Destruction,M3C,Modern Horizons 3 Commander,93,normal,rare,1,94758,71337d43-b6b2-4dc6-a980-3f1c4fe5a330,0.21,false,false,near_mint,en,USD,2026-04-18T02:54:43.368Z
Bulk,binder,Beyond the Quiet,EOE,Edge of Eternities,7,normal,rare,1,107547,ce503869-8130-4afe-9691-4e90376b4bc4,0.31,false,false,near_mint,en,USD,2026-04-18T02:54:43.369Z
Bulk,binder,Twinblade Blessing,FDN,Foundations,26,normal,uncommon,1,101310,ecf01cbe-9fcb-4f35-bc6b-2280620b06ff,0.27,false,false,near_mint,en,USD,2026-04-18T02:54:43.370Z
Bulk,binder,"Haliya, Guided by Light",EOE,Edge of Eternities,19,normal,rare,1,107055,6f7c63ae-5df3-410f-8643-b8c69133ca9d,4.22,false,false,near_mint,en,USD,2026-04-18T02:54:43.371Z
Bulk,binder,"Loran, Disciple of History",BRO,The Brothers' War,13,normal,uncommon,1,75655,9998f898-1f08-481b-8505-b890f0fec5e0,0.17,false,false,near_mint,en,USD,2026-04-18T02:54:43.374Z
Bulk,binder,"Stiltzkin, Moogle Merchant",FIN,Final Fantasy,34,normal,rare,2,103775,06a972a4-0c1b-4f12-a5a5-fdea47c4cd35,0.31,false,false,near_mint,en,USD,2026-04-18T02:54:43.375Z
Bulk,binder,Eternal Isolation,M20,Core Set 2020,15,normal,uncommon,1,45446,021963bf-87fc-432f-b9a1-4f627885a7a9,0.08,false,false,near_mint,en,USD,2026-04-18T02:54:43.376Z
Bulk,binder,Dauntless Veteran,FDN,Foundations,8,normal,uncommon,1,100704,7a136f26-ac66-407f-b389-357222d2c4a2,0.07,false,false,near_mint,en,USD,2026-04-18T02:54:43.381Z
Bulk,binder,Kayla's Reconstruction,BRO,The Brothers' War,10,normal,rare,2,75360,2bb84e72-0231-461a-a230-d8afa6e54289,0.24,false,false,near_mint,en,USD,2026-04-18T02:54:43.383Z
Bulk,binder,Honor,EOE,Edge of Eternities,21,normal,uncommon,1,107551,d0b4e925-1d59-41a1-bc06-9982695d778f,0.3,false,false,near_mint,en,USD,2026-04-18T02:54:43.384Z
Bulk,binder,Hourglass of the Lost,M3C,Modern Horizons 3 Commander,92,normal,rare,1,94710,147b0ab2-3ac8-425a-9e1d-7580de58235c,0.38,false,false,near_mint,en,USD,2026-04-18T02:54:43.385Z
Bulk,binder,Glider Staff,TLA,Avatar: The Last Airbender,22,normal,uncommon,1,109467,7517f2eb-a24d-49f6-82bf-08de55d3789a,0.22,false,false,near_mint,en,USD,2026-04-18T02:54:43.386Z
Bulk,binder,Master Piandao,TLA,Avatar: The Last Airbender,28,normal,uncommon,2,108191,3e4a042c-f2a6-45e7-9444-acd1ca838b87,0.15,false,false,near_mint,en,USD,2026-04-18T02:54:43.387Z
Bulk,binder,"Momo, Friendly Flier",TLA,Avatar: The Last Airbender,29,normal,rare,1,108136,c472ef84-a632-4ad7-853c-60588a7a4b12,0.43,false,false,near_mint,en,USD,2026-04-18T02:54:43.388Z
Bulk,binder,Earth Kingdom Protectors,TLA,Avatar: The Last Airbender,17,normal,uncommon,2,109801,d263472e-1d75-4cb9-8f7b-986fa22bc841,0.27,false,false,near_mint,en,USD,2026-04-18T02:54:43.390Z
Bulk,binder,Keen-Eyed Curator,BLB,Bloomburrow,181,normal,rare,1,96080,8cf33d80-0704-4dc4-8e8d-1dcbcbc35add,0.6,false,false,near_mint,en,USD,2026-04-18T02:54:43.392Z
Bulk,binder,Rambling Possum,OTJ,Outlaws of Thunder Junction,176,normal,uncommon,1,93073,19d1e75f-0fee-4e07-9420-df771b696e85,0.09,false,false,near_mint,en,USD,2026-04-18T02:54:43.393Z
Bulk,binder,Greenbelt Radical,MKM,Murders at Karlov Manor,163,normal,uncommon,1,91029,88e62346-cc62-4938-970c-b56beeb79fa6,0.26,false,false,near_mint,en,USD,2026-04-18T02:54:43.394Z
Bulk,binder,Selesnya Eulogist,C19,Commander 2019,35,normal,rare,1,45899,3e65d501-6a11-4278-949b-53a3f3502fcc,0.4,false,false,near_mint,en,USD,2026-04-18T02:54:43.396Z
Bulk,binder,Honored Dreyleader,BLB,Bloomburrow,178,normal,uncommon,1,96107,bc5ee537-52e1-474a-9326-dfacc2a758ab,0.22,false,false,near_mint,en,USD,2026-04-18T02:54:43.399Z
Bulk,binder,Thornvault Forager,BLB,Bloomburrow,197,normal,rare,1,95807,8c2d6b02-a453-40f9-992a-5c5542987cfb,0.49,false,false,near_mint,en,USD,2026-04-18T02:54:43.400Z
Bulk,binder,Meltstrider Eulogist,EOE,Edge of Eternities,197,normal,uncommon,1,107563,df61aa0c-effc-4d57-be19-876a82c41d33,0.09,false,false,near_mint,en,USD,2026-04-18T02:54:43.401Z
Bulk,binder,Dúnedain Rangers,LTR,The Lord of the Rings: Tales of Middle-earth,159,normal,uncommon,1,83133,630e1e36-2f5d-44d4-9ff2-19ae75295016,0.1,false,false,near_mint,en,USD,2026-04-18T02:54:43.403Z
Bulk,binder,Gift of Strands,LTR,The Lord of the Rings: Tales of Middle-earth,170,normal,uncommon,1,83277,8c54ee0c-1432-4f20-9a92-2cdfcbab30ac,0.15,false,false,near_mint,en,USD,2026-04-18T02:54:43.404Z
Bulk,binder,Long List of the Ents,LTR,The Lord of the Rings: Tales of Middle-earth,174,normal,uncommon,1,82946,27347256-2ac4-4b12-b288-0a8d578a1ff2,0.16,false,false,near_mint,en,USD,2026-04-18T02:54:43.405Z
Bulk,binder,Scale Up,MH1,Modern Horizons,179,normal,uncommon,1,44755,3f2d9bae-2753-486c-be79-2438208ac353,0.46,false,false,near_mint,en,USD,2026-04-18T02:54:43.406Z
Bulk,binder,Sharpshooter Elf,CLB,Commander Legends: Battle for Baldur's Gate,253,normal,uncommon,1,69301,cfcd60dc-9534-412d-af48-31fcd8ea0843,0.31,false,false,near_mint,en,USD,2026-04-18T02:54:43.410Z
Bulk,binder,Glacial Revelation,MH1,Modern Horizons,167,normal,uncommon,1,44767,f615a5e9-deec-46cc-9444-de81cb0da9c0,0.12,false,false,near_mint,en,USD,2026-04-18T02:54:43.412Z
Bulk,binder,Thrashing Brontodon,FDN,Foundations,560,normal,uncommon,1,101519,592364bf-68b5-4ea0-97d6-c7cadce940fd,0.12,false,false,near_mint,en,USD,2026-04-18T02:54:43.413Z
Bulk,binder,Skanos Dragonheart,CLB,Commander Legends: Battle for Baldur's Gate,410,normal,uncommon,1,69362,ecda500f-4c54-4e0a-b4c7-e604d1e72d77,0.13,false,false,near_mint,en,USD,2026-04-18T02:54:43.414Z
Bulk,binder,Saddled Rimestag,MH1,Modern Horizons,177,normal,uncommon,1,44757,a0e8491f-9c51-41c0-994e-d3f0f5f6a411,0.12,false,false,near_mint,en,USD,2026-04-18T02:54:43.416Z
Bulk,binder,Conifer Wurm,MH1,Modern Horizons,159,normal,uncommon,1,44775,84f99d23-5d3e-4f36-b1c7-3a893e4b4c32,0.17,false,false,near_mint,en,USD,2026-04-18T02:54:43.417Z
Bulk,binder,Fear of Exposure,DSK,Duskmourn: House of Horror,177,normal,uncommon,1,99256,93bb4abc-5af1-4cf5-919b-244b6a36f8ec,0.04,false,false,near_mint,en,USD,2026-04-18T02:54:43.418Z
Bulk,binder,Owlbear Shepherd,CLB,Commander Legends: Battle for Baldur's Gate,247,normal,uncommon,1,68836,0a4813b2-3fd7-4a2b-b87a-9ce5bb18bdd4,0.1,false,false,near_mint,en,USD,2026-04-18T02:54:43.423Z
Bulk,binder,Skanos Dragonheart,CLB,Commander Legends: Battle for Baldur's Gate,255,normal,uncommon,1,69344,e2f9233c-9d9f-480b-89fb-54d74d63a17a,0.17,false,false,near_mint,en,USD,2026-04-18T02:54:43.424Z
Bulk,binder,Summon: Fenrir,FIN,Final Fantasy,203,normal,uncommon,2,105669,93feb9d5-d004-4598-a448-b3488c869c05,0.24,false,false,near_mint,en,USD,2026-04-18T02:54:43.430Z
Bulk,binder,Earthquake Dragon,CLB,Commander Legends: Battle for Baldur's Gate,228,normal,rare,1,69267,bfedfd30-8075-429e-a0fa-4919920c8632,5.09,false,false,near_mint,en,USD,2026-04-18T02:54:43.434Z
Bulk,binder,Rite of Renewal,TDM,Tarkir: Dragonstorm,153,normal,uncommon,1,104390,f737698a-d934-4851-b238-828959ef4835,0.21,false,false,near_mint,en,USD,2026-04-18T02:54:43.436Z
Bulk,binder,Explore the Underdark,CLB,Commander Legends: Battle for Baldur's Gate,232,normal,uncommon,1,68846,0cbf06f5-d1c7-474c-8f09-72f5ad0c8120,0.19,false,false,near_mint,en,USD,2026-04-18T02:54:43.437Z
Bulk,binder,Patchwork Beastie,DSK,Duskmourn: House of Horror,195,normal,uncommon,1,98721,895de583-36d2-43fd-927f-8876d4302c73,0.09,false,false,near_mint,en,USD,2026-04-18T02:54:43.438Z
Bulk,binder,The Huntsman's Redemption,WOE,Wilds of Eldraine,176,normal,rare,1,85305,27003577-e276-4ad5-b3e9-8523b166ad49,0.28,false,false,near_mint,en,USD,2026-04-18T02:54:43.439Z
Bulk,binder,Elephant-Mandrill,TLE,Avatar: The Last Airbender Eternal,138,normal,uncommon,1,109756,a23d6283-c7a3-45a1-8c6b-cd806212d5e3,0.16,false,false,near_mint,en,USD,2026-04-18T02:54:43.440Z
Bulk,binder,"Torgal, A Fine Hound",FIN,Final Fantasy,208,normal,uncommon,4,106422,0f5725aa-42bb-4dfd-9c15-135b38b33da3,0.19,false,false,near_mint,en,USD,2026-04-18T02:54:43.441Z
Bulk,binder,Accomplished Alchemist,STX,Strixhaven: School of Mages,119,normal,rare,1,57992,0d7b7830-b65e-4c53-98e8-152026764e4b,0.39,false,false,near_mint,en,USD,2026-04-18T02:54:43.443Z
Bulk,binder,Fallaji Excavation,BRO,The Brothers' War,178,normal,uncommon,1,75705,ac75c41f-82dc-4b06-a233-9b74ea177a3d,0.08,false,false,near_mint,en,USD,2026-04-18T02:54:43.444Z
Bulk,binder,Outcaster Greenblade,OTJ,Outlaws of Thunder Junction,172,normal,uncommon,1,93344,c9458f0f-5593-4ac9-934c-e215ef8093a7,0.1,false,false,near_mint,en,USD,2026-04-18T02:54:43.447Z
Bulk,binder,Tapestry Warden,EOE,Edge of Eternities,209,normal,uncommon,1,107068,7cbbab6c-43ae-4e50-97ce-532a3316591a,0.09,false,false,near_mint,en,USD,2026-04-18T02:54:43.450Z
Bulk,binder,Quakestrider Ceratops,FDN,Foundations,110,normal,uncommon,1,100120,067f72c2-ead6-4879-bc9d-696c9f87c0b2,0.25,false,false,near_mint,en,USD,2026-04-18T02:54:43.456Z
Bulk,binder,Gravedigger,M19,Core Set 2019,98,normal,uncommon,1,1214,3c6d2a84-5e47-4f7a-83f7-ee4e670980c7,0.1,false,false,near_mint,en,USD,2026-04-18T02:54:43.458Z
Bulk,binder,Reno and Rude,FIN,Final Fantasy,113,normal,uncommon,3,106358,b5eb0064-c7c4-4e3e-add2-b86269de3fb9,0.12,false,false,near_mint,en,USD,2026-04-18T02:54:43.459Z
Bulk,binder,Grim Wanderer,AFR,Adventures in the Forgotten Realms,107,normal,uncommon,1,60473,e339f0f7-a79d-4947-a9c4-b9a0949dd06a,0.06,false,false,near_mint,en,USD,2026-04-18T02:54:43.463Z
Bulk,binder,Agent of the Iron Throne,CLB,Commander Legends: Battle for Baldur's Gate,107,normal,uncommon,1,69046,5a5984d3-1e76-4d97-9373-b59cfa9c38ae,0.46,false,false,near_mint,en,USD,2026-04-18T02:54:43.466Z
Bulk,binder,Dubious Delicacy,EOE,Edge of Eternities,96,normal,uncommon,1,107377,153265b4-0ca4-4245-9226-dd1a083ec91c,0.12,false,false,near_mint,en,USD,2026-04-18T02:54:43.469Z
Bulk,binder,Diregraf Ghoul,FDN,Foundations,171,normal,uncommon,1,100439,4682012c-d7e0-4257-b538-3de497507464,0.07,false,false,near_mint,en,USD,2026-04-18T02:54:43.474Z
Bulk,binder,Gollum's Bite,LTR,The Lord of the Rings: Tales of Middle-earth,85,normal,uncommon,1,82900,1b1e790e-ff82-4888-8aee-9986c646241a,0.2,false,false,near_mint,en,USD,2026-04-18T02:54:43.482Z
Bulk,binder,"Viconia, Drow Apostate",CLB,Commander Legends: Battle for Baldur's Gate,394,normal,uncommon,1,69387,f99ecf8e-3819-4a14-b2e8-8fcd3fef5846,0.23,false,false,near_mint,en,USD,2026-04-18T02:54:43.484Z
Bulk,binder,Throatseeker,MH1,Modern Horizons,110,normal,uncommon,1,44824,b07b3736-25e7-46f2-bea5-543ec13995b1,0.44,false,false,near_mint,en,USD,2026-04-18T02:54:43.487Z
Bulk,binder,Bitter Downfall,LTR,The Lord of the Rings: Tales of Middle-earth,77,normal,uncommon,1,83593,e4b83aa1-33ce-4b8d-ae5a-72f64eef5f09,0.11,false,false,near_mint,en,USD,2026-04-18T02:54:43.491Z
Bulk,binder,Priest of Gix,DDE,Duel Decks: Phyrexia vs. the Coalition,7,normal,uncommon,1,22034,8cbc4c4c-f1f5-4593-9894-1d8715a2f2c1,0.48,false,false,near_mint,en,USD,2026-04-18T02:54:43.492Z
Bulk,binder,Cloudkill,CLB,Commander Legends: Battle for Baldur's Gate,121,normal,uncommon,1,69120,7c71b2b8-f5ef-4885-9f8d-284fe335d184,0.1,false,false,near_mint,en,USD,2026-04-18T02:54:43.493Z
Bulk,binder,"Gollum, Patient Plotter",LTR,The Lord of the Rings: Tales of Middle-earth,309,normal,uncommon,1,83375,a881aa61-fc7c-4ffb-a129-f75be8b2e498,0.21,false,false,near_mint,en,USD,2026-04-18T02:54:43.495Z
Bulk,binder,Krumar Initiate,TDM,Tarkir: Dragonstorm,84,normal,uncommon,1,104916,bc66680f-24ab-433a-8197-feac3a174075,0.1,false,false,near_mint,en,USD,2026-04-18T02:54:43.497Z
Bulk,binder,Shatter Assumptions,MH1,Modern Horizons,106,normal,uncommon,1,44828,7f224f64-513f-4c01-9b1b-bb89e366f1c4,0.11,false,false,near_mint,en,USD,2026-04-18T02:54:43.498Z
Bulk,binder,Dregscape Sliver,MH1,Modern Horizons,88,normal,uncommon,1,44846,4a835b7e-cd63-486d-8b58-2f443f686e32,0.34,false,false,near_mint,en,USD,2026-04-18T02:54:43.499Z
Bulk,binder,Nothic,CLB,Commander Legends: Battle for Baldur's Gate,138,normal,uncommon,1,69123,7f9fd859-577f-4836-b785-1cf11808b892,0.12,false,false,near_mint,en,USD,2026-04-18T02:54:43.502Z
Bulk,binder,"Safana, Calimport Cutthroat",CLB,Commander Legends: Battle for Baldur's Gate,143,normal,uncommon,1,69356,e9367f66-6556-459c-a43d-5ba7a84b568d,0.09,false,false,near_mint,en,USD,2026-04-18T02:54:43.504Z
Bulk,binder,Demon Wall,FIN,Final Fantasy,97,normal,uncommon,2,106514,13abd96c-d1af-43d0-b3a4-ac3db20e3b51,0.16,false,false,near_mint,en,USD,2026-04-18T02:54:43.505Z
Bulk,binder,Scion of the Swarm,ZNR,Zendikar Rising,121,normal,uncommon,1,54413,043926fe-d25f-40b4-b556-181503434e68,0.06,false,false,near_mint,en,USD,2026-04-18T02:54:43.518Z
Bulk,binder,Priest of Gix,J25,Foundations Jumpstart,121,normal,uncommon,1,100283,27987965-9fc3-4629-8477-d48cab8b43d5,0.36,false,false,near_mint,en,USD,2026-04-18T02:54:43.519Z
Bulk,binder,Bonecaller Cleric,J25,Foundations Jumpstart,112,normal,uncommon,1,101218,db07c4d0-cc16-49fb-93b8-af3fe8e6670f,0.17,false,false,near_mint,en,USD,2026-04-18T02:54:43.520Z
Bulk,binder,Gurmag Rakshasa,TDM,Tarkir: Dragonstorm,81,normal,uncommon,1,105173,f05ad909-8860-473b-9a30-a322f7670b32,0.06,false,false,near_mint,en,USD,2026-04-18T02:54:43.525Z
Bulk,binder,Circle of Power,FIN,Final Fantasy,92,normal,uncommon,1,106164,c969bd0f-f174-4e2f-b95c-c9ccd5d0b8ba,0.16,false,false,near_mint,en,USD,2026-04-18T02:54:43.526Z
Bulk,binder,Nihilistic Glee,DIS,Dissension,50,normal,rare,1,27375,f603486d-c8d7-4a02-bdb3-c25d2bc62ba6,0.34,false,false,near_mint,en,USD,2026-04-18T02:54:43.527Z
Bulk,binder,Legion's End,M20,Core Set 2020,106,normal,rare,1,45355,49a1cd92-9d75-4e22-a934-a26d84967015,0.16,false,false,near_mint,en,USD,2026-04-18T02:54:43.530Z
Bulk,binder,Archfiend's Vessel,M21,Core Set 2021,88,normal,uncommon,1,50880,83437022-ba00-4370-83c2-ce1260336fcc,0.22,false,false,near_mint,en,USD,2026-04-18T02:54:43.532Z
Bulk,binder,Vampire of the Dire Moon,M20,Core Set 2020,120,normal,uncommon,1,45341,b3c185b9-5d97-4a5a-af0b-8b9c44dcd235,0.72,false,false,near_mint,en,USD,2026-04-18T02:54:43.533Z
Bulk,binder,Tonberry,FIN,Final Fantasy,122,normal,uncommon,2,103781,1a9b8723-4383-4c14-b24d-52863af8703d,0.22,false,false,near_mint,en,USD,2026-04-18T02:54:43.534Z
Bulk,binder,Jacob Frye,ACR,Assassin's Creed,27,normal,rare,1,95313,23422e75-e1c7-484b-aa1f-155ef9a998ec,0.17,false,false,near_mint,en,USD,2026-04-18T02:54:43.536Z
Bulk,binder,Unholy Annex // Ritual Chamber,DSK,Duskmourn: House of Horror,118,normal,rare,1,98774,0fb4c734-c698-46f2-bc78-5f036f472e5b,1.7,false,false,near_mint,en,USD,2026-04-18T02:54:43.538Z
Bulk,binder,Hymn of the Faller,EOE,Edge of Eternities,107,normal,uncommon,1,107568,e468d528-6cf0-4563-9da2-e388ba56cb9d,0.08,false,false,near_mint,en,USD,2026-04-18T02:54:43.539Z
Bulk,binder,Poison the Waters,FIN,Final Fantasy,111,normal,uncommon,3,106380,ff2bafe7-4d0f-464d-b7ba-55a54366fc68,0.12,false,false,near_mint,en,USD,2026-04-18T02:54:43.542Z
Bulk,binder,Blood for Bones,M20,Core Set 2020,89,normal,uncommon,1,45372,7892b516-0dce-491f-8b42-031d64397e26,0.49,false,false,near_mint,en,USD,2026-04-18T02:54:43.543Z
Bulk,binder,Case of the Gorgon's Kiss,MKM,Murders at Karlov Manor,79,normal,uncommon,1,90831,45e4c07a-3205-4193-8163-b0e63e6242a4,0.08,false,false,near_mint,en,USD,2026-04-18T02:54:43.544Z
Bulk,binder,Vampiric Rites,FDN,Foundations,615,normal,uncommon,1,100875,9ae0b1e0-a481-4a98-b67b-0cf8bac53fdd,0.18,false,false,near_mint,en,USD,2026-04-18T02:54:43.545Z
Bulk,binder,Deadly Embrace,FIN,Final Fantasy,557,normal,rare,1,106087,a11cb85c-85dd-435c-8303-4d0d18bdb1e9,0.25,false,false,near_mint,en,USD,2026-04-18T02:54:43.546Z
Bulk,binder,Chain Assassination,ACR,Assassin's Creed,23,normal,uncommon,1,95505,d4bcd9c9-5957-48ee-9c12-f659c5fd07d0,0.2,false,false,near_mint,en,USD,2026-04-18T02:54:43.547Z
Bulk,binder,Infernal Vessel,FDN,Foundations,63,normal,uncommon,1,101560,877b6330-2d0b-4f2f-a848-f10b06fb4ef5,0.1,false,false,near_mint,en,USD,2026-04-18T02:54:43.548Z
Bulk,binder,Arbiter of Woe,FDN,Foundations,55,normal,uncommon,1,101008,b2496c4a-df03-4583-bd76-f98ed5cb61ee,0.22,false,false,near_mint,en,USD,2026-04-18T02:54:43.552Z
Bulk,binder,Tragic Banshee,FDN,Foundations,73,normal,uncommon,1,100324,30df3e33-2f17-4067-99f1-5db6b0f41fd4,0.08,false,false,near_mint,en,USD,2026-04-18T02:54:43.553Z
Bulk,binder,Passageway Seer,CLB,Commander Legends: Battle for Baldur's Gate,141,normal,uncommon,1,69150,8aeee54a-5e16-4519-b04a-49eaaf896b9a,0.18,false,false,near_mint,en,USD,2026-04-18T02:54:43.556Z
Bulk,binder,Eyetwitch,STX,Strixhaven: School of Mages,70,normal,uncommon,1,58023,1f4d1bb6-cb8f-4d01-9879-0b3a0585cbf4,0.14,false,false,near_mint,en,USD,2026-04-18T02:54:43.558Z
Bulk,binder,Phantom Blade,ACR,Assassin's Creed,29,normal,uncommon,1,95525,ec5ec61b-5393-422b-b021-46b80bb42ac4,0.23,false,false,near_mint,en,USD,2026-04-18T02:54:43.565Z
Bulk,binder,Fell,BLB,Bloomburrow,95,normal,uncommon,1,95830,c96ac326-de44-470b-a592-a4c2a052c091,0.32,false,false,near_mint,en,USD,2026-04-18T02:54:43.566Z
Bulk,binder,Grinning Demon,ONS,Onslaught,153,normal,rare,1,31150,72de2f66-0b86-4c21-b4c8-c2d97e3fd095,3.11,false,false,near_mint,en,USD,2026-04-18T02:54:43.568Z
Bulk,binder,Priest of the Blood Rite,CMM,Commander Masters,179,normal,uncommon,1,84080,14db0f35-905b-45c9-a0cc-1c47720380eb,0.25,false,false,near_mint,en,USD,2026-04-18T02:54:43.569Z
Bulk,binder,Morkrut Necropod,SOI,Shadows over Innistrad,125,normal,uncommon,1,8871,f726f215-d0a5-4e2c-b874-9dc209479993,0.1,false,false,near_mint,en,USD,2026-04-18T02:54:43.570Z
Bulk,binder,Lord of the Pit,IMA,Iconic Masters,96,normal,rare,1,3529,5b626ab2-4cf6-42e8-a7e2-9c9f310d2f00,0.35,false,false,near_mint,en,USD,2026-04-18T02:54:43.571Z
Bulk,binder,Disciples of Gix,BRO,The Brothers' War,90,normal,uncommon,1,75575,7d356456-865d-4c92-8923-ce7384e29a79,0.11,false,false,near_mint,en,USD,2026-04-18T02:54:43.572Z
Bulk,binder,Undercity Eliminator,MKM,Murders at Karlov Manor,108,normal,uncommon,1,91100,a67a4c5e-215b-4f03-87f7-c1af4f9f0a63,0.21,false,false,near_mint,en,USD,2026-04-18T02:54:43.573Z
Bulk,binder,Unfortunate Accident,OTJ,Outlaws of Thunder Junction,111,normal,uncommon,1,93039,0c5a25d9-926e-4004-8830-2b2bf7bc0775,0.04,false,false,near_mint,en,USD,2026-04-18T02:54:43.574Z
Bulk,binder,"June, Bounty Hunter",TLA,Avatar: The Last Airbender,106,normal,uncommon,2,109385,148bbaab-bc7b-46ab-8e18-ade69d71d847,0.18,false,false,near_mint,en,USD,2026-04-18T02:54:43.575Z
Bulk,binder,Fatal Fissure,TLA,Avatar: The Last Airbender,97,normal,uncommon,2,109671,3343933d-4425-4ede-8d92-876bd0c6df60,0.18,false,false,near_mint,en,USD,2026-04-18T02:54:43.576Z
Bulk,binder,Wolfbat,TLA,Avatar: The Last Airbender,122,normal,uncommon,2,109666,2ae83b4e-e5a4-4c98-8d16-eef3c71b8ff2,0.14,false,false,near_mint,en,USD,2026-04-18T02:54:43.579Z
Bulk,binder,"Chandra, Fire Artisan",WAR,War of the Spark,119,normal,rare,1,44285,d21a7b23-8827-49f2-ade4-75a602d17743,0.42,false,false,near_mint,en,USD,2026-04-18T02:54:43.580Z
Bulk,binder,"Sarkhan, Fireblood",M19,Core Set 2019,154,normal,mythic,1,1158,3553a70e-75de-4a8c-9b20-92cd4a317101,2.54,false,false,near_mint,en,USD,2026-04-18T02:54:43.582Z
Bulk,binder,"Huatli, the Sun's Heart",WAR,War of the Spark,230,normal,uncommon,1,44174,d709742c-82a2-457e-9991-85e98d78029d,0.59,false,false,near_mint,en,USD,2026-04-18T02:54:43.584Z
Bulk,binder,"Kiora, Behemoth Beckoner",WAR,War of the Spark,232,normal,uncommon,1,44172,7a61b1a6-a75f-47b0-b215-de9708b6d773,1.46,false,false,near_mint,en,USD,2026-04-18T02:54:43.586Z
Bulk,binder,"Tibalt, Rakish Instigator",WAR,War of the Spark,146,normal,uncommon,1,44258,7f9a24dc-8bc3-4528-8780-57fb108fdfbf,0.24,false,false,near_mint,en,USD,2026-04-18T02:54:43.588Z
Bulk,binder,"Jaya, Venerated Firemage",WAR,War of the Spark,135,normal,uncommon,1,44269,129dc8a8-9fbc-4300-b559-243395dc6ed5,0.25,false,false,near_mint,en,USD,2026-04-18T02:54:43.589Z
Bulk,binder,Will Kenrith,CLB,Commander Legends: Battle for Baldur's Gate,738,normal,mythic,1,69490,406a3ae5-f57e-40ff-8eac-a01781f2329f,0.92,false,false,near_mint,en,USD,2026-04-18T02:54:43.590Z
Bulk,binder,Rowan Kenrith,CLB,Commander Legends: Battle for Baldur's Gate,805,normal,mythic,1,69642,bcf0514e-63b3-4695-93ae-527524d48c25,0.58,false,false,near_mint,en,USD,2026-04-18T02:54:43.591Z
Bulk,binder,Risen Reef,ECC,Lorwyn Eclipsed Commander,132,normal,uncommon,1,110529,715ad2ff-7eae-42f1-bb3c-a3afc2c9b82a,0.33,false,false,near_mint,en,USD,2026-04-18T02:54:43.592Z
Bulk,binder,Jeskai Brushmaster,TDM,Tarkir: Dragonstorm,195,normal,uncommon,1,104526,2eb06c36-cf7e-47a9-819e-adfc54284153,0.09,false,false,near_mint,en,USD,2026-04-18T02:54:43.593Z
Bulk,binder,Spara's Adjudicators,SNC,Streets of New Capenna,224,normal,common,1,67660,29eb0e40-d184-423f-8484-ee288fda00cd,0.04,false,false,near_mint,en,USD,2026-04-18T02:54:43.594Z
Bulk,binder,Bioessence Hydra,WAR,War of the Spark,186,normal,rare,1,44218,fb01a161-49a1-407c-8410-6933bc8f7b6a,0.26,false,false,near_mint,en,USD,2026-04-18T02:54:43.595Z
Bulk,binder,Sagu Mauler,C19,Commander 2019,200,normal,rare,1,45734,23de1159-4466-432d-917c-0f77d0610b4e,0.14,false,false,near_mint,en,USD,2026-04-18T02:54:43.596Z
Bulk,binder,Glamorous Outlaw,SNC,Streets of New Capenna,190,normal,common,1,67723,452abab0-cf23-4b9d-831a-7b9fa1fd582a,0.07,false,false,near_mint,en,USD,2026-04-18T02:54:43.597Z
Bulk,binder,Ivorytusk Fortress,KTK,Khans of Tarkir,179,normal,rare,1,13219,75a8df73-0141-4c07-87d8-b1f34a4b374b,0.29,false,false,near_mint,en,USD,2026-04-18T02:54:43.598Z
Bulk,binder,Beamsplitter Mage,GRN,Guilds of Ravnica,155,normal,uncommon,1,328,8f1801f2-ea6e-4196-858e-2afc456cf6a0,0.15,false,false,near_mint,en,USD,2026-04-18T02:54:43.599Z
Bulk,binder,Thundering Djinn,MH1,Modern Horizons,215,normal,uncommon,1,44719,28642fbe-90c8-4beb-9950-91af28d93326,0.19,false,false,near_mint,en,USD,2026-04-18T02:54:43.600Z
Bulk,binder,Abominable Treefolk,MH1,Modern Horizons,194,normal,uncommon,1,44740,1eddb834-ea01-44e2-afca-bd9a4ebbdb94,0.24,false,false,near_mint,en,USD,2026-04-18T02:54:43.601Z
Bulk,binder,Rotwidow Pack,MH1,Modern Horizons,212,normal,uncommon,1,44722,2cda35eb-ae42-43be-9015-3c468c7ebede,0.32,false,false,near_mint,en,USD,2026-04-18T02:54:43.602Z
Bulk,binder,Lavabelly Sliver,CMM,Commander Masters,927,normal,uncommon,1,84977,e0de3c85-0662-4374-bd21-65d3a34f2263,0.66,false,false,near_mint,en,USD,2026-04-18T02:54:43.603Z
Bulk,binder,Bone-Cairn Butcher,TDM,Tarkir: Dragonstorm,173,normal,uncommon,1,104748,78bf36bc-6702-4c5d-b52d-ab7217cc8787,0.3,false,false,near_mint,en,USD,2026-04-18T02:54:43.605Z
Bulk,binder,Role Reversal,WAR,War of the Spark,214,normal,rare,1,44190,59b47017-d982-4d4c-94fc-f265a5b7f36a,0.33,false,false,near_mint,en,USD,2026-04-18T02:54:43.610Z
Bulk,binder,Angrath's Rampage,WAR,War of the Spark,185,normal,uncommon,1,44219,f5a39379-7313-463a-9a02-e5157b9557f4,0.2,false,false,near_mint,en,USD,2026-04-18T02:54:43.611Z
Bulk,binder,Mammoth Bellow,TDM,Tarkir: Dragonstorm,205,normal,uncommon,1,104599,468b17b4-79ce-4dfa-8873-a9cfc347e38f,0.11,false,false,near_mint,en,USD,2026-04-18T02:54:43.612Z
Bulk,binder,Twinstrike,DIS,Dissension,134,normal,uncommon,1,27291,0dfc8ebe-58f4-450f-abdc-8d558f6f5551,0.13,false,false,near_mint,en,USD,2026-04-18T02:54:43.613Z
Bulk,binder,The First Tyrannic War,40K,"Warhammer 40,000 Commander",121,normal,rare,1,72396,64c814f3-8d4e-4c64-ad00-fd8b836b48b1,0.63,false,false,near_mint,en,USD,2026-04-18T02:54:43.614Z
Bulk,binder,Stimulus Package,SNC,Streets of New Capenna,225,normal,uncommon,1,68069,ecbe7459-8613-4ab8-84dc-deab19c08511,0.23,false,false,near_mint,en,USD,2026-04-18T02:54:43.615Z
Bulk,binder,"Raggadragga, Goreguts Boss",CLB,Commander Legends: Battle for Baldur's Gate,291,normal,rare,1,68859,1166ce2a-4e0b-4a57-929d-566f461a6282,0.22,false,false,near_mint,en,USD,2026-04-18T02:54:43.616Z
Bulk,binder,"Spider-Woman, Stunning Savior",SPM,Marvel's Spider-Man,152,normal,rare,1,108572,bc9b2a76-3cce-4fd0-a4ef-932747cb11b2,0.62,false,false,near_mint,en,USD,2026-04-18T02:54:43.617Z
Bulk,binder,Dramatic Finale,STX,Strixhaven: School of Mages,180,normal,rare,1,58257,a8ec9be6-c8ad-4a82-8253-c49cdb9443ba,0.31,false,false,near_mint,en,USD,2026-04-18T02:54:43.618Z
Bulk,binder,Cloudspire Coordinator,DFT,Aetherdrift,196,normal,uncommon,1,103344,eef16cda-9150-4e7d-8490-d9f287b81b62,0.08,false,false,near_mint,en,USD,2026-04-18T02:54:43.619Z
Bulk,binder,Boom Scholar,DFT,Aetherdrift,189,normal,uncommon,1,103358,f2b84684-10c9-4635-a922-620f04809bb1,0.09,false,false,near_mint,en,USD,2026-04-18T02:54:43.620Z
Bulk,binder,"Zoraline, Cosmos Caller",BLB,Bloomburrow,242,normal,rare,1,95879,b7f99fd5-5298-4b27-923d-9d31203c931a,0.33,false,false,near_mint,en,USD,2026-04-18T02:54:43.621Z
Bulk,binder,Etchings of the Chosen,LCC,The Lost Caverns of Ixalan Commander,269,normal,uncommon,1,88466,496e4759-9d6b-42fa-833c-1fff2c9d03f2,0.33,false,false,near_mint,en,USD,2026-04-18T02:54:43.624Z
Bulk,binder,Decimate,FIC,Final Fantasy Commander,323,normal,rare,1,106192,dae88c31-77a5-40aa-84be-d74b4545a6ee,0.29,false,false,near_mint,en,USD,2026-04-18T02:54:43.625Z
Bulk,binder,Sentinel Sarah Lyons,PIP,Fallout,118,normal,rare,1,91965,23b76965-528c-48f9-9ee6-332b09cae664,0.34,false,false,near_mint,en,USD,2026-04-18T02:54:43.626Z
Bulk,binder,Whirler Virtuoso,DRC,Aetherdrift Commander,122,normal,uncommon,1,103324,e6f210bf-30c9-4904-9ceb-4ab180938f09,0.06,false,false,near_mint,en,USD,2026-04-18T02:54:43.627Z
Bulk,binder,Sphinx of the Revelation,M3C,Modern Horizons 3 Commander,127,normal,rare,1,94777,91cfd84a-6d35-4755-984c-8f8806930a03,0.36,false,false,near_mint,en,USD,2026-04-18T02:54:43.628Z
Bulk,binder,Scurry of Gremlins,MH3,Modern Horizons 3,203,normal,uncommon,1,91758,470ce8e9-64b9-403c-bee0-66a4c47ca6d4,0.16,false,false,near_mint,en,USD,2026-04-18T02:54:43.629Z
Bulk,binder,Izzet Generatorium,MH3,Modern Horizons 3,191,normal,uncommon,1,94609,c6d9537d-c6b9-46ef-834b-87750d79f1ae,0.2,false,false,near_mint,en,USD,2026-04-18T02:54:43.630Z
Bulk,binder,"Lilah, Undefeated Slickshot",OTJ,Outlaws of Thunder Junction,217,normal,rare,1,93384,e21f90ea-5934-4757-8515-38ef116afac1,0.28,false,false,near_mint,en,USD,2026-04-18T02:54:43.634Z
Bulk,binder,Boros Swiftblade,GK1,GRN Guild Kit,86,normal,uncommon,1,60,0b1056b8-84a0-439c-bf63-8e18a58c648f,0.13,false,false,near_mint,en,USD,2026-04-18T02:54:43.635Z
Bulk,binder,"Ragost, Deft Gastronaut",EOE,Edge of Eternities,224,normal,rare,1,106939,011374c3-f69d-4573-8c32-5bd0fe083d6a,0.43,false,false,near_mint,en,USD,2026-04-18T02:54:43.636Z
Bulk,binder,Heroic Reinforcements,FDN,Foundations,241,normal,uncommon,1,100631,6a05e8d5-c2ad-489a-888d-22622886b620,0.07,false,false,near_mint,en,USD,2026-04-18T02:54:43.637Z
Bulk,binder,Savage Smash,OTP,Breaking News,53,normal,uncommon,1,93149,4b05cacb-1f62-46ca-90a0-202d4adcff2c,0.09,false,false,near_mint,en,USD,2026-04-18T02:54:43.638Z
Bulk,binder,Wildfire Wickerfolk,DSK,Duskmourn: House of Horror,239,normal,uncommon,1,98854,7c7fbc6e-09c6-4f0e-92e2-766aae950b3d,0.16,false,false,near_mint,en,USD,2026-04-18T02:54:43.639Z
Bulk,binder,"Rydia, Summoner of Mist",FIN,Final Fantasy,239,normal,uncommon,4,106724,99450143-6ab5-463d-9e04-e8e6703a8b92,0.2,false,false,near_mint,en,USD,2026-04-18T02:54:43.642Z
Bulk,binder,"Spider-Girl, Legacy Hero",SPM,Marvel's Spider-Man,149,normal,uncommon,1,108662,d1f3196a-fe48-446f-ab07-00c66b7816c8,0.21,false,false,near_mint,en,USD,2026-04-18T02:54:43.643Z
Bulk,binder,Congregation Gryff,OTJ,Outlaws of Thunder Junction,200,normal,uncommon,1,93045,0ef4907a-2fc1-42c5-bffc-3b3f93601fb9,0.13,false,false,near_mint,en,USD,2026-04-18T02:54:43.644Z
Bulk,binder,"Jyoti, Moag Ancient",M3C,Modern Horizons 3 Commander,8,normal,mythic,1,94558,9d2cb8d1-6aaa-487f-bf5a-89d657c0f37e,0.29,false,false,near_mint,en,USD,2026-04-18T02:54:43.646Z
Bulk,binder,Enthusiastic Mechanaut,EOC,Edge of Eternities Commander,114,normal,uncommon,1,107357,fbfcbfed-74c7-4b1e-897c-44f25e45a4a5,0.34,false,false,near_mint,en,USD,2026-04-18T02:54:43.647Z
Bulk,binder,Empyrean Eagle,FDN,Foundations,239,normal,uncommon,1,100533,577e99a7-4a55-4314-8f08-2ae0c33b85c7,0.28,false,false,near_mint,en,USD,2026-04-18T02:54:43.648Z
Bulk,binder,Bronzebeak Moa,MM3,Modern Masters 2017,152,normal,uncommon,1,6061,c94079dd-023a-41b2-9004-95bbb0e41267,0.09,false,false,near_mint,en,USD,2026-04-18T02:54:43.649Z
Bulk,binder,Plumecreed Mentor,BLB,Bloomburrow,228,normal,uncommon,1,95819,b1aa988f-547e-449a-9f1a-296c01d68d96,0.13,false,false,near_mint,en,USD,2026-04-18T02:54:43.650Z
Bulk,binder,"Rootha, Mercurial Artist",STX,Strixhaven: School of Mages,227,normal,uncommon,1,58267,acb8f24d-8d1d-48aa-a534-238e969a474c,0.14,false,false,near_mint,en,USD,2026-04-18T02:54:43.652Z
Bulk,binder,"Etrata, Deadly Fugitive",MKM,Murders at Karlov Manor,200,normal,mythic,1,90826,4410db5a-62af-43ac-979d-88a7c975f7bd,0.35,false,false,near_mint,en,USD,2026-04-18T02:54:43.653Z
Bulk,binder,Watcher of the Spheres,M21,Core Set 2021,227,normal,uncommon,1,50764,354b9ea4-3d55-48cc-b426-c46b1d1bb397,0.46,false,false,near_mint,en,USD,2026-04-18T02:54:43.654Z
Bulk,binder,"Kangee, Sky Warden",CMR,Commander Legends,283,normal,uncommon,1,55797,99988f41-99b4-4423-be5f-9dc4ec7d813b,0.25,false,false,near_mint,en,USD,2026-04-18T02:54:43.655Z
Bulk,binder,Stormchaser Mage,OGW,Oath of the Gatewatch,159,normal,uncommon,1,9223,7bba1b45-d8ae-42fd-b30f-c904640ab173,0.24,false,false,near_mint,en,USD,2026-04-18T02:54:43.656Z
Bulk,binder,"Alania, Divergent Storm",BLB,Bloomburrow,204,normal,rare,1,95776,436d6a84-4cea-4ca7-94aa-9d08280652af,0.27,false,false,near_mint,en,USD,2026-04-18T02:54:43.657Z
Bulk,binder,"Zuko, Conflicted",TLA,Avatar: The Last Airbender,253,normal,rare,1,109501,9d555cab-ec86-4f27-bca2-7d01f79c3f46,0.25,false,false,near_mint,en,USD,2026-04-18T02:54:43.658Z
Bulk,binder,"Sokka, Lateral Strategist",TLA,Avatar: The Last Airbender,241,normal,uncommon,1,108161,1326c5db-4615-495f-8e30-376243d91352,0.17,false,false,near_mint,en,USD,2026-04-18T02:54:43.660Z
Bulk,binder,At Knifepoint,OTJ,Outlaws of Thunder Junction,193,normal,uncommon,1,93248,897d594d-b5b0-43dc-b877-b483942416ce,0.32,false,false,near_mint,en,USD,2026-04-18T02:54:43.663Z
Bulk,binder,"Bruse Tarl, Roving Rancher",OTJ,Outlaws of Thunder Junction,198,normal,rare,1,93098,286c55c2-dcc1-4e87-a83f-9981d28ab62d,0.17,false,false,near_mint,en,USD,2026-04-18T02:54:43.664Z
Bulk,binder,"Miriam, Herd Whisperer",OTJ,Outlaws of Thunder Junction,221,normal,uncommon,1,93330,bfa7750a-7c32-4413-b762-62e24d992c6b,0.07,false,false,near_mint,en,USD,2026-04-18T02:54:43.665Z
Bulk,binder,"Sephiroth, Fallen Hero",FIC,Final Fantasy Commander,92,normal,rare,1,105736,df919eb8-9eff-4777-9c46-94c795cda918,0.4,false,false,near_mint,en,USD,2026-04-18T02:54:43.666Z
Bulk,binder,Thrakkus the Butcher,CLB,Commander Legends: Battle for Baldur's Gate,440,normal,uncommon,1,68936,2c3f56b9-7460-49b6-8f6d-48cccd7978fd,0.28,false,false,near_mint,en,USD,2026-04-18T02:54:43.667Z
Bulk,binder,Hero of the Dunes,BRO,The Brothers' War,213,normal,uncommon,1,75662,9c6c72d5-f08e-4e46-a5cb-26d1fc0a71c8,0.1,false,false,near_mint,en,USD,2026-04-18T02:54:43.668Z
Bulk,binder,Officious Interrogation,MKM,Murders at Karlov Manor,222,normal,rare,1,91094,a433ca4c-82d0-4e49-bc8e-98e18dd174e9,0.33,false,false,near_mint,en,USD,2026-04-18T02:54:43.669Z
Bulk,binder,Yotian Tactician,BRO,The Brothers' War,228,normal,uncommon,1,75558,760c0369-c2e4-4bd7-a301-9f707f5f48a8,0.13,false,false,near_mint,en,USD,2026-04-18T02:54:43.670Z
Bulk,binder,Fallaji Vanguard,BRO,The Brothers' War,210,normal,uncommon,1,75927,ffe9ee1c-5eb3-4d63-a641-0ec5adf7b058,0.05,false,false,near_mint,en,USD,2026-04-18T02:54:43.671Z
Bulk,binder,Evangel of Synthesis,BRO,The Brothers' War,209,normal,uncommon,2,75866,e8b60003-a987-49b0-a0f8-bb825c97da4d,0.05,false,false,near_mint,en,USD,2026-04-18T02:54:43.672Z
Bulk,binder,Evidence Examiner,MKM,Murders at Karlov Manor,201,normal,uncommon,1,91310,f53a6ee7-86e1-4d2d-994c-214e0ec08dad,0.05,false,false,near_mint,en,USD,2026-04-18T02:54:43.673Z
Bulk,binder,Hustle // Bustle,MKM,Murders at Karlov Manor,249,normal,uncommon,1,90913,5f664827-e22e-43af-82f1-861b3c7607f1,0.1,false,false,near_mint,en,USD,2026-04-18T02:54:43.674Z
Bulk,binder,"Adéwalé, Breaker of Chains",ACR,Assassin's Creed,44,normal,uncommon,1,95428,914efc24-5c3a-4d22-9d77-fce337a08d4d,0.25,false,false,near_mint,en,USD,2026-04-18T02:54:43.675Z
Bulk,binder,Jackdaw,ACR,Assassin's Creed,58,normal,rare,1,95390,63056bb9-e825-418a-a8ff-692980aa65fe,0.35,false,false,near_mint,en,USD,2026-04-18T02:54:43.676Z
Bulk,binder,"Jon Irenicus, Shattered One",CLB,Commander Legends: Battle for Baldur's Gate,425,normal,rare,1,68895,1ca5d83a-04d8-4828-a63a-432f8ef39b50,0.24,false,false,near_mint,en,USD,2026-04-18T02:54:43.679Z
Bulk,binder,"Baba Lysaga, Night Witch",CLB,Commander Legends: Battle for Baldur's Gate,414,normal,rare,1,69147,89f293aa-dca1-48c2-9f48-069d32b89f3b,0.22,false,false,near_mint,en,USD,2026-04-18T02:54:43.681Z
Bulk,binder,"Myrkul, Lord of Bones",CLB,Commander Legends: Battle for Baldur's Gate,287,normal,rare,1,69133,82824d05-5215-459a-aa73-3c5a6be3d464,0.28,false,false,near_mint,en,USD,2026-04-18T02:54:43.682Z
Bulk,binder,"Mazzy, Truesword Paladin",CLB,Commander Legends: Battle for Baldur's Gate,283,normal,rare,1,69008,4d79c221-e07a-41e1-b92f-dc057802449c,0.19,false,false,near_mint,en,USD,2026-04-18T02:54:43.683Z
Bulk,binder,"Raphael, Fiendish Savior",CLB,Commander Legends: Battle for Baldur's Gate,292,normal,rare,1,69296,cc6902a4-2db0-47fe-ace8-0c890675bf19,0.52,false,false,near_mint,en,USD,2026-04-18T02:54:43.685Z
Bulk,binder,Rakdos the Defiler,GK2,RNA Guild Kit,71,normal,rare,1,43956,d891044d-9e74-4c5d-95e6-83ceb5163ca8,1.42,false,false,near_mint,en,USD,2026-04-18T02:54:43.686Z
Bulk,binder,"Lyzolda, the Blood Witch",GK2,RNA Guild Kit,65,normal,rare,1,43962,85b64d1f-29f4-4165-b81c-a831dd051139,0.39,false,false,near_mint,en,USD,2026-04-18T02:54:43.687Z
Bulk,binder,"Sami, Ship's Engineer",EOE,Edge of Eternities,225,normal,uncommon,1,106764,75c38cc9-07de-46d4-8195-f04b2b7e0fee,0.09,false,false,near_mint,en,USD,2026-04-18T02:54:43.688Z
Bulk,binder,The Infamous Cruelclaw,BLB,Bloomburrow,219,normal,mythic,1,95973,dc6c9196-6d28-4cc2-9748-60e9632a502b,1.0,false,false,near_mint,en,USD,2026-04-18T02:54:43.689Z
Bulk,binder,"Felothar, Dawn of the Abzan",TDM,Tarkir: Dragonstorm,184,normal,rare,1,104774,83e11f20-6524-4fba-9603-0b97e2d69aac,0.26,false,false,near_mint,en,USD,2026-04-18T02:54:43.690Z
Bulk,binder,"Havi, the All-Father",ACR,Assassin's Creed,56,normal,rare,1,95412,7c44cc99-eb71-4be3-89f2-74473f2717d3,0.26,false,false,near_mint,en,USD,2026-04-18T02:54:43.691Z
Bulk,binder,"Blim, Comedic Genius",CMR,Commander Legends,272,normal,rare,1,55634,3d8cd7dc-028a-4da2-b2a1-435d40cf48ca,0.24,false,false,near_mint,en,USD,2026-04-18T02:54:43.693Z
Bulk,binder,Barrowin of Clan Undurr,AFR,Adventures in the Forgotten Realms,218,normal,uncommon,1,60268,6896c311-5593-4437-b945-43ade9665e43,0.22,false,false,near_mint,en,USD,2026-04-18T02:54:43.700Z
Bulk,binder,Frodo Baggins,LTR,The Lord of the Rings: Tales of Middle-earth,320,normal,uncommon,1,83196,741a266c-b2e9-4981-93ef-843cea95ca76,0.24,false,false,near_mint,en,USD,2026-04-18T02:54:43.701Z
Bulk,binder,"Cadira, Caller of the Small",CLB,Commander Legends: Battle for Baldur's Gate,417,normal,uncommon,1,68855,101af06e-24fa-40e5-9e53-77ef571b7f71,0.11,false,false,near_mint,en,USD,2026-04-18T02:54:43.702Z
Bulk,binder,"Korlessa, Scale Singer",CLB,Commander Legends: Battle for Baldur's Gate,280,normal,uncommon,1,69395,fe2d08ac-6c24-4158-87a1-c59d1cd447a8,0.3,false,false,near_mint,en,USD,2026-04-18T02:54:43.707Z
Bulk,binder,"Korlessa, Scale Singer",CLB,Commander Legends: Battle for Baldur's Gate,427,normal,uncommon,1,69198,a453d55e-9a50-4339-ad7c-387f67179fe7,0.16,false,false,near_mint,en,USD,2026-04-18T02:54:43.708Z
Bulk,binder,"Oji, the Exquisite Blade",CLB,Commander Legends: Battle for Baldur's Gate,436,normal,uncommon,1,69369,f1d41d4f-d2e0-490c-bde0-ce57eb8fda22,0.1,false,false,near_mint,en,USD,2026-04-18T02:54:43.710Z
Bulk,binder,"Narfi, Betrayer King",KHM,Kaldheim,224,normal,uncommon,1,56840,421376e4-a4ad-427c-bc9c-d315308dcf68,0.2,false,false,near_mint,en,USD,2026-04-18T02:54:43.717Z
Bulk,binder,Trygon Prime,40K,"Warhammer 40,000 Commander",143,normal,uncommon,1,72574,f6a419b2-6586-4abf-9751-eabe568066ab,0.44,false,false,near_mint,en,USD,2026-04-18T02:54:43.718Z
Bulk,binder,Venomthrope,40K,"Warhammer 40,000 Commander",147,normal,uncommon,1,72548,e2284a8a-caf3-4eef-8cd2-6b2f507e7154,3.37,false,false,near_mint,en,USD,2026-04-18T02:54:43.719Z
Bulk,binder,Gargoyle Flock,40K,"Warhammer 40,000 Commander",123,normal,rare,1,72277,0b8c7302-a5ae-484e-8ba5-397ffeb3b19c,0.36,false,false,near_mint,en,USD,2026-04-18T02:54:43.720Z
Bulk,binder,Ravener,40K,"Warhammer 40,000 Commander",138,normal,rare,1,72495,b6a9ed40-78d7-4de2-816f-1791e12fbb0c,0.87,false,false,near_mint,en,USD,2026-04-18T02:54:43.721Z
Bulk,binder,Tyranid Harridan,40K,"Warhammer 40,000 Commander",144,normal,rare,1,72544,dff00a51-977e-43ba-a4bf-b251e62f1100,0.39,false,false,near_mint,en,USD,2026-04-18T02:54:43.722Z
Bulk,binder,Tyranid Prime,40K,"Warhammer 40,000 Commander",145,normal,rare,1,72414,6f6546f2-0db3-4969-b7d9-2e2138997155,0.71,false,false,near_mint,en,USD,2026-04-18T02:54:43.723Z
Bulk,binder,Winged Hive Tyrant,40K,"Warhammer 40,000 Commander",148,normal,rare,1,72380,58b0df1c-d7ce-4883-b0d1-23069770514d,2.27,false,false,near_mint,en,USD,2026-04-18T02:54:43.724Z
Bulk,binder,Zoanthrope,40K,"Warhammer 40,000 Commander",149,normal,rare,1,72479,a71d6605-4a8a-473b-9f8d-0ba2f70a34e0,0.87,false,false,near_mint,en,USD,2026-04-18T02:54:43.725Z
Bulk,binder,Excalibur II,FIN,Final Fantasy,257,normal,rare,2,106655,d42e5fed-67ac-46d7-a5d4-78f661f3e8b4,0.75,false,false,near_mint,en,USD,2026-04-18T02:54:43.727Z
Bulk,binder,Boom Box,OTJ,Outlaws of Thunder Junction,241,normal,uncommon,1,93405,ea61d964-6d73-422e-9e08-360ac66f237a,0.19,false,false,near_mint,en,USD,2026-04-18T02:54:43.729Z
Bulk,binder,Ichor Wellspring,C21,Commander 2021,245,normal,common,2,58519,1ccdb407-ac8f-4736-89d3-ab0d086096ea,0.6,false,false,near_mint,en,USD,2026-04-18T02:54:43.730Z
Bulk,binder,Myr Battlesphere,TDC,Tarkir: Dragonstorm Commander,322,normal,rare,1,104730,71e7ef4a-2032-4571-afc6-5207d4b40c3d,0.34,false,false,near_mint,en,USD,2026-04-18T02:54:43.732Z
Bulk,binder,Coveted Jewel,BLC,Bloomburrow Commander,268,normal,rare,1,96380,90617b21-821b-4945-89b5-f5d1b57ca3aa,0.26,false,false,near_mint,en,USD,2026-04-18T02:54:43.733Z
Bulk,binder,Hedron Archive,BLC,Bloomburrow Commander,275,normal,uncommon,1,96206,228ce785-033c-4973-89c7-4616a5b9c9d2,0.34,false,false,near_mint,en,USD,2026-04-18T02:54:43.734Z
Bulk,binder,Firemind Vessel,2X2,Double Masters 2022,306,normal,uncommon,1,70388,9591f918-df2e-4663-b622-f731b0e01b6d,0.33,false,false,near_mint,en,USD,2026-04-18T02:54:43.735Z
Bulk,binder,Icon of Ancestry,LCC,The Lost Caverns of Ixalan Commander,305,normal,rare,1,89041,f6cdbdf3-f8bd-48a9-8a47-6b0b9d5de0db,0.47,false,false,near_mint,en,USD,2026-04-18T02:54:43.736Z
Bulk,binder,Heraldic Banner,FDN,Foundations,254,normal,uncommon,1,100678,743ea709-dbb3-4db8-a2ce-544f47eb6339,0.32,false,false,near_mint,en,USD,2026-04-18T02:54:43.737Z
Bulk,binder,Icon of Ancestry,40K,"Warhammer 40,000 Commander",242,normal,rare,1,72389,612250ac-16fc-4d65-be38-25256f9cc164,0.87,false,false,near_mint,en,USD,2026-04-18T02:54:43.738Z
Bulk,binder,Goblin Charbelcher,DDT,Duel Decks: Merfolk vs. Goblins,57,normal,rare,1,3654,240344ff-404d-4894-a6e9-4401cd68cf50,0.35,false,false,near_mint,en,USD,2026-04-18T02:54:43.739Z
Bulk,binder,Ornithopter,AER,Aether Revolt,167,normal,uncommon,1,6247,ddb96645-44d2-426c-90cb-3186297a8728,0.32,false,false,near_mint,en,USD,2026-04-18T02:54:43.740Z
Bulk,binder,Coveted Jewel,FIC,Final Fantasy Commander,341,normal,rare,1,105947,5b4ce244-d34f-4e96-9fe5-a0a8cefb92c7,0.23,false,false,near_mint,en,USD,2026-04-18T02:54:43.741Z
Bulk,binder,Bone Saw,BRR,The Brothers' War Retro Artifacts,70,normal,uncommon,1,75941,3011f0dd-fab4-453d-9956-b715a5f0ea02,0.2,false,false,near_mint,en,USD,2026-04-18T02:54:43.742Z
Bulk,binder,Steel Exemplar,BRO,The Brothers' War,246,normal,uncommon,1,75395,386c139a-13fc-49ca-923d-45faca4f9a2f,0.08,false,false,near_mint,en,USD,2026-04-18T02:54:43.743Z
Bulk,binder,Terisian Mindbreaker,BRO,The Brothers' War,83,normal,rare,1,75526,6bd86daf-7cee-454c-8d4d-97f59fe36958,1.89,false,false,near_mint,en,USD,2026-04-18T02:54:43.744Z
Bulk,binder,Symmetry Matrix,BRO,The Brothers' War,252,normal,uncommon,1,75566,786bce65-1c04-45fc-b81b-e7590afbd117,0.23,false,false,near_mint,en,USD,2026-04-18T02:54:43.745Z
Bulk,binder,Self-Assembler,J22,Jumpstart 2022,795,normal,common,2,76069,02e77f29-8ce1-4a18-871c-d69853bfd9db,0.05,false,false,near_mint,en,USD,2026-04-18T02:54:43.746Z
Bulk,binder,Bone Saw,CON,Conflux,135,normal,common,1,23594,a3bf79d6-4b4a-4fdd-a831-36eff2523661,0.14,false,false,near_mint,en,USD,2026-04-18T02:54:43.747Z
Bulk,binder,Slagstone Refinery,BRO,The Brothers' War,243,normal,uncommon,1,75813,d7dbfa72-2025-455c-8cc4-afbf6c8e141a,0.18,false,false,near_mint,en,USD,2026-04-18T02:54:43.748Z
Bulk,binder,Argivian Avenger,BRO,The Brothers' War,232,normal,uncommon,2,75355,28e3bf5a-0a90-46d3-bcfe-9a47df41b72b,0.08,false,false,near_mint,en,USD,2026-04-18T02:54:43.749Z
Bulk,binder,Reconstructed Thopter,BRO,The Brothers' War,242,normal,uncommon,1,75739,bcc8a8d8-6d8e-44b3-a29b-5fa4a851a25b,0.1,false,false,near_mint,en,USD,2026-04-18T02:54:43.750Z
Bulk,binder,Mishra's Research Desk,BRO,The Brothers' War,162,normal,uncommon,2,75734,bb142d99-b210-47c8-897c-be62f90d2192,0.18,false,false,near_mint,en,USD,2026-04-18T02:54:43.751Z
Bulk,binder,Iron-Craw Crusher,BRO,The Brothers' War,200,normal,uncommon,1,75506,64e2ec10-f45f-46ef-a076-52425bf3fe3b,0.09,false,false,near_mint,en,USD,2026-04-18T02:54:43.752Z
Bulk,binder,Fallaji Dragon Engine,BRO,The Brothers' War,159,normal,uncommon,1,75903,f7761ed0-a784-4dfb-ab6c-0f4b9a411cf3,0.09,false,false,near_mint,en,USD,2026-04-18T02:54:43.753Z
Bulk,binder,Mask of the Jadecrafter,BRO,The Brothers' War,201,normal,uncommon,1,75488,5db83275-bfd2-42c2-8d0f-e8a9b4f60e78,0.05,false,false,near_mint,en,USD,2026-04-18T02:54:43.754Z
Bulk,binder,Heirloom Epic,BLB,Bloomburrow,246,normal,uncommon,1,96061,7839ce48-0175-494a-ab89-9bdfb7a50cb1,0.1,false,false,near_mint,en,USD,2026-04-18T02:54:43.756Z
Bulk,binder,Rakdos Signet,DSC,Duskmourn: House of Horror Commander,250,normal,uncommon,1,99035,01cc9536-f710-4c47-9e3f-d7e83cc888f2,2.26,false,false,near_mint,en,USD,2026-04-18T02:54:43.760Z
Bulk,binder,Dungeoneer's Pack,CLB,Commander Legends: Battle for Baldur's Gate,312,normal,uncommon,1,69210,aa74e656-480a-4c1b-963d-1b207075c27f,0.11,false,false,near_mint,en,USD,2026-04-18T02:54:43.765Z
Bulk,binder,Lesser Masticore,MH1,Modern Horizons,225,normal,uncommon,1,44709,c4c7cba5-6111-40ce-828a-e811301bb283,0.33,false,false,near_mint,en,USD,2026-04-18T02:54:43.767Z
Bulk,binder,Abzan Monument,TDM,Tarkir: Dragonstorm,238,normal,uncommon,1,104363,d2da9024-3b58-4a57-8f7d-4094c193daee,0.09,false,false,near_mint,en,USD,2026-04-18T02:54:43.770Z
Bulk,binder,Iron Mastiff,CLB,Commander Legends: Battle for Baldur's Gate,317,normal,uncommon,1,69325,d9633151-d704-42a4-b1c6-66446bf48bee,0.3,false,false,near_mint,en,USD,2026-04-18T02:54:43.775Z
Bulk,binder,Gate Colossus,CLB,Commander Legends: Battle for Baldur's Gate,315,normal,uncommon,1,69048,5b2318e7-250d-4a30-8b45-55d4c1db68e9,0.07,false,false,near_mint,en,USD,2026-04-18T02:54:43.776Z
Bulk,binder,Krark's Thumb,MRD,Mirrodin,190,normal,rare,1,29855,78a5d49a-747e-4ec8-a20a-ca917c315774,16.51,false,false,near_mint,en,USD,2026-04-18T02:54:43.777Z
Bulk,binder,Barbed Battlegear,SOM,Scars of Mirrodin,139,normal,uncommon,1,20893,03b80b2f-8d07-4ad3-9b20-4ba0fe9f37a2,0.1,false,false,near_mint,en,USD,2026-04-18T02:54:43.778Z
Bulk,binder,Gold-Forged Sentinel,BBD,Battlebond,236,normal,uncommon,1,1757,ca1bcaee-52bf-4000-8ffa-ee5e04703de6,0.04,false,false,near_mint,en,USD,2026-04-18T02:54:43.779Z
Bulk,binder,Monk's Fist,FIN,Final Fantasy,265,normal,common,4,106601,995033f0-873d-4e46-b0c9-98ec8ef270ff,0.08,false,false,near_mint,en,USD,2026-04-18T02:54:43.780Z
Bulk,binder,World Map,FIN,Final Fantasy,270,normal,common,4,106572,70d9ab99-ec8a-402e-ba1d-ffa6c4c84a3f,0.2,false,false,near_mint,en,USD,2026-04-18T02:54:43.781Z
Bulk,binder,Glimmerlight,DSK,Duskmourn: House of Horror,249,normal,common,1,98777,1071691c-5c65-42d4-ac96-d302185ca678,0.07,false,false,near_mint,en,USD,2026-04-18T02:54:43.782Z
Bulk,binder,Meteor Golem,FDN,Foundations,256,normal,uncommon,1,101167,d291ea1e-36bc-46b3-b3ae-084fa0ba69eb,0.32,false,false,near_mint,en,USD,2026-04-18T02:54:43.784Z
Bulk,binder,Adventurer's Airship,FIN,Final Fantasy,252,normal,common,6,106504,0a1d6dcd-bd41-4f57-a35b-6613811fe4d4,0.17,false,false,near_mint,en,USD,2026-04-18T02:54:43.787Z
Bulk,binder,Armory Automaton,FIC,Final Fantasy Commander,336,normal,rare,1,106063,99fbb6f1-0584-45c2-b4c5-0431447913d4,0.23,false,false,near_mint,en,USD,2026-04-18T02:54:43.789Z
Bulk,binder,Iron Giant,FIN,Final Fantasy,260,normal,common,4,106675,e48cf6d5-4d32-4b66-80be-3495ecd3e906,0.18,false,false,near_mint,en,USD,2026-04-18T02:54:43.790Z
Bulk,binder,Bonehoard,NEC,Neon Dynasty Commander,147,normal,rare,1,67015,57c0258f-f464-4f52-b234-ba44a76d932a,2.21,false,false,near_mint,en,USD,2026-04-18T02:54:43.793Z
Bulk,binder,Dragoon's Lance,FIN,Final Fantasy,17,normal,uncommon,9,105671,96630531-8eb7-4e3e-8d63-60c562a5571b,0.17,false,false,near_mint,en,USD,2026-04-18T02:54:43.267Z
Bulk,binder,G'raha Tia,FIN,Final Fantasy,21,normal,uncommon,4,106501,076a8eca-ed73-4ee9-aab4-d9d43d394ee6,0.13,false,false,near_mint,en,USD,2026-04-18T02:54:43.268Z
Bulk,binder,Magitek Armor,FIN,Final Fantasy,24,normal,uncommon,5,106432,59c4a1a2-623c-43b2-8005-ecb5c6436c10,0.08,false,false,near_mint,en,USD,2026-04-18T02:54:43.269Z
Bulk,binder,Repel Calamity,BLB,Bloomburrow,27,normal,uncommon,3,95834,d068192a-6270-4981-819d-4945fa4a2b83,0.09,false,false,near_mint,en,USD,2026-04-18T02:54:43.273Z
Bulk,binder,Dismantling Blow,MH1,Modern Horizons,5,normal,uncommon,2,44929,70edc5da-4477-49f6-bbcc-f208fdaae0d3,0.16,false,false,near_mint,en,USD,2026-04-18T02:54:43.275Z
Bulk,binder,Restoration Magic,FIN,Final Fantasy,30,normal,uncommon,4,106543,494e68e9-ecba-4482-82bc-207ad59144c1,1.8,false,false,near_mint,en,USD,2026-04-18T02:54:43.278Z
Bulk,binder,Rasaad yn Bashir,CLB,Commander Legends: Battle for Baldur's Gate,37,normal,uncommon,2,69380,f6597ec7-0fc8-4aa5-a8a6-ea5f95f4ce15,0.12,false,false,near_mint,en,USD,2026-04-18T02:54:43.291Z
Bulk,binder,Veteran Soldier,CLB,Commander Legends: Battle for Baldur's Gate,48,normal,uncommon,2,68980,3f4f074e-914e-4924-8b5e-b80b247bc341,0.15,false,false,near_mint,en,USD,2026-04-18T02:54:43.292Z
Bulk,binder,Sidequest: Catch a Fish // Cooking Campsite,FIN,Final Fantasy,31,normal,uncommon,6,103802,bdb5452e-d97f-409b-91d0-2664f39b09b8,0.21,false,false,near_mint,en,USD,2026-04-18T02:54:43.297Z
Bulk,binder,Adelbert Steiner,FIN,Final Fantasy,3,normal,uncommon,4,106424,1a67a991-1e52-4676-a2e3-2bc7aa943ab3,0.17,false,false,near_mint,en,USD,2026-04-18T02:54:43.299Z
Bulk,binder,"Ellyn Harbreeze, Busybody",CLB,Commander Legends: Battle for Baldur's Gate,377,normal,uncommon,2,68916,249bc870-e945-466c-81cd-8b9e9b7ac4ac,0.11,false,false,near_mint,en,USD,2026-04-18T02:54:43.309Z
Bulk,binder,Delivery Moogle,FIN,Final Fantasy,15,normal,uncommon,3,106684,f58840dc-c641-4092-8b67-9c0d449af715,0.27,false,false,near_mint,en,USD,2026-04-18T02:54:43.319Z
Bulk,binder,Ambrosia Whiteheart,FIN,Final Fantasy,6,normal,uncommon,2,106459,f2596767-7d19-4110-86ed-3cfc93ac7483,0.16,false,false,near_mint,en,USD,2026-04-18T02:54:43.320Z
Bulk,binder,Summon: Primal Garuda,FIN,Final Fantasy,37,normal,uncommon,4,106370,e44497a8-067e-454e-a9c0-684f03df55ff,0.16,false,false,near_mint,en,USD,2026-04-18T02:54:43.321Z
Bulk,binder,Battle Menu,FIN,Final Fantasy,9,normal,uncommon,5,106523,240e1466-bd02-423d-b829-234dcd2bfab2,0.21,false,false,near_mint,en,USD,2026-04-18T02:54:43.335Z
Bulk,binder,Lassoed by the Law,OTJ,Outlaws of Thunder Junction,18,normal,uncommon,2,93406,ea96eeac-c316-4247-a81f-0ddf52675ebf,0.05,false,false,near_mint,en,USD,2026-04-18T02:54:43.359Z
Bulk,binder,Thornado,OTP,Breaking News,33,normal,uncommon,2,93255,8eb4b155-ddde-465d-bd2e-3b7eb32bc052,0.07,false,false,near_mint,en,USD,2026-04-18T02:54:43.391Z
Bulk,binder,Acolyte of Bahamut,CLB,Commander Legends: Battle for Baldur's Gate,212,normal,uncommon,2,69225,b0260e1f-ff6a-4ef3-bef7-8c77f8413500,0.26,false,false,near_mint,en,USD,2026-04-18T02:54:43.395Z
Bulk,binder,Galuf's Final Act,FIN,Final Fantasy,186,normal,uncommon,3,106266,0ce05634-6c01-4941-a135-904cb4e33ac4,0.13,false,false,near_mint,en,USD,2026-04-18T02:54:43.397Z
Bulk,binder,Clifftop Lookout,BLB,Bloomburrow,168,normal,uncommon,3,95931,662d3bcc-65f3-4c69-8ea1-446870a1193d,0.31,false,false,near_mint,en,USD,2026-04-18T02:54:43.398Z
Bulk,binder,Hardy Outlander,CLB,Commander Legends: Battle for Baldur's Gate,235,normal,uncommon,3,68992,44498893-3ff8-4d1e-abdf-4579e0c67020,0.16,false,false,near_mint,en,USD,2026-04-18T02:54:43.407Z
Bulk,binder,Cloakwood Hermit,CLB,Commander Legends: Battle for Baldur's Gate,221,normal,uncommon,2,69003,4bd8689d-a0c1-4041-bead-7b512fe25663,0.18,false,false,near_mint,en,USD,2026-04-18T02:54:43.409Z
Bulk,binder,Clash of the Eikons,FIN,Final Fantasy,180,normal,uncommon,4,106577,75c18134-f517-4a68-8640-0426b3cd4f6c,0.16,false,false,near_mint,en,USD,2026-04-18T02:54:43.421Z
Bulk,binder,"Vanille, Cheerful l'Cie",FIN,Final Fantasy,211,normal,uncommon,4,105667,91226c1a-63a0-494e-bcf0-77c2d6f49213,0.16,false,false,near_mint,en,USD,2026-04-18T02:54:43.426Z
Bulk,binder,Diamond Weapon,FIN,Final Fantasy,183,normal,uncommon,6,106567,6ce7f494-2a19-4b11-94d4-fc5e5a7068bd,0.2,false,false,near_mint,en,USD,2026-04-18T02:54:43.428Z
Bulk,binder,Sidequest: Raise a Chocobo // Black Chocobo,FIN,Final Fantasy,201,normal,uncommon,4,106508,0cbf911c-a721-4b84-8645-d83a0966be18,0.19,false,false,near_mint,en,USD,2026-04-18T02:54:43.433Z
Bulk,binder,"Sidequest: Hunt the Mark // Yiazmat, Ultimate Mark",FIN,Final Fantasy,119,normal,uncommon,4,106646,c3eb2ae5-10de-4c3d-91c8-8734befc80b2,0.11,false,false,near_mint,en,USD,2026-04-18T02:54:43.461Z
Bulk,binder,Petty Larceny,ACR,Assassin's Creed,28,normal,uncommon,2,95355,45abc0a4-ae33-470f-9a39-2dd776dd6adb,0.25,false,false,near_mint,en,USD,2026-04-18T02:54:43.464Z
Bulk,binder,Price of Betrayal,WAR,War of the Spark,102,normal,uncommon,3,44302,fd68e918-5089-46c9-8836-b05a3da3c7a3,0.18,false,false,near_mint,en,USD,2026-04-18T02:54:43.467Z
Bulk,binder,Shambling Cie'th,FIN,Final Fantasy,117,normal,uncommon,10,106302,f02ce338-4fe2-44b0-a896-3ed7e6c874a3,0.13,false,false,near_mint,en,USD,2026-04-18T02:54:43.470Z
Bulk,binder,Overkill,FIN,Final Fantasy,109,normal,uncommon,7,106628,ae075e71-d33d-4d6c-b4a5-0b47dd6fd196,0.29,false,false,near_mint,en,USD,2026-04-18T02:54:43.477Z
Bulk,binder,Dark Knight's Greatsword,FIN,Final Fantasy,95,normal,uncommon,5,106634,b50dcc7c-260f-4d8c-9a9e-9244ec23a91e,0.2,false,false,near_mint,en,USD,2026-04-18T02:54:43.481Z
Bulk,binder,"Sarevok, Deathbringer",CLB,Commander Legends: Battle for Baldur's Gate,144,normal,uncommon,2,68984,4009d5ab-945d-43c3-9077-f10f96249fc4,0.09,false,false,near_mint,en,USD,2026-04-18T02:54:43.483Z
Bulk,binder,"Sivriss, Nightmare Speaker",CLB,Commander Legends: Battle for Baldur's Gate,393,normal,uncommon,2,69327,da9af754-e96a-46b5-9c28-3420a447b098,0.09,false,false,near_mint,en,USD,2026-04-18T02:54:43.485Z
Bulk,binder,Skullport Merchant,CLB,Commander Legends: Battle for Baldur's Gate,149,normal,uncommon,2,68950,3362080e-57e9-4da1-9065-d28932869fe5,0.13,false,false,near_mint,en,USD,2026-04-18T02:54:43.486Z
Bulk,binder,Bond of Revival,WAR,War of the Spark,80,normal,uncommon,3,44324,c6482fb9-f874-4e33-aa74-7a0da4c9760c,0.16,false,false,near_mint,en,USD,2026-04-18T02:54:43.488Z
Bulk,binder,Dreadmalkin,RVR,Ravnica Remastered,75,normal,uncommon,3,89821,9dc48d40-630b-4699-9cc9-5035313f538b,0.14,false,false,near_mint,en,USD,2026-04-18T02:54:43.489Z
Bulk,binder,"Safana, Calimport Cutthroat",CLB,Commander Legends: Battle for Baldur's Gate,390,normal,uncommon,2,69020,5356440f-6d49-481e-8332-1a675a48a94e,0.08,false,false,near_mint,en,USD,2026-04-18T02:54:43.494Z
Bulk,binder,Phantom Train,FIN,Final Fantasy,110,normal,uncommon,6,106350,7a50d2ac-101d-41e1-b400-18fa7d2d7125,0.08,false,false,near_mint,en,USD,2026-04-18T02:54:43.496Z
Bulk,binder,Liliana's Triumph,WAR,War of the Spark,98,normal,uncommon,3,44306,84803db8-fdb0-462b-92f6-33d591593d2d,0.36,false,false,near_mint,en,USD,2026-04-18T02:54:43.511Z
Bulk,binder,Ragamuffyn,DIS,Dissension,51,normal,uncommon,2,27374,2db5cccc-e9e4-4db8-affb-93d629d67b91,0.1,false,false,near_mint,en,USD,2026-04-18T02:54:43.521Z
Bulk,binder,Slithering Shade,DIS,Dissension,55,normal,uncommon,2,27370,5c216194-0c6b-4c03-9262-bd2613e17d9a,0.06,false,false,near_mint,en,USD,2026-04-18T02:54:43.523Z
Bulk,binder,Plague Engineer,MH1,Modern Horizons,100,normal,rare,2,44834,8f32b0e9-5eb2-4b26-8c06-5d4561f0295d,0.39,false,false,near_mint,en,USD,2026-04-18T02:54:43.528Z
Bulk,binder,Restart Sequence,ACR,Assassin's Creed,30,normal,uncommon,2,95438,9a2b1b20-e5fd-4ccb-8529-12dbde0e0811,0.27,false,false,near_mint,en,USD,2026-04-18T02:54:43.540Z
Bulk,binder,"Azula, On the Hunt",TLA,Avatar: The Last Airbender,85,normal,uncommon,3,109383,1335a145-248a-4f1e-8760-9a5d531e14e3,0.21,false,false,near_mint,en,USD,2026-04-18T02:54:43.577Z
Bulk,binder,"Davriel, Rogue Shadowmage",WAR,War of the Spark,83,normal,uncommon,2,44321,5b1a44f0-1db8-406a-b7d9-f883f947f7bd,0.26,false,false,near_mint,en,USD,2026-04-18T02:54:43.585Z
Bulk,binder,Sprouting Thrinax,2X2,Double Masters 2022,278,normal,uncommon,2,70180,41b05cf1-1bc2-43e1-b383-9cbb69517389,0.17,false,false,near_mint,en,USD,2026-04-18T02:54:43.604Z
Bulk,binder,Rain of Gore,DIS,Dissension,126,normal,rare,4,27299,9dd62003-e345-48b6-9f93-fc111924c318,9.44,false,false,near_mint,en,USD,2026-04-18T02:54:43.606Z
Bulk,binder,Gladiolus Amicitia,FIN,Final Fantasy,224,normal,uncommon,2,105177,442957fc-045d-4db6-b82a-445f172d23e4,0.16,false,false,near_mint,en,USD,2026-04-18T02:54:43.641Z
Bulk,binder,"Tidus, Blitzball Star",FIN,Final Fantasy,246,normal,uncommon,3,106447,aa851d68-a7a4-48c0-9cd7-d3d2e079f3a1,0.09,false,false,near_mint,en,USD,2026-04-18T02:54:43.645Z
Bulk,binder,Uncle Iroh,TLA,Avatar: The Last Airbender,248,normal,uncommon,3,109443,5c88672c-0eba-4e93-a0ec-30bbb1bb7661,0.24,false,false,near_mint,en,USD,2026-04-18T02:54:43.659Z
Bulk,binder,Arno Dorian,ACR,Assassin's Creed,139,normal,uncommon,2,95385,60a97041-4c09-46f2-b979-e4f63c676fb4,0.21,false,false,near_mint,en,USD,2026-04-18T02:54:43.662Z
Bulk,binder,"Zevlor, Elturel Exile",CLB,Commander Legends: Battle for Baldur's Gate,296,normal,rare,2,69311,d1e51138-9745-465d-84dd-27605f8a2264,0.29,false,false,near_mint,en,USD,2026-04-18T02:54:43.677Z
Bulk,binder,"Gluntch, the Bestower",CLB,Commander Legends: Battle for Baldur's Gate,275,normal,rare,3,68970,3b3e889a-5865-4464-9923-bffa25c50cd2,0.47,false,false,near_mint,en,USD,2026-04-18T02:54:43.678Z
Bulk,binder,"Giott, King of the Dwarves",FIN,Final Fantasy,223,normal,uncommon,4,106565,6a7784de-a10d-4ce6-98a5-aaf3e85773b6,0.07,false,false,near_mint,en,USD,2026-04-18T02:54:43.696Z
Bulk,binder,Commander Liara Portyr,CLB,Commander Legends: Battle for Baldur's Gate,270,normal,uncommon,3,69182,9ac8b247-455e-4a3f-9f88-b20918c36cc3,0.15,false,false,near_mint,en,USD,2026-04-18T02:54:43.703Z
Bulk,binder,"Rilsa Rael, Kingpin",CLB,Commander Legends: Battle for Baldur's Gate,293,normal,uncommon,2,69023,54484439-6f8a-47f1-8d62-4689af7f00c2,0.12,false,false,near_mint,en,USD,2026-04-18T02:54:43.704Z
Bulk,binder,Uglúk of the White Hand,LTR,The Lord of the Rings: Tales of Middle-earth,235,normal,uncommon,2,83610,e914c7fc-be3c-4346-bf37-6e10f4998204,0.21,false,false,near_mint,en,USD,2026-04-18T02:54:43.709Z
Bulk,binder,Shao Jun,ACR,Assassin's Creed,151,normal,uncommon,2,95431,9313f099-7f76-4b3e-af6a-f62b13cad7b8,0.21,false,false,near_mint,en,USD,2026-04-18T02:54:43.714Z
Bulk,binder,Ring of the Lucii,FIN,Final Fantasy,269,normal,uncommon,5,106576,75761f1e-9449-4c58-8265-8abac71dafc1,0.21,false,false,near_mint,en,USD,2026-04-18T02:54:43.726Z
Bulk,binder,Relentless X-ATM092,FIN,Final Fantasy,268,normal,uncommon,7,106671,e09ee4c9-85ef-4d1e-864b-d659b8e8f51d,0.18,false,false,near_mint,en,USD,2026-04-18T02:54:43.755Z
Bulk,binder,Springleaf Drum,2XM,Double Masters,291,normal,uncommon,2,52211,f3b3869b-6da1-4b01-a2e7-2018d478b6e5,0.59,false,false,near_mint,en,USD,2026-04-18T02:54:43.761Z
Bulk,binder,Elixir,FIN,Final Fantasy,256,normal,uncommon,4,106616,a4b05d37-df62-475c-8371-735ed2fa1b05,0.28,false,false,near_mint,en,USD,2026-04-18T02:54:43.762Z
Bulk,binder,Lion Heart,FIN,Final Fantasy,261,normal,uncommon,3,106420,04d327a3-1699-4556-b681-a957671ad142,0.18,false,false,near_mint,en,USD,2026-04-18T02:54:43.764Z
Bulk,binder,Manifold Key,CLB,Commander Legends: Battle for Baldur's Gate,319,normal,uncommon,2,68852,0f5a15cd-a359-48c9-9280-ce139f1fb061,1.74,false,false,near_mint,en,USD,2026-04-18T02:54:43.766Z
Bulk,binder,Scuttlemutt,M20,Core Set 2020,238,normal,uncommon,2,45222,39f2d2e8-a9ed-42cc-9a8a-fc697a7251e5,0.24,false,false,near_mint,en,USD,2026-04-18T02:54:43.769Z
Bulk,binder,Survey Mechan,EOE,Edge of Eternities,245,normal,uncommon,2,107499,9b4278ea-6cd8-45ad-b024-daf3dedd29e0,0.2,false,false,near_mint,en,USD,2026-04-18T02:54:43.771Z
Bulk,binder,Ugin's Conjurant,WAR,War of the Spark,3,normal,uncommon,2,44401,9957ecca-5ea0-446f-bfd3-46c2aaa42f08,0.15,false,false,near_mint,en,USD,2026-04-18T02:54:43.772Z
Bulk,binder,Blitzball,FIN,Final Fantasy,254,normal,common,6,106723,92f4ad73-42bf-45c0-8bb6-0b44043c81ef,0.22,false,false,near_mint,en,USD,2026-04-18T02:54:43.783Z
Bulk,binder,"Alora, Merry Thief",CLB,Commander Legends: Battle for Baldur's Gate,55,normal,uncommon,1,68894,1c3c779b-d1d8-4b1e-bb06-ed7071a5ec0b,0.11,false,false,near_mint,en,USD,2026-04-18T03:20:01.406Z
Bulk,binder,Sailors' Bane,CLB,Commander Legends: Battle for Baldur's Gate,93,normal,uncommon,1,69310,d175a716-5b69-401b-9902-684a30810288,0.26,false,false,near_mint,en,USD,2026-04-18T03:20:01.408Z
Bulk,binder,Codecracker Hound,EOE,Edge of Eternities,50,normal,uncommon,1,107598,6723b891-6013-4ec6-b439-2233d270dc48,0.09,false,false,near_mint,en,USD,2026-04-18T03:20:01.409Z
Bulk,binder,Knightfisher,BLB,Bloomburrow,55,normal,uncommon,1,95967,c7fb7f4f-2153-4527-8f11-adbf508d3533,0.1,false,false,near_mint,en,USD,2026-04-18T03:20:01.411Z
Bulk,binder,Torrential Gearhulk,FIC,Final Fantasy Commander,272,normal,rare,1,106100,a6a0afd5-f3f9-459e-bd03-1a7a3521b570,0.35,false,false,near_mint,en,USD,2026-04-18T03:20:01.412Z
Bulk,binder,Turn into a Pumpkin,ELD,Throne of Eldraine,69,normal,uncommon,1,46269,f2a37dcb-4a18-4f03-b28c-27188a1a5ec1,0.07,false,false,near_mint,en,USD,2026-04-18T03:20:01.415Z
Bulk,binder,Ureni's Rebuff,TDM,Tarkir: Dragonstorm,63,normal,uncommon,1,104310,722716df-9cea-40a7-924b-c28497e227e6,0.08,false,false,near_mint,en,USD,2026-04-18T03:20:01.416Z
Bulk,binder,Augur of Bolas,WAR,War of the Spark,41,normal,uncommon,1,44363,d19fbfe6-69bb-452a-be3c-b9c625e23193,0.16,false,false,near_mint,en,USD,2026-04-18T03:20:01.417Z
Bulk,binder,Murmuring Mystic,OTC,Outlaws of Thunder Junction Commander,102,normal,common,1,93770,9e68dcc2-bba4-4efa-97bb-3ed892037595,0.56,false,false,near_mint,en,USD,2026-04-18T03:20:01.418Z
Bulk,binder,Relm's Sketching,FIN,Final Fantasy,67,normal,uncommon,3,106345,6aedac12-3714-4a81-bd4d-1d2555c66f78,0.24,false,false,near_mint,en,USD,2026-04-18T03:20:01.419Z
Bulk,binder,Arcane Proxy,BRO,The Brothers' War,75,normal,mythic,1,75809,d6d74d2e-7382-4fe3-ac3e-6906203ffcc7,0.46,false,false,near_mint,en,USD,2026-04-18T03:20:01.420Z
Bulk,binder,Mass Manipulation,RNA,Ravnica Allegiance,42,normal,rare,1,43822,782760d7-59cc-4d40-a885-6a7980094fee,0.73,false,false,near_mint,en,USD,2026-04-18T03:20:01.421Z
Bulk,binder,Robotics Mastery,SPM,Marvel's Spider-Man,41,normal,uncommon,1,108578,d0e92939-6d86-44b4-8a43-1963e97a2bb3,0.07,false,false,near_mint,en,USD,2026-04-18T03:20:01.425Z
Bulk,binder,Self-Reflection,FDN,Foundations,163,normal,uncommon,1,101247,e1e6abc9-25b2-4d51-b519-2525079eab51,0.1,false,false,near_mint,en,USD,2026-04-18T03:20:01.426Z
Bulk,binder,Mouth of the Storm,EOE,Edge of Eternities,70,normal,uncommon,1,106997,380f16d6-ad43-4e0d-9645-6abde6248182,0.09,false,false,near_mint,en,USD,2026-04-18T03:20:01.427Z
Bulk,binder,"Urza, Powerstone Prodigy",BRO,The Brothers' War,69,normal,uncommon,1,75421,445f897e-a059-4cd5-bfd2-302dc7a4c8e2,0.17,false,false,near_mint,en,USD,2026-04-18T03:20:01.430Z
Bulk,binder,Steelswarm Operator,EOE,Edge of Eternities,80,normal,uncommon,1,107544,ca468b86-f31a-4cd7-a574-eb984bc4bc3e,0.1,false,false,near_mint,en,USD,2026-04-18T03:20:01.431Z
Bulk,binder,Artificer Class,CLB,Commander Legends: Battle for Baldur's Gate,663,normal,rare,1,69662,cf4e9335-06e3-4b27-8fd8-3e44ece89a36,14.91,false,false,near_mint,en,USD,2026-04-18T03:20:01.432Z
Bulk,binder,Bident of Thassa,M3C,Modern Horizons 3 Commander,177,normal,rare,1,94759,723fbd4f-3243-4d93-a563-180c3ae47d4d,0.39,false,false,near_mint,en,USD,2026-04-18T03:20:01.433Z
Bulk,binder,"Gandalf, Friend of the Shire",LTR,The Lord of the Rings: Tales of Middle-earth,50,normal,uncommon,1,83510,cc9cfcc7-be64-4871-8d52-851e43fe3305,0.21,false,false,near_mint,en,USD,2026-04-18T03:20:01.434Z
Bulk,binder,Council's Deliberation,LTR,The Lord of the Rings: Tales of Middle-earth,46,normal,uncommon,1,83142,651503a2-5d1e-408a-9cdc-0cee05ab3ef0,0.22,false,false,near_mint,en,USD,2026-04-18T03:20:01.435Z
Bulk,binder,Leave in the Dust,AER,Aether Revolt,37,normal,common,1,6377,3c01bd77-beb0-4a26-858d-022311e550bf,0.04,false,false,near_mint,en,USD,2026-04-18T03:20:01.438Z
Bulk,binder,Skyship Buccaneer,FDN,Foundations,50,normal,uncommon,1,100587,62958fc3-55dc-4b97-a070-490d6ed27820,0.05,false,false,near_mint,en,USD,2026-04-18T03:20:01.440Z
Bulk,binder,Lantern Spirit,ISD,Innistrad,62,normal,uncommon,1,18836,b50a5772-f411-458a-97f9-9f3967bb79c5,0.1,false,false,near_mint,en,USD,2026-04-18T03:20:01.441Z
Bulk,binder,Hada Spy Patrol,CMA,Commander Anthology,40,normal,uncommon,1,5246,905f1b28-8d53-4163-9118-414dad789509,0.25,false,false,near_mint,en,USD,2026-04-18T03:20:01.442Z
Bulk,binder,Merfolk Skyscout,CN2,Conspiracy: Take the Crown,115,normal,uncommon,1,7982,92ad1471-96d2-4d61-9695-5f2daf122353,0.17,false,false,near_mint,en,USD,2026-04-18T03:20:01.443Z
Bulk,binder,Brineborn Cutthroat,FDN,Foundations,152,normal,uncommon,1,100986,acf7aafb-931f-49e5-8691-eab8cb34b05e,0.11,false,false,near_mint,en,USD,2026-04-18T03:20:01.444Z
Bulk,binder,The Lunar Whale,FIN,Final Fantasy,60,normal,rare,1,106630,ae875471-346c-4a76-b26f-b7205dad5b80,0.25,false,false,near_mint,en,USD,2026-04-18T03:20:01.445Z
Bulk,binder,The Prima Vista,FIN,Final Fantasy,64,normal,uncommon,2,106212,e3998132-5746-4dde-9529-97d3ad7d7361,0.11,false,false,near_mint,en,USD,2026-04-18T03:20:01.446Z
Bulk,binder,Cone of Cold,CLB,Commander Legends: Battle for Baldur's Gate,61,normal,uncommon,1,69302,d010948a-d3f8-4ce3-9c9b-6e905a3f7087,0.25,false,false,near_mint,en,USD,2026-04-18T03:20:01.447Z
Bulk,binder,Hard Cover,M20,Core Set 2020,63,normal,uncommon,1,45398,e16c9f3a-534b-42d4-9765-8d1cb15375aa,0.21,false,false,near_mint,en,USD,2026-04-18T03:20:01.451Z
Bulk,binder,Wishing Well,BLB,Bloomburrow,81,normal,rare,1,95979,edeb20aa-b253-49b8-9947-c397a3a4002a,0.18,false,false,near_mint,en,USD,2026-04-18T03:20:01.452Z
Bulk,binder,Spectral Denial,TDM,Tarkir: Dragonstorm,58,normal,uncommon,1,105037,ee4e732a-1ffd-463d-92c2-26187659cfc3,0.22,false,false,near_mint,en,USD,2026-04-18T03:20:01.453Z
Bulk,binder,Horses of the Bruinen,LTR,The Lord of the Rings: Tales of Middle-earth,55,normal,uncommon,1,83659,f7725dc2-2654-4ffb-b6b3-510ae64ec6af,0.2,false,false,near_mint,en,USD,2026-04-18T03:20:01.454Z
Bulk,binder,Lost Isle Calling,LTR,The Lord of the Rings: Tales of Middle-earth,61,normal,rare,1,83211,7b744230-8127-4d4f-9d40-75e7c2aab77c,0.27,false,false,near_mint,en,USD,2026-04-18T03:20:01.458Z
Bulk,binder,Specimen Freighter,EOE,Edge of Eternities,76,normal,uncommon,1,107526,b862a9f8-2361-4220-99bd-ae2530905195,0.05,false,false,near_mint,en,USD,2026-04-18T03:20:01.462Z
Bulk,binder,Bitter Chill,WOE,Wilds of Eldraine,44,normal,uncommon,1,85543,888e3c71-e21d-4e77-b1b6-09769f9cd3d6,0.09,false,false,near_mint,en,USD,2026-04-18T03:20:01.464Z
Bulk,binder,Cargo Ship,FIN,Final Fantasy,47,normal,uncommon,3,106597,932b865c-bfe7-4bb7-82e9-2403cf0e0522,0.19,false,false,near_mint,en,USD,2026-04-18T03:20:01.466Z
Bulk,binder,Mystery Key,CLB,Commander Legends: Battle for Baldur's Gate,85,normal,uncommon,1,69143,8894a0f5-2e1d-474f-9400-bdaa91b19fda,0.23,false,false,near_mint,en,USD,2026-04-18T03:20:01.467Z
Bulk,binder,Scour for Scrap,EOE,Edge of Eternities,73,normal,uncommon,1,107719,517d1b00-7ec4-489a-ac52-657da24a6379,0.46,false,false,near_mint,en,USD,2026-04-18T03:20:01.469Z
Bulk,binder,"Imoen, Mystic Trickster",CLB,Commander Legends: Battle for Baldur's Gate,77,normal,uncommon,1,68856,1097264b-e383-4864-a587-dc7d5468f359,0.09,false,false,near_mint,en,USD,2026-04-18T03:20:01.474Z
Bulk,binder,Floodpits Drowner,DSK,Duskmourn: House of Horror,59,normal,uncommon,1,98888,a6a62aa3-8edb-4000-8ebd-15ec4b00eed7,0.5,false,false,near_mint,en,USD,2026-04-18T03:20:01.478Z
Bulk,binder,Eccentric Apprentice,AFR,Adventures in the Forgotten Realms,57,normal,uncommon,1,60212,3baa08ac-9a94-4e22-91bb-c6966cd0a0de,0.11,false,false,near_mint,en,USD,2026-04-18T03:20:01.479Z
Bulk,binder,Ioreth of the Healing House,LTR,The Lord of the Rings: Tales of Middle-earth,56,normal,uncommon,1,82827,03ab74cd-978a-49eb-9d38-bc8b472b3cef,0.34,false,false,near_mint,en,USD,2026-04-18T03:20:01.480Z
Bulk,binder,Oneirophage,MH1,Modern Horizons,60,normal,uncommon,1,44874,caefbac6-b2a0-4a70-a912-25173eafd7b3,0.15,false,false,near_mint,en,USD,2026-04-18T03:20:01.485Z
Bulk,binder,"Renari, Merchant of Marvels",CLB,Commander Legends: Battle for Baldur's Gate,386,normal,uncommon,1,68952,33ff38ea-53e4-49e3-bf54-233100107fee,0.13,false,false,near_mint,en,USD,2026-04-18T03:20:01.486Z
Bulk,binder,Magus of the Future,TSR,Time Spiral Remastered,75,normal,rare,1,57568,27ba1ea5-c861-4bb4-a681-fc0633268bd9,0.34,false,false,near_mint,en,USD,2026-04-18T03:20:01.487Z
Bulk,binder,Illvoi Infiltrator,EOE,Edge of Eternities,59,normal,uncommon,1,107702,2db4ed41-0426-4d7f-bb43-e43392bed83b,0.08,false,false,near_mint,en,USD,2026-04-18T03:20:01.495Z
Bulk,binder,Genestealer Patriarch,40K,"Warhammer 40,000 Commander",22,normal,rare,1,72473,a0df01d1-6131-4ef7-abea-ba084f3b0954,0.38,false,false,near_mint,en,USD,2026-04-18T03:20:01.496Z
Bulk,binder,Genestealer Locus,40K,"Warhammer 40,000 Commander",21,normal,uncommon,1,72363,4cdc3172-6df0-48a8-85d6-c4b727202f83,0.21,false,false,near_mint,en,USD,2026-04-18T03:20:01.497Z
Bulk,binder,Juvenile Mist Dragon,CLB,Commander Legends: Battle for Baldur's Gate,79,normal,uncommon,1,69334,dcc26897-4644-4af5-ac37-099e641c27d1,0.15,false,false,near_mint,en,USD,2026-04-18T03:20:01.498Z
Bulk,binder,Kishla Trawlers,TDM,Tarkir: Dragonstorm,50,normal,uncommon,1,104472,190fbc55-e8e9-4077-9532-1de7406baabf,0.1,false,false,near_mint,en,USD,2026-04-18T03:20:01.499Z
Bulk,binder,Blue Mage's Cane,FIC,Final Fantasy Commander,35,normal,rare,1,106067,9b3cfc13-db4e-4ec3-8444-f715bcd43be6,0.28,false,false,near_mint,en,USD,2026-04-18T03:20:01.501Z
Bulk,binder,Bespoke Battlewagon,DRC,Aetherdrift Commander,71,normal,uncommon,1,103320,e42f232d-73c3-40bd-8ca2-da53ca20f9de,0.26,false,false,near_mint,en,USD,2026-04-18T03:20:01.503Z
Bulk,binder,Era of Innovation,DRC,Aetherdrift Commander,75,normal,uncommon,1,103341,edf49825-c432-4eb3-97da-b92ae6b9fab8,0.16,false,false,near_mint,en,USD,2026-04-18T03:20:01.504Z
Bulk,binder,Confiscation Coup,DRC,Aetherdrift Commander,73,normal,rare,1,103388,fdd39363-34f0-4bb7-9537-69a47789a3b4,0.32,false,false,near_mint,en,USD,2026-04-18T03:20:01.505Z
Bulk,binder,Glimmer of Genius,DRC,Aetherdrift Commander,78,normal,uncommon,1,103170,913bb5da-57b7-44c0-9c6e-630ae71c4b1b,0.17,false,false,near_mint,en,USD,2026-04-18T03:20:01.506Z
Bulk,binder,Forging the Anchor,BRO,The Brothers' War,50,normal,uncommon,1,75276,057f6add-1f1d-4cce-9c9d-5e59fb74d78e,0.24,false,false,near_mint,en,USD,2026-04-18T03:20:01.508Z
Bulk,binder,Curse of Verbosity,CLB,Commander Legends: Battle for Baldur's Gate,717,normal,uncommon,1,69731,ff611add-0b1b-4008-a78b-e793ccb38260,0.55,false,false,near_mint,en,USD,2026-04-18T03:20:01.511Z
Bulk,binder,Plan the Heist,OTJ,Outlaws of Thunder Junction,62,normal,uncommon,1,93083,1e8c3a0e-d61c-457f-ac85-577d0bb94b96,0.16,false,false,near_mint,en,USD,2026-04-18T03:20:01.512Z
Bulk,binder,Portal of Sanctuary,M20,Core Set 2020,71,normal,uncommon,1,45390,37c66692-2880-4ea2-abaf-8926c6950826,0.13,false,false,near_mint,en,USD,2026-04-18T03:20:01.513Z
Bulk,binder,Curse of the Swine,TDC,Tarkir: Dragonstorm Commander,149,normal,rare,1,104610,4967955e-66ce-4df5-a9fa-305c3f8e2e25,0.26,false,false,near_mint,en,USD,2026-04-18T03:20:01.514Z
Bulk,binder,Lunar Insight,FDN,Foundations,46,normal,rare,1,100958,a9a159f6-fecf-4bdd-b2f8-a9665a5cc32d,0.17,false,false,near_mint,en,USD,2026-04-18T03:20:01.515Z
Bulk,binder,Mass Appeal,AVR,Avacyn Restored,66,normal,uncommon,1,18212,dfe9ae51-fd2b-45ca-a780-725f51f897b2,0.31,false,false,near_mint,en,USD,2026-04-18T03:20:01.516Z
Bulk,binder,Thopter Fabricator,DFT,Aetherdrift,68,normal,rare,1,103152,8924b785-b140-4212-a1eb-a10340e09fea,0.38,false,false,near_mint,en,USD,2026-04-18T03:20:01.517Z
Bulk,binder,Mind Spring,BLB,Bloomburrow,389,normal,rare,1,96134,e7e7d174-eb7c-41ad-a241-cfbfdc71e3a7,0.26,false,false,near_mint,en,USD,2026-04-18T03:20:01.519Z
Bulk,binder,Clan Crafter,CLB,Commander Legends: Battle for Baldur's Gate,651,foil,mythic,1,69487,3e82f96f-bd2b-4672-b729-c44c943fcac9,0.77,false,false,near_mint,en,USD,2026-04-18T03:20:01.520Z
Bulk,binder,Brainsurge,MH3,Modern Horizons 3,53,normal,uncommon,1,94666,ed48f805-b57c-4d7f-a3c2-d16ae71bce2d,0.39,false,false,near_mint,en,USD,2026-04-18T03:20:01.524Z
Bulk,binder,Exclude,MH1,Modern Horizons,48,normal,uncommon,1,44886,077ffa65-542f-4b83-9fcb-d3384b74633c,0.24,false,false,near_mint,en,USD,2026-04-18T03:20:01.526Z
Bulk,binder,Roil Cartographer,MH3,Modern Horizons 3,67,normal,uncommon,1,94522,84317f9d-5a24-4f74-9c3e-0a8b5c15bb5f,0.19,false,false,near_mint,en,USD,2026-04-18T03:20:01.527Z
Bulk,binder,Aurora Shifter,M3C,Modern Horizons 3 Commander,97,normal,rare,1,94776,90577060-8def-4b50-ae09-6f7a3244e80a,0.28,false,false,near_mint,en,USD,2026-04-18T03:20:01.528Z
Bulk,binder,Aethertide Whale,DRC,Aetherdrift Commander,69,normal,rare,1,103120,78e396a1-a56e-418b-a342-c09a11218a85,0.27,false,false,near_mint,en,USD,2026-04-18T03:20:01.529Z
Bulk,binder,Aethersquall Ancient,DRC,Aetherdrift Commander,68,normal,rare,1,102935,192882f3-88bc-4fcf-b57c-31108401e4bd,0.2,false,false,near_mint,en,USD,2026-04-18T03:20:01.530Z
Bulk,binder,Sly Instigator,CLB,Commander Legends: Battle for Baldur's Gate,736,normal,rare,1,69651,c9ed183a-a78a-4934-9317-9f16b29e69a2,0.39,false,false,near_mint,en,USD,2026-04-18T03:20:01.531Z
Bulk,binder,Living Conundrum,MKM,Murders at Karlov Manor,63,normal,uncommon,1,91065,97fb11c7-7b7f-4bdb-a022-53e28ebadecc,0.05,false,false,near_mint,en,USD,2026-04-18T03:20:01.532Z
Bulk,binder,Forensic Researcher,MKM,Murders at Karlov Manor,58,normal,uncommon,1,90670,1384df5d-d705-49cb-a982-1588cbf303d8,0.23,false,false,near_mint,en,USD,2026-04-18T03:20:01.533Z
Bulk,binder,Skystrike Officer,BRO,The Brothers' War,62,normal,rare,1,75632,925fa343-d9c3-4ed9-bd1f-aaa31c0badd7,0.27,false,false,near_mint,en,USD,2026-04-18T03:20:01.534Z
Bulk,binder,Duelist of the Mind,OTJ,Outlaws of Thunder Junction,45,normal,rare,1,91798,2b58e47b-c165-4a58-aa2a-033a35645adc,0.33,false,false,near_mint,en,USD,2026-04-18T03:20:01.537Z
Bulk,binder,Lost in the Spirit World,TLE,Avatar: The Last Airbender Eternal,224,normal,uncommon,1,108239,88745474-d8e7-407e-80df-02541ad1ab0b,0.12,false,false,near_mint,en,USD,2026-04-18T03:20:01.538Z
Bulk,binder,Baboon Spirit,TLE,Avatar: The Last Airbender Eternal,89,normal,rare,1,109742,8b5a7f24-63df-40fa-9200-c862544b0ffa,0.26,false,false,near_mint,en,USD,2026-04-18T03:20:01.539Z
Bulk,binder,Benevolent River Spirit,TLA,Avatar: The Last Airbender,45,normal,uncommon,2,109731,7ffb79cd-d170-4047-89c8-6e85188f30da,0.2,false,false,near_mint,en,USD,2026-04-18T03:20:01.540Z
Bulk,binder,The Spirit Oasis,TLA,Avatar: The Last Airbender,72,normal,uncommon,1,109414,3a1b1329-531c-47ed-9802-c505501f8fd9,0.26,false,false,near_mint,en,USD,2026-04-18T03:20:01.541Z
Bulk,binder,Dutiful Knowledge Seeker,TLE,Avatar: The Last Airbender Eternal,92,normal,uncommon,1,109670,332914f3-9c79-4f76-882e-f72e42681d21,0.19,false,false,near_mint,en,USD,2026-04-18T03:20:01.542Z
Bulk,binder,Pursued Whale,CLB,Commander Legends: Battle for Baldur's Gate,732,normal,rare,1,69712,f1ba925b-9216-4e37-814d-b061950b3998,0.16,false,false,near_mint,en,USD,2026-04-18T03:20:01.544Z
Bulk,binder,Sokka's Haiku,TLA,Avatar: The Last Airbender,71,normal,uncommon,1,108102,004be4bc-ac3c-4026-8d36-f4687ab18c70,0.17,false,false,near_mint,en,USD,2026-04-18T03:20:01.547Z
Bulk,binder,"Ty Lee, Chi Blocker",TLA,Avatar: The Last Airbender,76,normal,rare,1,109409,308cc687-9cb2-4e3a-98db-c5ba2a7da115,0.34,false,false,near_mint,en,USD,2026-04-18T03:20:01.549Z
Bulk,binder,Bewildering Blizzard,TDM,Tarkir: Dragonstorm,38,normal,uncommon,1,104807,91b25843-1aa0-484a-b6c7-0c284fe7214a,0.07,false,false,near_mint,en,USD,2026-04-18T03:20:01.550Z
Bulk,binder,Everdream,MH1,Modern Horizons,47,normal,uncommon,1,44887,e744c42c-6bcc-42c0-9346-102b8368c377,0.13,false,false,near_mint,en,USD,2026-04-18T03:20:01.554Z
Bulk,binder,Stolen Uniform,FIN,Final Fantasy,75,normal,uncommon,3,106510,0d80c511-2f4d-4f77-8143-7b49b2b19fae,0.07,false,false,near_mint,en,USD,2026-04-18T03:20:01.555Z
Bulk,binder,Sidequest: Card Collection // Magicked Card,FIN,Final Fantasy,73,normal,uncommon,3,106589,8ac3d2c9-5978-4cfb-a746-c901decff093,0.05,false,false,near_mint,en,USD,2026-04-18T03:20:01.556Z
Bulk,binder,North Pole Gates,TLA,Avatar: The Last Airbender,274,normal,common,1,109528,bcf7b9da-d35d-4338-b4d9-83e47dc058ee,0.23,false,false,near_mint,en,USD,2026-04-18T03:20:01.557Z
Bulk,binder,Idyllic Beachfront,DMU,Dominaria United,249,normal,common,1,71751,c50ec22c-decb-419f-ae52-78ea1706eb11,0.34,false,false,near_mint,en,USD,2026-04-18T03:20:01.558Z
Bulk,binder,Irrigated Farmland,EOC,Edge of Eternities Commander,162,normal,rare,1,107261,3cbc4f0a-6735-461c-ae7a-3c2ce342c4da,0.24,false,false,near_mint,en,USD,2026-04-18T03:20:01.559Z
Bulk,binder,Lonely Arroyo,OTJ,Outlaws of Thunder Junction,260,normal,common,1,93150,4b778b63-e5fc-4d63-a93b-4372f32cade2,0.23,false,false,near_mint,en,USD,2026-04-18T03:20:01.560Z
Bulk,binder,Sejiri Refuge,KHC,Kaldheim Commander,118,normal,uncommon,1,57254,b474bfdd-e0b2-4b96-b8eb-84ced9ac5a06,0.38,false,false,near_mint,en,USD,2026-04-18T03:20:01.561Z
Bulk,binder,Tranquil Cove,TDM,Tarkir: Dragonstorm,270,normal,common,1,104249,1c4efa6c-4f29-41cd-a728-bf0e479ace05,0.16,false,false,near_mint,en,USD,2026-04-18T03:20:01.562Z
Bulk,binder,Fortified Beachhead,BRO,The Brothers' War,262,normal,rare,1,75844,e248204c-865d-42d9-b745-8ff73225b4a1,0.23,false,false,near_mint,en,USD,2026-04-18T03:20:01.563Z
Bulk,binder,Tranquil Cove,FDN,Foundations,270,normal,common,1,100719,7c9cabca-5bcc-4b97-b2ac-a345ad3ee43c,0.22,false,false,near_mint,en,USD,2026-04-18T03:20:01.564Z
Bulk,binder,Temple of Enlightenment,PIP,Fallout,304,normal,rare,1,92251,658fec13-a62d-4701-ad8b-9cb08d960253,0.29,false,false,near_mint,en,USD,2026-04-18T03:20:01.565Z
Bulk,binder,Temple of Enlightenment,M3C,Modern Horizons 3 Commander,386,normal,rare,1,94721,27b78fc3-bfe8-4b92-bda9-fb9bffc2a93b,0.12,false,false,near_mint,en,USD,2026-04-18T03:20:01.569Z
Bulk,binder,Azorius Chancery,DSC,Duskmourn: House of Horror Commander,261,normal,uncommon,1,99152,50ef0ac3-e911-4d67-a751-8d86160ae843,0.3,false,false,near_mint,en,USD,2026-04-18T03:20:01.571Z
Bulk,binder,Blossoming Sands,FDN,Foundations,260,normal,common,1,100364,37676ed8-588c-4bca-8065-874b74d84807,0.3,false,false,near_mint,en,USD,2026-04-18T03:20:01.576Z
Bulk,binder,Sunpetal Grove,FIC,Final Fantasy Commander,432,normal,rare,1,105945,5b0275b1-64bc-4c78-ac1a-9bd31399b946,0.52,false,false,near_mint,en,USD,2026-04-18T03:20:01.578Z
Bulk,binder,Fortified Village,FIC,Final Fantasy Commander,396,normal,rare,1,105825,1028b210-db71-4bbd-8bd7-59dc4032f426,0.3,false,false,near_mint,en,USD,2026-04-18T03:20:01.579Z
Bulk,binder,Canopy Vista,FIC,Final Fantasy Commander,378,normal,rare,1,105952,5d33aeaa-df27-4c41-9926-79e9dc6a9c69,0.31,false,false,near_mint,en,USD,2026-04-18T03:20:01.580Z
Bulk,binder,Radiant Grove,FIC,Final Fantasy Commander,414,normal,common,1,106057,977bf5a1-81f2-4c5b-a227-347bf8e19554,0.24,false,false,near_mint,en,USD,2026-04-18T03:20:01.581Z
Bulk,binder,Sungrass Prairie,FIC,Final Fantasy Commander,428,normal,rare,1,106016,81e28e36-893f-4b34-aef7-5f2c15dc231c,0.27,false,false,near_mint,en,USD,2026-04-18T03:20:01.582Z
Bulk,binder,Blossoming Sands,TDM,Tarkir: Dragonstorm,251,normal,common,1,104239,0a9df994-e0f4-4919-af99-4f643eb9199c,0.25,false,false,near_mint,en,USD,2026-04-18T03:20:01.583Z
Bulk,binder,Bleeding Woods,DSK,Duskmourn: House of Horror,257,normal,common,1,98671,cb224874-aff5-461f-82ee-89b06663231a,0.12,false,false,near_mint,en,USD,2026-04-18T03:20:01.586Z
Bulk,binder,"Gongaga, Reactor Town",FIN,Final Fantasy,280,normal,common,2,106580,7beccfa6-3e4b-4460-954e-870cb39e462d,0.18,false,false,near_mint,en,USD,2026-04-18T03:20:01.587Z
Bulk,binder,Rugged Highlands,40K,"Warhammer 40,000 Commander",292,normal,common,1,72350,420cb35b-1d76-4e86-9e88-47a8ec9e13bd,0.22,false,false,near_mint,en,USD,2026-04-18T03:20:01.588Z
Bulk,binder,Temple of Epiphany,EOC,Edge of Eternities Commander,187,normal,rare,1,107309,a4ee2565-a630-4c7b-93c2-8baba3d3441e,0.25,false,false,near_mint,en,USD,2026-04-18T03:20:01.603Z
Bulk,binder,Izzet Guildgate,MM3,Modern Masters 2017,237,normal,common,1,5976,d58e2167-defb-46cc-a165-02ce6157137d,0.37,false,false,near_mint,en,USD,2026-04-18T03:20:01.609Z
Bulk,binder,Izzet Guildgate,C18,Commander 2018,257,normal,common,1,586,771ddb6f-607c-487e-b64b-5c9ff0579183,0.19,false,false,near_mint,en,USD,2026-04-18T03:20:01.610Z
Bulk,binder,"Balamb Garden, SeeD Academy // Balamb Garden, Airborne",FIN,Final Fantasy,272,normal,rare,1,106492,001e9f20-5b15-41cb-bf82-46172decc235,0.31,false,false,near_mint,en,USD,2026-04-18T03:20:01.611Z
Bulk,binder,Temple of Mystery,TDC,Tarkir: Dragonstorm Commander,404,normal,rare,1,104886,af2de306-8a58-43fe-a0fe-dc8a545b8630,0.22,false,false,near_mint,en,USD,2026-04-18T03:20:01.613Z
Bulk,binder,Thornwood Falls,TDM,Tarkir: Dragonstorm,269,normal,common,1,104376,ebb502c2-5fd0-46a9-b77d-010f4a942056,0.19,false,false,near_mint,en,USD,2026-04-18T03:20:01.614Z
Bulk,binder,Thornwood Falls,FDN,Foundations,269,normal,common,1,100424,42799f51-0f8c-444b-974e-dae281a5c697,0.2,false,false,near_mint,en,USD,2026-04-18T03:20:01.615Z
Bulk,binder,Tanglepool Bridge,DRC,Aetherdrift Commander,175,normal,common,1,102958,2adf277c-945e-49b4-88d7-ac720863d0d6,0.25,false,false,near_mint,en,USD,2026-04-18T03:20:01.616Z
Bulk,binder,Tramway Station,SNC,Streets of New Capenna,258,normal,common,1,68045,e0532304-da6d-45cd-b1e6-4779d3f3b2bc,0.09,false,false,near_mint,en,USD,2026-04-18T03:20:01.626Z
Bulk,binder,Rakdos Guildgate,FDN,Foundations,693,normal,common,1,101249,e1f01964-c610-4d0f-a2b4-f52e46dc50d2,0.11,false,false,near_mint,en,USD,2026-04-18T03:20:01.628Z
Bulk,binder,Sacred Peaks,MKC,Murders at Karlov Manor Commander,285,normal,common,1,90333,4220431a-97a3-4957-8201-ce29559b8839,0.29,false,false,near_mint,en,USD,2026-04-18T03:20:01.636Z
Bulk,binder,Needle Spires,MKC,Murders at Karlov Manor Commander,278,normal,rare,1,90345,4a58a287-e4ca-4c6b-8096-142660cee299,0.24,false,false,near_mint,en,USD,2026-04-18T03:20:01.638Z
Bulk,binder,Sacred Peaks,FIC,Final Fantasy Commander,418,normal,common,1,106227,eb18e293-a58b-4a49-b601-88a30ffa9b99,0.21,false,false,near_mint,en,USD,2026-04-18T03:20:01.639Z
Bulk,binder,Snow-Covered Forest,MH1,Modern Horizons,254,normal,common,1,44680,1c59fc48-704b-4187-b9d3-2a2cff6dd54b,1.06,false,false,near_mint,en,USD,2026-04-18T03:20:01.645Z
Bulk,binder,Snow-Covered Plains,MH1,Modern Horizons,250,normal,common,2,44684,7a961768-6166-4852-b518-23eb4cced47d,0.9,false,false,near_mint,en,USD,2026-04-18T03:20:01.646Z
Bulk,binder,Clive's Hideaway,FIN,Final Fantasy,275,normal,rare,1,106557,5e43c36f-b8a2-4b2b-b2ea-57e6fa97521c,0.39,false,false,near_mint,en,USD,2026-04-18T03:20:01.647Z
Bulk,binder,Slayers' Stronghold,MKC,Murders at Karlov Manor Commander,295,normal,rare,1,90326,3b2c82ea-6793-407c-ac9f-5fc14d4d09ea,0.28,false,false,near_mint,en,USD,2026-04-18T03:20:01.648Z
Bulk,binder,"Rix Maadi, Dungeon Palace",C19,Commander 2019,269,normal,uncommon,1,45665,f8429762-e756-43e0-81b4-9d0a34270040,0.18,false,false,near_mint,en,USD,2026-04-18T03:20:01.649Z
Bulk,binder,Evolving Wilds,40K,"Warhammer 40,000 Commander",277,normal,common,1,72288,184e5367-e901-4a0b-a2f5-06db42e6cf31,0.18,false,false,near_mint,en,USD,2026-04-18T03:20:01.650Z
Bulk,binder,Evolving Wilds,BLC,Bloomburrow Commander,302,normal,common,1,96280,516d6669-929e-4884-ae92-9a98cb7f9376,0.33,false,false,near_mint,en,USD,2026-04-18T03:20:01.652Z
Bulk,binder,Seaside Citadel,ECC,Lorwyn Eclipsed Commander,166,normal,uncommon,1,110600,b681599f-aa7a-4b3a-a36a-dc6d70fd6a11,0.36,false,false,near_mint,en,USD,2026-04-18T03:20:01.655Z
Bulk,binder,Mystic Monastery,BLC,Bloomburrow Commander,318,normal,uncommon,1,96459,c59b9295-1802-4452-ae8b-72adeb566c3a,0.3,false,false,near_mint,en,USD,2026-04-18T03:20:01.656Z
Bulk,binder,Mystic Monastery,EOC,Edge of Eternities Commander,170,normal,uncommon,1,107305,9fd41ad5-6b36-482e-8305-bbc709668470,0.29,false,false,near_mint,en,USD,2026-04-18T03:20:01.657Z
Bulk,binder,Jungle Shrine,FIC,Final Fantasy Commander,406,normal,uncommon,1,106172,cf5f5ffc-fad0-4f7b-b2a3-cc10ca445d40,0.31,false,false,near_mint,en,USD,2026-04-18T03:20:01.658Z
Bulk,binder,Brotherhood Headquarters,ACR,Assassin's Creed,80,normal,uncommon,1,95369,535f43c4-8926-4981-967d-f681f98e07d9,0.24,false,false,near_mint,en,USD,2026-04-18T03:20:01.659Z
Bulk,binder,Tin Street Market,GTC,Gatecrash,108,normal,common,1,16716,1c1f543b-2222-4ef5-b4f7-2c3d2ea27fdc,0.08,false,false,near_mint,en,USD,2026-04-18T03:20:01.660Z
Bulk,binder,Public Thoroughfare,MKM,Murders at Karlov Manor,265,normal,common,1,90703,1f8b915f-3e82-4b05-b963-01ebff7a8f7b,0.22,false,false,near_mint,en,USD,2026-04-18T03:20:01.663Z
Bulk,binder,Aether Hub,DRC,Aetherdrift Commander,145,normal,uncommon,1,103246,bb6a8c30-e824-4137-b83e-b9d175a0d037,0.1,false,false,near_mint,en,USD,2026-04-18T03:20:01.664Z
Bulk,binder,Cliffgate,CLB,Commander Legends: Battle for Baldur's Gate,350,normal,common,2,69029,557470dc-c594-4b26-81b9-356bedb0c215,0.32,false,false,near_mint,en,USD,2026-04-18T03:20:01.668Z
Bulk,binder,Gond Gate,CLB,Commander Legends: Battle for Baldur's Gate,353,normal,uncommon,1,69101,746672d9-7c6b-415e-9f34-3cc3ac557008,1.07,false,false,near_mint,en,USD,2026-04-18T03:20:01.674Z
Bulk,binder,Foul Roads,DFT,Aetherdrift,255,normal,uncommon,1,103205,a37c026a-c89f-41f3-8812-424124dd3760,0.05,false,false,near_mint,en,USD,2026-04-18T03:20:01.680Z
Bulk,binder,Barren Moor,C19,Commander 2019,229,normal,uncommon,1,45705,c6ae4a0f-6b58-4a29-826e-cda2f115cdda,0.21,false,false,near_mint,en,USD,2026-04-18T03:20:01.681Z
Bulk,binder,Rockface Village,BLB,Bloomburrow,259,normal,uncommon,1,95629,62799d24-39a6-4e66-8ac3-7cafa99e6e6d,0.31,false,false,near_mint,en,USD,2026-04-18T03:20:01.682Z
Bulk,binder,Cori Mountain Monastery,TDM,Tarkir: Dragonstorm,252,normal,rare,1,104810,9312821a-2059-4f44-9b20-c9522b827e38,0.33,false,false,near_mint,en,USD,2026-04-18T03:20:01.683Z
Bulk,binder,Secluded Steppe,CMR,Commander Legends,491,normal,uncommon,1,56141,9c536cbd-3e81-4c6a-a4e1-02fbd2776706,0.12,false,false,near_mint,en,USD,2026-04-18T03:20:01.684Z
Bulk,binder,Lupinflower Village,BLB,Bloomburrow,256,normal,uncommon,1,95634,8ab9d56f-9178-4ec9-a5f6-b934f50d8d9d,0.24,false,false,near_mint,en,USD,2026-04-18T03:20:01.685Z
Bulk,binder,Blooming Blast,BLB,Bloomburrow,126,normal,uncommon,1,95996,0cd92a83-cec3-4085-a929-3f204e3e0140,0.07,false,false,near_mint,en,USD,2026-04-18T03:20:01.696Z
Bulk,binder,Academic Dispute,STX,Strixhaven: School of Mages,91,normal,uncommon,1,58080,4620cc3b-e401-4096-b310-fed080806344,0.17,false,false,near_mint,en,USD,2026-04-18T03:20:01.705Z
Bulk,binder,Wild Magic Surge,CLB,Commander Legends: Battle for Baldur's Gate,206,normal,uncommon,1,69281,c4c89d88-9d40-46b6-bee0-6bc2e2ca8ba1,1.47,false,false,near_mint,en,USD,2026-04-18T03:20:01.706Z
Bulk,binder,Thunderwave,CLB,Commander Legends: Battle for Baldur's Gate,201,normal,uncommon,1,69357,e9531098-63ea-4568-81e9-80e00a5f8995,0.26,false,false,near_mint,en,USD,2026-04-18T03:20:01.707Z
Bulk,binder,Giant Cindermaw,FDN,Foundations,624,normal,uncommon,2,101190,d65f5298-0e57-49cf-aaf5-2bb16f3e636c,0.16,false,false,near_mint,en,USD,2026-04-18T03:20:01.708Z
Bulk,binder,Triple Triad,FIN,Final Fantasy,166,normal,rare,1,106368,d9a1de36-7f47-4b28-bb56-38d7e5bed82f,0.35,false,false,near_mint,en,USD,2026-04-18T03:20:01.709Z
Bulk,binder,Fireball,CLB,Commander Legends: Battle for Baldur's Gate,397,normal,uncommon,1,67516,82a97aae-d8a7-4451-a47e-ea878dea6e4c,0.17,false,false,near_mint,en,USD,2026-04-18T03:20:01.711Z
Bulk,binder,Opera Love Song,FIN,Final Fantasy,147,normal,uncommon,4,106496,0343916d-1b65-4e95-aef1-e72dbcebf0c4,0.2,false,false,near_mint,en,USD,2026-04-18T03:20:01.713Z
Bulk,binder,Judgment Bolt,FIN,Final Fantasy,559,normal,rare,1,105801,05b04b06-9271-4a28-a60e-287df0d1a4d1,0.17,false,false,near_mint,en,USD,2026-04-18T03:20:01.715Z
Bulk,binder,"Gilgamesh, Master-at-Arms",FIN,Final Fantasy,139,normal,rare,2,105563,1eb81329-fb7a-4347-b96c-9960a5c48e87,0.56,false,false,near_mint,en,USD,2026-04-18T03:20:01.720Z
Bulk,binder,Horned Stoneseeker,BRO,The Brothers' War,138,normal,uncommon,1,75486,5cd965a9-caa2-42a3-b2f9-e4f57341ac27,0.08,false,false,near_mint,en,USD,2026-04-18T03:20:01.721Z
Bulk,binder,Chain Reaction,ECC,Lorwyn Eclipsed Commander,92,normal,rare,1,110601,b6c0d5df-1195-49c1-9b8f-befed9faa401,0.28,false,false,near_mint,en,USD,2026-04-18T03:20:01.724Z
Bulk,binder,Finale of Promise,OTC,Outlaws of Thunder Junction Commander,166,normal,mythic,1,93476,0dbbb636-96c2-472c-a51d-d527e8e97798,0.83,false,false,near_mint,en,USD,2026-04-18T03:20:01.725Z
Bulk,binder,"Feldon, Ronom Excavator",BRO,The Brothers' War,135,normal,rare,1,75485,5ca4cb0e-63ad-4275-a27f-da476260b467,0.25,false,false,near_mint,en,USD,2026-04-18T03:20:01.728Z
Bulk,binder,Acolyte Hybrid,40K,"Warhammer 40,000 Commander",70,normal,uncommon,1,72488,b229697e-b6ff-450b-8020-45c454da9b3e,0.34,false,false,near_mint,en,USD,2026-04-18T03:20:01.729Z
Bulk,binder,Scampering Scorcher,M20,Core Set 2020,158,normal,uncommon,1,45303,dccbe031-1547-4fa5-ba9a-caa1b1f5eb5d,0.25,false,false,near_mint,en,USD,2026-04-18T03:20:01.730Z
Bulk,binder,Zurgo's Vanguard,TDM,Tarkir: Dragonstorm,133,normal,uncommon,1,104846,a1aa3501-5738-4063-a7f4-51d2600b0041,0.08,false,false,near_mint,en,USD,2026-04-18T03:20:01.731Z
Bulk,binder,"Gut, True Soul Zealot",CLB,Commander Legends: Battle for Baldur's Gate,180,normal,uncommon,1,68975,3d8ca18d-9099-4f1e-95c1-f04da58a26bd,0.16,false,false,near_mint,en,USD,2026-04-18T03:20:01.732Z
Bulk,binder,"Kazuul, Tyrant of the Cliffs",MKC,Murders at Karlov Manor Commander,157,normal,rare,1,90400,721df547-d777-4247-b130-a4e247445b04,0.24,false,false,near_mint,en,USD,2026-04-18T03:20:01.733Z
Bulk,binder,Dragonlord's Servant,TDC,Tarkir: Dragonstorm Commander,210,normal,uncommon,1,104924,be6fa0dc-74e7-4fad-9bdd-8e986612577a,0.29,false,false,near_mint,en,USD,2026-04-18T03:20:01.734Z
Bulk,binder,Wrathful Red Dragon,CLB,Commander Legends: Battle for Baldur's Gate,207,normal,rare,1,69215,acd207de-eec3-4d82-b8b9-b1e60a7bad12,5.22,false,false,near_mint,en,USD,2026-04-18T03:20:01.735Z
Bulk,binder,"Alesha, Who Smiles at Death",DMC,Dominaria United Commander,118,normal,rare,1,71556,7ae9ff8c-1cc8-4b10-9641-2c79648fd6c2,0.31,false,false,near_mint,en,USD,2026-04-18T03:20:01.736Z
Bulk,binder,Dragon Mage,FDN,Foundations,621,normal,uncommon,1,100526,5525cfde-a92b-4fb5-8f15-a05efebecd3d,0.19,false,false,near_mint,en,USD,2026-04-18T03:20:01.737Z
Bulk,binder,Unsparing Boltcaster,TDM,Tarkir: Dragonstorm,130,normal,uncommon,1,104488,204f5e5e-d87f-4aee-84e3-28afe8e21591,0.06,false,false,near_mint,en,USD,2026-04-18T03:20:01.738Z
Bulk,binder,Territorial Bruntar,EOE,Edge of Eternities,165,normal,uncommon,1,107776,dbb25585-6048-4a85-828e-675bf0da6508,0.08,false,false,near_mint,en,USD,2026-04-18T03:20:01.744Z
Bulk,binder,Shivan Dragon,FDN,Foundations,206,normal,uncommon,1,100236,1fcff1e0-2745-448d-a27b-e31719e222e9,0.06,false,false,near_mint,en,USD,2026-04-18T03:20:01.746Z
Bulk,binder,Slumbering Cerberus,FDN,Foundations,94,normal,uncommon,1,100892,9d06faa8-201d-45db-b398-ad56f7b01848,0.08,false,false,near_mint,en,USD,2026-04-18T03:20:01.747Z
Bulk,binder,Dragon Trainer,FDN,Foundations,84,normal,uncommon,1,100830,91bd75a1-cb54-4e38-9ce1-e8f32a73c6eb,0.13,false,false,near_mint,en,USD,2026-04-18T03:20:01.751Z
Bulk,binder,"Shocker, Unshakable",SPM,Marvel's Spider-Man,89,normal,uncommon,1,107652,8b2c0d9a-364a-4823-aa4c-fe473d4463f0,0.1,false,false,near_mint,en,USD,2026-04-18T03:20:01.752Z
Bulk,binder,Vaultguard Trooper,EOE,Edge of Eternities,166,normal,uncommon,1,107709,36afe3b1-43a2-47b4-bc0a-24efb1e2e5a0,0.04,false,false,near_mint,en,USD,2026-04-18T03:20:01.756Z
Bulk,binder,Cyclops Electromancer,CMM,Commander Masters,212,normal,common,1,84812,bd56c7dd-8388-400c-a8fb-bc6a69655c56,0.1,false,false,near_mint,en,USD,2026-04-18T03:20:01.757Z
Bulk,binder,Dragon Cultist,CLB,Commander Legends: Battle for Baldur's Gate,170,normal,uncommon,2,69339,e06ad968-ca7a-470b-ba3b-e0afc597b2cd,0.14,false,false,near_mint,en,USD,2026-04-18T03:20:01.761Z
Bulk,binder,Wildfire Howl,BLB,Bloomburrow,162,normal,uncommon,1,96059,7392d397-9836-4df2-944d-c930c9566811,0.06,false,false,near_mint,en,USD,2026-04-18T03:20:01.762Z
Bulk,binder,Hidden Footblade,ACR,Assassin's Creed,34,normal,uncommon,1,95516,e188fe5a-92ac-4c1c-a9a4-2dd5912cc14e,0.22,false,false,near_mint,en,USD,2026-04-18T03:20:01.763Z
Bulk,binder,Cathartic Reunion,ACR,Assassin's Creed,94,normal,uncommon,1,95375,55aaab05-db3b-4317-ae32-553c76f6bade,0.25,false,false,near_mint,en,USD,2026-04-18T03:20:01.764Z
Bulk,binder,Ignorant Bliss,DIS,Dissension,64,normal,uncommon,1,27361,1a2db886-d394-4a8b-8fe0-dc2613500adc,0.26,false,false,near_mint,en,USD,2026-04-18T03:20:01.765Z
Bulk,binder,"Sidequest: Play Blitzball // World Champion, Celestial Weapon",FIN,Final Fantasy,158,normal,uncommon,3,106401,31e2ad37-73cf-4858-8a3a-fc1165cd21a7,0.19,false,false,near_mint,en,USD,2026-04-18T03:20:01.766Z
Bulk,binder,Fireball,CLB,Commander Legends: Battle for Baldur's Gate,175,normal,uncommon,1,67529,df45a43e-a5b7-4fd4-873b-7b3c021be198,0.27,false,false,near_mint,en,USD,2026-04-18T03:20:01.770Z
Bulk,binder,Convenient Target,MKM,Murders at Karlov Manor,305,normal,uncommon,1,91254,e11c0f62-80a0-4e45-9ed2-295814475a3f,0.13,false,false,near_mint,en,USD,2026-04-18T03:20:01.771Z
Bulk,binder,The Chase Is On,MKM,Murders at Karlov Manor,304,normal,common,1,91027,87d5d312-8664-4690-9823-8be4d1c06cd0,0.07,false,false,near_mint,en,USD,2026-04-18T03:20:01.772Z
Bulk,binder,Concealed Weapon,MKM,Murders at Karlov Manor,117,normal,uncommon,1,90796,38e31fa6-a445-47c6-a73f-135087f6d760,0.07,false,false,near_mint,en,USD,2026-04-18T03:20:01.773Z
Bulk,binder,Reverberating Summons,TDM,Tarkir: Dragonstorm,117,normal,uncommon,1,104475,1af19ce8-bc0c-420c-9e3b-9059b4df32cb,0.08,false,false,near_mint,en,USD,2026-04-18T03:20:01.774Z
Bulk,binder,Loot Dispute,CLB,Commander Legends: Battle for Baldur's Gate,677,normal,rare,1,69409,0669a2bb-11c7-45d8-9299-09246ff4e72c,0.37,false,false,near_mint,en,USD,2026-04-18T03:20:01.776Z
Bulk,binder,Vengeful Devil,MH1,Modern Horizons,152,normal,uncommon,1,44782,1265d65e-3f26-46d9-8b8b-e75048a02e95,0.22,false,false,near_mint,en,USD,2026-04-18T03:20:01.778Z
Bulk,binder,Ore-Scale Guardian,MH1,Modern Horizons,137,normal,uncommon,1,44797,e789333b-21ee-4613-8eba-52a719b0f1e5,0.15,false,false,near_mint,en,USD,2026-04-18T03:20:01.779Z
Bulk,binder,Hollowhead Sliver,CMM,Commander Masters,878,normal,uncommon,1,84839,c444a566-bcb1-424b-b66b-55ce87e4d98f,0.37,false,false,near_mint,en,USD,2026-04-18T03:20:01.781Z
Bulk,binder,Terrapact Intimidator,EOE,Edge of Eternities,164,normal,uncommon,1,106957,13fe3358-fd68-4245-a2ad-aa9200cf4655,0.12,false,false,near_mint,en,USD,2026-04-18T03:20:01.784Z
Bulk,binder,Tibalt's Rager,WAR,War of the Spark,147,normal,uncommon,1,44257,2985520d-dfce-414e-a4ac-61695be67406,0.08,false,false,near_mint,en,USD,2026-04-18T03:20:01.789Z
Bulk,binder,Dragon Whelp,DMR,Dominaria Remastered,116,normal,uncommon,1,78149,dd7520ad-3b13-41a6-82b2-fef562545f1c,0.08,false,false,near_mint,en,USD,2026-04-18T03:20:01.790Z
Bulk,binder,Hellkite Whelp,GRN,Guilds of Ravnica,106,normal,uncommon,1,377,65e902e8-bbd5-40fe-a655-45d3d3bc9fde,0.13,false,false,near_mint,en,USD,2026-04-18T03:20:01.791Z
Bulk,binder,Bloodboil Sorcerer,CLB,Commander Legends: Battle for Baldur's Gate,164,normal,uncommon,1,68839,0bdf1222-2fc5-4dae-a7a5-6ba774b02843,0.11,false,false,near_mint,en,USD,2026-04-18T03:20:01.792Z
Bulk,binder,Self-Destruct,FIN,Final Fantasy,157,normal,uncommon,4,106285,7661003c-bf83-46bb-bcc0-8fbf5819ffa8,0.19,false,false,near_mint,en,USD,2026-04-18T03:20:01.794Z
Bulk,binder,Prompto Argentum,FIN,Final Fantasy,148,normal,uncommon,2,106546,4c617bcd-05f8-40c2-bb38-489bc863ce6b,0.09,false,false,near_mint,en,USD,2026-04-18T03:20:01.795Z
Bulk,binder,Curse of Opulence,TDC,Tarkir: Dragonstorm Commander,209,normal,uncommon,1,104609,494a6f50-9cd3-4bfc-9382-dce4f7047a81,1.74,false,false,near_mint,en,USD,2026-04-18T03:20:01.796Z
Bulk,binder,Inspired Tinkering,CLB,Commander Legends: Battle for Baldur's Gate,183,normal,uncommon,1,69271,c1e6b1d3-1ac2-4f20-997e-25c93f1f7897,0.59,false,false,near_mint,en,USD,2026-04-18T03:20:01.797Z
Bulk,binder,Combustion Technique,TLA,Avatar: The Last Airbender,128,normal,uncommon,1,109834,fdcca576-2ef2-44cc-9944-a92bd146444a,0.27,false,false,near_mint,en,USD,2026-04-18T03:20:01.800Z
Bulk,binder,Fire Sages,TLA,Avatar: The Last Airbender,136,normal,uncommon,1,108225,71a9fa44-306f-417a-a9d9-991aff95025c,0.15,false,false,near_mint,en,USD,2026-04-18T03:20:01.802Z
Bulk,binder,Iroh's Demonstration,TLA,Avatar: The Last Airbender,141,normal,uncommon,1,109643,18d15fed-1f8f-4407-a221-a47ce75001a8,0.32,false,false,near_mint,en,USD,2026-04-18T03:20:01.803Z
Bulk,binder,Trial of Agony,DSK,Duskmourn: House of Horror,159,normal,uncommon,1,98947,fa62f67a-d20f-4d99-b0a2-327634299c9f,0.12,false,false,near_mint,en,USD,2026-04-18T03:20:01.804Z
Bulk,binder,Breakneck Rider // Neck Breaker,SOI,Shadows over Innistrad,147,normal,uncommon,1,8849,fe9f85e8-1e4c-4478-8344-71fae357b694,0.28,false,false,near_mint,en,USD,2026-04-18T03:20:01.806Z
Bulk,binder,Summon: Brynhildr,FIN,Final Fantasy,160,normal,rare,2,106588,8ab5429a-1075-49aa-9608-0610080fbf7a,0.33,false,false,near_mint,en,USD,2026-04-18T03:20:01.807Z
Bulk,binder,Summon: Kujata,FIC,Final Fantasy Commander,61,normal,rare,1,106136,ba934866-efd0-4126-b1ff-9c7e82b73bd6,0.26,false,false,near_mint,en,USD,2026-04-18T03:20:01.808Z
Bulk,binder,Goblin Banneret,2X2,Double Masters 2022,110,normal,uncommon,1,70513,cf20cfd7-81f4-423c-a662-c4b6676edfdd,0.11,false,false,near_mint,en,USD,2026-04-18T03:20:01.809Z
Bulk,binder,Éomer of the Riddermark,LTR,The Lord of the Rings: Tales of Middle-earth,121,normal,uncommon,1,83552,d920fcaf-4988-4186-962d-cdda25d79e7b,0.22,false,false,near_mint,en,USD,2026-04-18T03:20:01.810Z
Bulk,binder,Overwhelming Surge,TDM,Tarkir: Dragonstorm,115,normal,uncommon,1,105163,bd7af85f-354e-468a-990b-bd774e68240f,0.11,false,false,near_mint,en,USD,2026-04-18T03:20:01.813Z
Bulk,binder,Popular Entertainer,CLB,Commander Legends: Battle for Baldur's Gate,192,normal,rare,1,69165,91844266-8b2f-421f-a944-544c51734e64,0.29,false,false,near_mint,en,USD,2026-04-18T03:20:01.814Z
Bulk,binder,Memorial Vault,EOE,Edge of Eternities,145,normal,rare,1,107600,a14ecd13-325a-4555-b1dd-d0d0d0826031,0.27,false,false,near_mint,en,USD,2026-04-18T03:20:01.815Z
Bulk,binder,Witchstalker Frenzy,WOE,Wilds of Eldraine,159,normal,uncommon,1,85454,649025a7-79d1-4d7c-b1db-d46bcf5a1ae2,0.32,false,false,near_mint,en,USD,2026-04-18T03:20:01.816Z
Bulk,binder,Shiv's Embrace,USG,Urza's Saga,216,normal,uncommon,1,35754,7c9ba1a3-1de4-4771-b76a-89354bc799d3,0.18,false,false,near_mint,en,USD,2026-04-18T03:20:01.819Z
Bulk,binder,Form of the Dinosaur,RIX,Rivals of Ixalan,103,normal,rare,1,2915,41e4fe86-281d-4174-bb72-ac5bb9560b7e,0.23,false,false,near_mint,en,USD,2026-04-18T03:20:01.820Z
Bulk,binder,Ranger's Firebrand,LTR,The Lord of the Rings: Tales of Middle-earth,143,normal,uncommon,1,82831,06541200-fa4c-4b98-bdc4-44708fd2ddf6,0.2,false,false,near_mint,en,USD,2026-04-18T03:20:01.821Z
Bulk,binder,Mask of Immolation,M20,Core Set 2020,151,normal,uncommon,1,45310,be2f4165-f87f-454b-b955-e4477c864e95,0.15,false,false,near_mint,en,USD,2026-04-18T03:20:01.826Z
Bulk,binder,Lamplight Phoenix,MKM,Murders at Karlov Manor,137,normal,rare,1,90765,2faa0e56-527c-4be5-b8c9-b10ccde275f5,0.14,false,false,near_mint,en,USD,2026-04-18T03:20:01.830Z
Bulk,binder,"Vhal, Candlekeep Researcher",CLB,Commander Legends: Battle for Baldur's Gate,387,normal,uncommon,2,68909,21a373d7-43b8-4037-828d-080ecb5c2a08,0.08,false,false,near_mint,en,USD,2026-04-18T03:20:01.407Z
Bulk,binder,Valkyrie Aerial Unit,FIN,Final Fantasy,84,normal,uncommon,3,106126,b40a055f-ea66-44d4-b058-a328a3d10994,0.17,false,false,near_mint,en,USD,2026-04-18T03:20:01.410Z
Bulk,binder,Thief's Knife,FIN,Final Fantasy,81,normal,uncommon,8,106645,c2dcfd0a-3f52-4616-a09a-fd2db8b6b93e,0.17,false,false,near_mint,en,USD,2026-04-18T03:20:01.422Z
Bulk,binder,Summon: Shiva,FIN,Final Fantasy,78,normal,uncommon,5,103800,a80511f8-7cb1-4974-afde-8a5cebe13ad7,0.18,false,false,near_mint,en,USD,2026-04-18T03:20:01.423Z
Bulk,binder,Midnight Clock,DRC,Aetherdrift Commander,79,normal,rare,2,103285,d401b4af-649d-4b97-864d-5796a1a8e22b,0.37,false,false,near_mint,en,USD,2026-04-18T03:20:01.428Z
Bulk,binder,Rain of Revelation,M21,Core Set 2021,61,normal,uncommon,2,51030,da367981-9d6f-419f-9f58-f969b6183336,0.11,false,false,near_mint,en,USD,2026-04-18T03:20:01.436Z
Bulk,binder,"Ultros, Obnoxious Octopus",FIN,Final Fantasy,83,normal,uncommon,4,106515,14379198-9a0a-4853-9d51-fb074a24b1c0,0.13,false,false,near_mint,en,USD,2026-04-18T03:20:01.437Z
Bulk,binder,Spectral Sailor,FDN,Foundations,164,normal,uncommon,2,100100,03a49535-c5f3-4a6f-b333-7ac7bffdc9ae,0.22,false,false,near_mint,en,USD,2026-04-18T03:20:01.439Z
Bulk,binder,Sleep Magic,FIN,Final Fantasy,74,normal,uncommon,4,106650,c96cae63-7625-48e3-aaba-5b1632a8642d,0.06,false,false,near_mint,en,USD,2026-04-18T03:20:01.450Z
Bulk,binder,Travel the Overworld,FIN,Final Fantasy,82,normal,uncommon,4,106625,aa5086e0-e2f2-498f-9035-1b31e1d21e0a,0.17,false,false,near_mint,en,USD,2026-04-18T03:20:01.455Z
Bulk,binder,Shameless Charlatan,CLB,Commander Legends: Battle for Baldur's Gate,96,normal,rare,3,69353,e65ad0e2-8f78-4e60-a97e-1cd20901680f,0.15,false,false,near_mint,en,USD,2026-04-18T03:20:01.456Z
Bulk,binder,Tractor Beam,EOE,Edge of Eternities,82,normal,uncommon,2,107579,efc96d54-d6e1-49b6-b4c2-70b997776548,0.07,false,false,near_mint,en,USD,2026-04-18T03:20:01.463Z
Bulk,binder,Ether,FIN,Final Fantasy,53,normal,uncommon,3,106586,896ee6e9-15a9-4974-b576-50f4759fac38,0.11,false,false,near_mint,en,USD,2026-04-18T03:20:01.470Z
Bulk,binder,Assassin Gauntlet,ACR,Assassin's Creed,12,normal,uncommon,2,95454,a9ebdd18-7f07-417c-8f30-470c1f14dfae,0.24,false,false,near_mint,en,USD,2026-04-18T03:20:01.471Z
Bulk,binder,Rescuer Sphinx,CLU,Ravnica: Clue Edition,95,normal,uncommon,3,90699,1ecd08d6-3a57-4d56-a594-9f6e60c1ba0f,0.14,false,false,near_mint,en,USD,2026-04-18T03:20:01.475Z
Bulk,binder,Renowned Weaponsmith,CMM,Commander Masters,114,normal,common,2,84395,5a397298-9d7d-495f-983a-1683291a7b9f,0.09,false,false,near_mint,en,USD,2026-04-18T03:20:01.482Z
Bulk,binder,Splash Lasher,BLB,Bloomburrow,73,normal,uncommon,3,95910,362ee125-35a0-46cd-a201-e6797d12d33a,0.13,false,false,near_mint,en,USD,2026-04-18T03:20:01.490Z
Bulk,binder,Involuntary Cooldown,BRO,The Brothers' War,53,normal,uncommon,2,75801,d4fcaf6d-6491-4459-98b0-b3c7d43df59e,0.12,false,false,near_mint,en,USD,2026-04-18T03:20:01.507Z
Bulk,binder,Knowledge Seeker,TLA,Avatar: The Last Airbender,60,normal,uncommon,2,109738,8554e862-f78a-42f5-b876-076aac6c9504,0.19,false,false,near_mint,en,USD,2026-04-18T03:20:01.543Z
Bulk,binder,Master Pakku,TLA,Avatar: The Last Airbender,63,normal,uncommon,2,108246,91e30df5-63f7-4281-8d64-8d522d663652,0.15,false,false,near_mint,en,USD,2026-04-18T03:20:01.545Z
Bulk,binder,Jace's Triumph,WAR,War of the Spark,55,normal,uncommon,2,44349,4924f177-5ee2-4d3f-9603-4b9aef4dac09,0.13,false,false,near_mint,en,USD,2026-04-18T03:20:01.552Z
Bulk,binder,"Sharlayan, Nation of Scholars",FIN,Final Fantasy,288,normal,common,6,106579,7a745b5e-cdb8-4d05-ac5c-87be69536da6,0.18,false,false,near_mint,en,USD,2026-04-18T03:20:01.566Z
Bulk,binder,Blossoming Sands,BLB,Bloomburrow,396,normal,common,3,96135,ecfa2cc9-e427-4104-bad7-b0294e392b1f,0.13,false,false,near_mint,en,USD,2026-04-18T03:20:01.570Z
Bulk,binder,"Windurst, Federation Center",FIN,Final Fantasy,292,normal,common,5,106649,c74024bd-b383-468d-9cf5-d112a29f6457,0.23,false,false,near_mint,en,USD,2026-04-18T03:20:01.573Z
Bulk,binder,Omashu City,TLA,Avatar: The Last Airbender,275,normal,common,2,109535,c21e413b-96ed-4ded-b567-f1647074ce5f,0.26,false,false,near_mint,en,USD,2026-04-18T03:20:01.584Z
Bulk,binder,"Insomnia, Crown City",FIN,Final Fantasy,282,normal,common,7,106502,07fca511-a65c-4779-82c0-9215b0dcd068,0.23,false,false,near_mint,en,USD,2026-04-18T03:20:01.589Z
Bulk,binder,"Treno, Dark City",FIN,Final Fantasy,290,normal,common,9,106686,f6285535-bc44-4274-a886-b14d7c7aaba8,0.17,false,false,near_mint,en,USD,2026-04-18T03:20:01.597Z
Bulk,binder,Swiftwater Cliffs,BLB,Bloomburrow,397,normal,common,3,96078,89e43510-c444-4b2e-b2a0-528dcc09c899,0.1,false,false,near_mint,en,USD,2026-04-18T03:20:01.607Z
Bulk,binder,"Guadosalam, Farplane Gateway",FIN,Final Fantasy,281,normal,common,6,106668,dfcbc131-fd50-4908-b539-c8e52bb70c58,0.19,false,false,near_mint,en,USD,2026-04-18T03:20:01.612Z
Bulk,binder,Lakeside Shack,DSK,Duskmourn: House of Horror,262,normal,common,2,98660,a9367acd-393a-4966-ba60-af2ecd4e7596,0.09,false,false,near_mint,en,USD,2026-04-18T03:20:01.618Z
Bulk,binder,"Vector, Imperial Capital",FIN,Final Fantasy,291,normal,common,3,106512,10e5648e-4884-41e3-95f8-c76f6bca01e2,0.21,false,false,near_mint,en,USD,2026-04-18T03:20:01.624Z
Bulk,binder,Cinder Barrens,C19,Commander 2019,235,normal,common,2,45699,08136a39-bf9f-493c-92d6-178567647fb2,0.14,false,false,near_mint,en,USD,2026-04-18T03:20:01.629Z
Bulk,binder,"Rabanastre, Royal City",FIN,Final Fantasy,287,normal,common,4,106294,c44c9bbe-f4c6-41cf-b3c3-b943f4011bc1,0.18,false,false,near_mint,en,USD,2026-04-18T03:20:01.633Z
Bulk,binder,Snow-Covered Swamp,MH1,Modern Horizons,252,normal,common,3,44682,c835f235-4196-4281-9788-13e5d54a92d0,1.03,false,false,near_mint,en,USD,2026-04-18T03:20:01.640Z
Bulk,binder,Snow-Covered Mountain,MH1,Modern Horizons,253,normal,common,2,44681,d2209e6f-1d9d-43bb-a314-a8fefc509e78,0.85,false,false,near_mint,en,USD,2026-04-18T03:20:01.643Z
Bulk,binder,Interplanar Beacon,CMM,Commander Masters,1004,normal,uncommon,2,84808,bc1bed72-2440-4364-a69f-a9d7c4fe3fea,0.18,false,false,near_mint,en,USD,2026-04-18T03:20:01.661Z
Bulk,binder,Capital City,FIN,Final Fantasy,274,normal,uncommon,3,106379,f73ce8ec-c916-48eb-ae20-c0d6d03d7145,0.18,false,false,near_mint,en,USD,2026-04-18T03:20:01.665Z
Bulk,binder,Gateway Plaza,WAR,War of the Spark,246,normal,common,3,44158,81d69cf2-8643-4926-857e-febbd54d870f,0.22,false,false,near_mint,en,USD,2026-04-18T03:20:01.669Z
Bulk,binder,Heap Gate,CLB,Commander Legends: Battle for Baldur's Gate,354,normal,common,2,69079,68489d65-1978-48b1-a903-2ef38c583239,0.36,false,false,near_mint,en,USD,2026-04-18T03:20:01.672Z
Bulk,binder,Mirage Mesa,OTJ,Outlaws of Thunder Junction,262,normal,common,3,93337,c3d2e816-c06d-4c5d-98fe-c350d8cfab27,0.15,false,false,near_mint,en,USD,2026-04-18T03:20:01.677Z
Bulk,binder,Wastes,FIN,Final Fantasy,309,normal,common,3,105711,c61feafd-ef09-437c-a12c-fd7d6cb8c15a,1.27,false,false,near_mint,en,USD,2026-04-18T03:20:01.686Z
Bulk,binder,Samurai's Katana,FIN,Final Fantasy,154,normal,uncommon,8,106267,11f1d378-c78c-402a-ac46-2d32598c23e7,0.25,false,false,near_mint,en,USD,2026-04-18T03:20:01.689Z
Bulk,binder,Choco-Comet,FIN,Final Fantasy,132,normal,uncommon,5,106592,8d8d3903-a7f4-4cd8-8d29-b4a173e4fbb2,0.19,false,false,near_mint,en,USD,2026-04-18T03:20:01.690Z
Bulk,binder,Fire Magic,FIN,Final Fantasy,136,normal,uncommon,4,105601,415ff6a5-61ef-4b37-ae08-e44476300d4a,0.77,false,false,near_mint,en,USD,2026-04-18T03:20:01.691Z
Bulk,binder,Random Encounter,FIN,Final Fantasy,150,normal,uncommon,3,106534,3618e283-2df9-4eb9-97b0-96b55ee31cc0,0.11,false,false,near_mint,en,USD,2026-04-18T03:20:01.692Z
Bulk,binder,Coral Sword,FIN,Final Fantasy,134,normal,uncommon,6,106400,13e81e32-7246-46b9-872e-cde77cedd197,0.15,false,false,near_mint,en,USD,2026-04-18T03:20:01.695Z
Bulk,binder,Sorceress's Schemes,FIN,Final Fantasy,159,normal,uncommon,4,106582,7efd7627-0754-4685-9d04-8f5f82f45632,0.19,false,false,near_mint,en,USD,2026-04-18T03:20:01.697Z
Bulk,binder,Into the Core,MBS,Mirrodin Besieged,67,normal,uncommon,4,20074,9cb91ecb-1962-4cd1-80c1-c9e2485822ae,0.13,false,false,near_mint,en,USD,2026-04-18T03:20:01.698Z
Bulk,binder,Rabid Gnaw,BLB,Bloomburrow,147,normal,uncommon,2,96014,2f815bae-820a-49f6-8eed-46f658e7b6ff,0.21,false,false,near_mint,en,USD,2026-04-18T03:20:01.710Z
Bulk,binder,Summon: G.F. Cerberus,FIN,Final Fantasy,162,normal,rare,2,106653,d0e5cbd4-401b-4456-80bf-d90beadfd1f8,0.28,false,false,near_mint,en,USD,2026-04-18T03:20:01.714Z
Bulk,binder,Barret Wallace,FIN,Final Fantasy,129,normal,uncommon,6,105840,1a504dff-5857-4a61-ab99-616d5df7cf5a,0.15,false,false,near_mint,en,USD,2026-04-18T03:20:01.716Z
Bulk,binder,Freya Crescent,FIN,Final Fantasy,138,normal,uncommon,5,106289,9921f646-e893-44db-ac89-0633c1009788,0.27,false,false,near_mint,en,USD,2026-04-18T03:20:01.718Z
Bulk,binder,Unexpected Request,FIN,Final Fantasy,167,normal,uncommon,5,106495,0265fd20-a85d-49ce-b338-4c40843a5b18,0.07,false,false,near_mint,en,USD,2026-04-18T03:20:01.722Z
Bulk,binder,Rockslide Sorcerer,ZNR,Zendikar Rising,154,normal,uncommon,2,54784,e105c546-ce4f-49c7-97ba-ea5fbe70df82,0.11,false,false,near_mint,en,USD,2026-04-18T03:20:01.723Z
Bulk,binder,Goblin Matron,DMR,Dominaria Remastered,123,normal,common,2,78065,a521a254-c484-4d59-bb7e-8745e96d4bbf,0.31,false,false,near_mint,en,USD,2026-04-18T03:20:01.726Z
Bulk,binder,Summon: Esper Ramuh,FIN,Final Fantasy,161,normal,uncommon,5,106286,840659ee-1493-4190-a514-c2c9ae14e331,0.18,false,false,near_mint,en,USD,2026-04-18T03:20:01.739Z
Bulk,binder,Sandworm,FIN,Final Fantasy,155,normal,uncommon,5,106621,a6e021da-2397-4ad3-a07b-65c701df531a,0.08,false,false,near_mint,en,USD,2026-04-18T03:20:01.740Z
Bulk,binder,Brazen Scourge,FDN,Foundations,191,normal,uncommon,2,101616,eb84b86c-3276-4fc1-a09d-47de388cb729,0.08,false,false,near_mint,en,USD,2026-04-18T03:20:01.748Z
Bulk,binder,Iridescent Tiger,TDM,Tarkir: Dragonstorm,109,normal,uncommon,2,105170,e3abbc8b-2bf8-478e-a541-f8019d150054,0.11,false,false,near_mint,en,USD,2026-04-18T03:20:01.780Z
Bulk,binder,Flamecache Gecko,BLB,Bloomburrow,135,normal,uncommon,2,96142,fb8e7c97-8393-41b8-bb0b-3983dcc5e7f4,0.09,false,false,near_mint,en,USD,2026-04-18T03:20:01.782Z
Bulk,binder,Brazen Collector,BLB,Bloomburrow,128,normal,uncommon,2,95873,78b55a58-c669-4dc6-aa63-5d9dff52e613,0.15,false,false,near_mint,en,USD,2026-04-18T03:20:01.783Z
Bulk,binder,Devouring Hellion,WAR,War of the Spark,124,normal,uncommon,2,44280,88205574-bf2b-46e7-aac7-4b8ea217f94c,0.13,false,false,near_mint,en,USD,2026-04-18T03:20:01.811Z
Bulk,binder,Wand of Wonder,CLB,Commander Legends: Battle for Baldur's Gate,935,foil,rare,2,67515,7f79ec90-9fa7-4414-8eba-e2c890a91a70,3.26,false,false,near_mint,en,USD,2026-04-18T03:20:01.817Z
Bulk,binder,Chandra's Triumph,WAR,War of the Spark,121,normal,uncommon,2,44283,70f43c17-7022-4052-86b8-90b74382b7bf,0.15,false,false,near_mint,en,USD,2026-04-18T03:20:01.824Z
Bulk,binder,The Spear of Leonidas,ACR,Assassin's Creed,38,normal,rare,1,95241,160d6ce7-2452-41a2-aa70-41e1b8045c54,0.86,false,false,near_mint,en,USD,2026-04-18T03:28:24.743Z
Bulk,binder,"Joshua, Phoenix's Dominant // Phoenix, Warden of Fire",PFIN,Final Fantasy Promos,229s,foil,rare,1,106879,f8613b13-fedd-45a9-bb47-0440a4a104e7,6.55,false,false,near_mint,en,USD,2026-04-18T03:31:02.505Z
Bulk,binder,The Fire Crystal,FIN,Final Fantasy,337,normal,rare,1,106431,58306c68-5de8-48f4-9ce5-ea69792af58c,11.39,false,false,near_mint,en,USD,2026-04-18T03:31:22.629Z
Bulk,binder,Fight as One,IKO,Ikoria: Lair of Behemoths,12,normal,uncommon,1,50065,5c62ea13-9bd5-46ce-a861-68cf9a2c6f8c,0.19,false,false,near_mint,en,USD,2026-04-18T06:38:00.465Z
Bulk,binder,Voracious Greatshark,FDN,Foundations,600,normal,rare,1,101095,c27b40dd-9b2a-4a99-a984-ee9cfdb091a1,0.14,false,false,near_mint,en,USD,2026-04-18T06:38:00.466Z
Bulk,binder,Footfall Crater,IKO,Ikoria: Lair of Behemoths,118,normal,uncommon,1,49959,f1b75aac-54e3-4181-bac5-5a142757ec05,0.31,false,false,near_mint,en,USD,2026-04-18T06:38:00.467Z
Bulk,binder,Boon of the Wish-Giver,IKO,Ikoria: Lair of Behemoths,43,normal,uncommon,1,50034,0e790851-f0f7-4f1a-80e6-94be649499b6,0.16,false,false,near_mint,en,USD,2026-04-18T06:38:00.468Z
Bulk,binder,Forbidden Friendship,IKO,Ikoria: Lair of Behemoths,119,normal,common,1,49958,e634baa3-2cdd-412a-9407-c347fe46f9b8,0.26,false,false,near_mint,en,USD,2026-04-18T06:38:00.469Z
Bulk,binder,Migratory Greathorn,IKO,Ikoria: Lair of Behemoths,297,normal,common,1,49780,1e31f56d-bf75-4e14-94de-5c77193abf3a,0.35,false,false,near_mint,en,USD,2026-04-18T06:38:00.470Z
Bulk,binder,Mutual Destruction,IKO,Ikoria: Lair of Behemoths,96,normal,common,1,49981,85ac0b25-80bf-4871-a6f6-5cf4d5b9496e,0.11,false,false,near_mint,en,USD,2026-04-18T06:38:00.471Z
Bulk,binder,Drannith Stinger,IKO,Ikoria: Lair of Behemoths,113,normal,common,1,49964,612ee4be-e7a2-423c-a37c-7c6ca97f630e,0.22,false,false,near_mint,en,USD,2026-04-18T06:38:00.472Z
Bulk,binder,Maned Serval,IKO,Ikoria: Lair of Behemoths,23,normal,common,1,50054,5ac51e35-e2c5-4457-981c-e59894584288,0.09,false,false,near_mint,en,USD,2026-04-18T06:38:00.473Z
Bulk,binder,Hampering Snare,IKO,Ikoria: Lair of Behemoths,55,normal,common,1,50022,5f7b331a-bd21-429b-a49f-88da9a31c98e,0.06,false,false,near_mint,en,USD,2026-04-18T06:38:00.474Z
Bulk,binder,Raking Claws,IKO,Ikoria: Lair of Behemoths,131,normal,common,1,49946,6eb0d9a2-f9bb-4d8e-a1ca-896c42f8ad56,0.13,false,false,near_mint,en,USD,2026-04-18T06:38:00.476Z
Bulk,binder,Humble Naturalist,IKO,Ikoria: Lair of Behemoths,160,normal,common,1,49917,8f56705d-eb64-4cef-b716-edbeac60bf79,0.2,false,false,near_mint,en,USD,2026-04-18T06:38:00.477Z
Bulk,binder,Whisper Squad,IKO,Ikoria: Lair of Behemoths,105,normal,common,1,49972,097eeb32-cfd5-4adb-ac30-d7762e6ea48f,0.08,false,false,near_mint,en,USD,2026-04-18T06:38:00.478Z
Bulk,binder,Paranoid Parish-Blade,SOI,Shadows over Innistrad,33,normal,uncommon,1,8963,16bb6c60-1889-49ed-8767-8144cc5a9571,0.02,false,false,near_mint,en,USD,2026-04-18T06:38:00.480Z
Bulk,binder,Pore Over the Pages,SOI,Shadows over Innistrad,79,normal,uncommon,1,8917,b2288f7b-05b1-4a6c-8d02-42ffcadc6f0b,0.16,false,false,near_mint,en,USD,2026-04-18T06:38:00.481Z
Bulk,binder,Pick the Brain,SOI,Shadows over Innistrad,129,normal,uncommon,1,8867,53503e59-6b6c-4de1-8528-458ab94f4e9a,0.05,false,false,near_mint,en,USD,2026-04-18T06:38:00.482Z
Bulk,binder,Dead Weight,SOI,Shadows over Innistrad,106,normal,common,1,8890,f09a09de-35c9-4a4e-a4ac-1ce24e166ad9,0.03,false,false,near_mint,en,USD,2026-04-18T06:38:00.483Z
Bulk,binder,Confront the Unknown,SOI,Shadows over Innistrad,198,normal,common,1,8798,c59557c3-aba2-4f80-8f37-accb7b991cb9,0.1,false,false,near_mint,en,USD,2026-04-18T06:38:00.484Z
Bulk,binder,Just the Wind,UMA,Ultimate Masters,60,normal,common,1,43439,59e40878-358d-48ec-a35f-3d9867728143,0.04,false,false,near_mint,en,USD,2026-04-18T06:38:00.489Z
Bulk,binder,Sleep Paralysis,M20,Core Set 2020,75,normal,common,1,45386,2babef35-27ab-45aa-88cd-f21dccae5125,0.04,false,false,near_mint,en,USD,2026-04-18T06:38:00.492Z
Bulk,binder,Hinterland Logger // Timber Shredder,INR,Innistrad Remastered,203,normal,common,1,102483,34898af1-ebe6-4ede-81be-23fd62844480,0.07,false,false,near_mint,en,USD,2026-04-18T06:38:00.493Z
Bulk,binder,Soul Swallower,SOI,Shadows over Innistrad,230,normal,rare,1,8766,22fbc045-2c86-4816-8622-db56929ae94d,0.2,false,false,near_mint,en,USD,2026-04-18T06:38:00.494Z
Bulk,binder,Pack Guardian,INR,Innistrad Remastered,211,normal,uncommon,1,102569,6265e9fa-3fc3-41c5-9950-cbeaae2e6187,0.07,false,false,near_mint,en,USD,2026-04-18T06:38:00.495Z
Bulk,binder,Gryff's Boon,INR,Innistrad Remastered,25,normal,uncommon,1,102697,a01e7a3f-9654-4f72-8adc-20dad0b5d14e,0.22,false,false,near_mint,en,USD,2026-04-18T06:38:00.496Z
Bulk,binder,Creeping Dread,SOI,Shadows over Innistrad,104,normal,uncommon,1,8892,8b3376c4-369a-4d63-bd48-966bcfb0c9b9,0.23,false,false,near_mint,en,USD,2026-04-18T06:38:00.497Z
Bulk,binder,Crow of Dark Tidings,CMR,Commander Legends,115,normal,common,1,55917,d8e0654c-8c84-47a7-ba0b-de5b1268c27b,0.23,false,false,near_mint,en,USD,2026-04-18T06:38:00.498Z
Bulk,binder,Aim High,INR,Innistrad Remastered,185,normal,common,1,102732,b28dbf2c-9bfe-42be-be55-1e7fb523df36,0.07,false,false,near_mint,en,USD,2026-04-18T06:38:00.499Z
Bulk,binder,Structural Distortion,SOI,Shadows over Innistrad,185,normal,common,1,8811,a7895890-a774-4c7c-9f15-78b8aadfd9ef,0.05,false,false,near_mint,en,USD,2026-04-18T06:38:00.500Z
Bulk,binder,Hound of the Farbogs,SOI,Shadows over Innistrad,117,normal,common,1,8879,0fc37615-ef72-4176-9e94-080e56af1d8a,0.06,false,false,near_mint,en,USD,2026-04-18T06:38:00.501Z
Bulk,binder,Intrepid Provisioner,INR,Innistrad Remastered,205,normal,common,1,102854,fb0b9da3-bce8-463c-ab5e-2a2e9030df97,0.03,false,false,near_mint,en,USD,2026-04-18T06:38:00.502Z
Bulk,binder,Zenith Flare,IKO,Ikoria: Lair of Behemoths,217,normal,uncommon,1,49860,0efac1ed-3f01-487c-86be-8239568b4425,0.21,false,false,near_mint,en,USD,2026-04-18T06:38:00.506Z
Bulk,binder,Hornbash Mentor,IKO,Ikoria: Lair of Behemoths,159,normal,uncommon,1,49918,d47d2596-a321-44c0-a9f6-87bf80abc1c4,0.11,false,false,near_mint,en,USD,2026-04-18T06:38:00.507Z
Bulk,binder,Keensight Mentor,IKO,Ikoria: Lair of Behemoths,18,normal,uncommon,1,50059,a0583065-9a6c-4ea4-b6dd-2edfbaed1181,0.1,false,false,near_mint,en,USD,2026-04-18T06:38:00.508Z
Bulk,binder,Durable Coilbug,IKO,Ikoria: Lair of Behemoths,85,normal,common,1,49992,a0cbdfb6-c029-440f-bc07-c95e03c20110,0.12,false,false,near_mint,en,USD,2026-04-18T06:38:00.509Z
Bulk,binder,Facet Reader,IKO,Ikoria: Lair of Behemoths,50,normal,common,1,50027,b1199596-ae77-4192-ae70-3e2ebd009b64,0.08,false,false,near_mint,en,USD,2026-04-18T06:38:00.513Z
Bulk,binder,Honey Mammoth,IKO,Ikoria: Lair of Behemoths,158,normal,common,1,49919,84b9bee2-b973-4de7-b72d-7f36f8e8153c,0.08,false,false,near_mint,en,USD,2026-04-18T06:38:00.515Z
Bulk,binder,Mysterious Egg,IKO,Ikoria: Lair of Behemoths,3,normal,common,1,50074,cdfac3c3-7f38-49d6-bd88-dc0f5001116f,0.26,false,false,near_mint,en,USD,2026-04-18T06:38:00.516Z
Bulk,binder,Duskwatch Recruiter // Krallenhorde Howler,INR,Innistrad Remastered,193,normal,uncommon,1,102536,4ef68479-ab2e-4a60-886c-ad007b64f185,0.14,false,false,near_mint,en,USD,2026-04-18T06:38:00.518Z
Bulk,binder,Call the Bloodline,SOI,Shadows over Innistrad,103,normal,uncommon,1,8893,3ec85cca-ac2c-4b1b-850b-6a762df72bd0,0.25,false,false,near_mint,en,USD,2026-04-18T06:38:00.519Z
Bulk,binder,Not Forgotten,SOI,Shadows over Innistrad,30,normal,uncommon,1,8966,66ecdadf-56f7-4dfb-9c3c-7d240ba19b00,0.16,false,false,near_mint,en,USD,2026-04-18T06:38:00.520Z
Bulk,binder,Broken Concentration,SOI,Shadows over Innistrad,50,normal,uncommon,1,8946,252eef1f-0a62-420d-aad8-e3d7f1e07c1b,0.07,false,false,near_mint,en,USD,2026-04-18T06:38:00.521Z
Bulk,binder,Stoic Builder,SOI,Shadows over Innistrad,231,normal,common,1,8765,0820f17c-ab4a-4a14-84ff-4ea200bef112,0.05,false,false,near_mint,en,USD,2026-04-18T06:38:00.522Z
Bulk,binder,Howlpack Wolf,SOI,Shadows over Innistrad,164,normal,common,1,8832,e7379689-8e4f-4c23-9276-3510f70ba7ff,0.06,false,false,near_mint,en,USD,2026-04-18T06:38:00.523Z
Bulk,binder,Vampire Noble,E02,Explorers of Ixalan,24,normal,common,1,3351,19068744-60df-4099-8b1c-9784ba331362,0.23,false,false,near_mint,en,USD,2026-04-18T06:38:00.524Z
Bulk,binder,Grotesque Mutation,BBD,Battlebond,145,normal,common,1,1848,83684009-f91d-4503-bdbb-181c53f394de,0.11,false,false,near_mint,en,USD,2026-04-18T06:38:00.525Z
Bulk,binder,Sanitarium Skeleton,INR,Innistrad Remastered,129,normal,common,1,102424,119020b3-9d26-4153-b7b9-28375f7fa915,0.07,false,false,near_mint,en,USD,2026-04-18T06:38:00.526Z
Bulk,binder,Senseless Rage,SOI,Shadows over Innistrad,180,normal,common,1,8816,9c779cb6-3454-4d5a-85a1-bea5cf8005b1,0.06,false,false,near_mint,en,USD,2026-04-18T06:38:00.527Z
Bulk,binder,Dauntless Cathar,INR,Innistrad Remastered,19,normal,common,1,102745,b680d42c-8198-43b0-b934-2add08a02bbc,0.04,false,false,near_mint,en,USD,2026-04-18T06:38:00.528Z
Bulk,binder,Press for Answers,SOI,Shadows over Innistrad,80,normal,common,1,8916,5ec8b8bf-7b02-4f5e-bbd3-9560f9888192,0.05,false,false,near_mint,en,USD,2026-04-18T06:38:00.529Z
Bulk,binder,Stern Constable,SOI,Shadows over Innistrad,39,normal,common,1,8957,4f0f87d4-5fed-415c-918a-c3546697a3da,0.06,false,false,near_mint,en,USD,2026-04-18T06:38:00.530Z
Bulk,binder,Clash of Titans,IKO,Ikoria: Lair of Behemoths,111,normal,uncommon,1,49966,ca10e2b8-a317-4c98-a866-43bf274e82cb,0.14,false,false,near_mint,en,USD,2026-04-18T06:38:00.531Z
Bulk,binder,Rooting Moloch,IKO,Ikoria: Lair of Behemoths,133,normal,uncommon,1,49944,cc2fd581-5cf8-4154-90dd-922afddcd556,0.15,false,false,near_mint,en,USD,2026-04-18T06:38:00.532Z
Bulk,binder,Bushmeat Poacher,IKO,Ikoria: Lair of Behemoths,77,normal,common,1,50000,cc01faf4-fabb-40c9-a1d6-359280535f91,0.27,false,false,near_mint,en,USD,2026-04-18T06:38:00.535Z
Bulk,binder,Rumbling Rockslide,IKO,Ikoria: Lair of Behemoths,134,normal,common,1,49943,96f9aaa7-11c7-4cd0-9803-9471c14ab846,0.06,false,false,near_mint,en,USD,2026-04-18T06:38:00.536Z
Bulk,binder,Greater Sandwurm,IKO,Ikoria: Lair of Behemoths,157,normal,common,1,49920,d90c5650-7eb2-480a-856e-a04406096830,0.24,false,false,near_mint,en,USD,2026-04-18T06:38:00.540Z
Bulk,binder,Springjaw Trap,IKO,Ikoria: Lair of Behemoths,241,normal,common,1,49836,3741de51-ea92-493a-8058-e0f2000e7701,0.1,false,false,near_mint,en,USD,2026-04-18T06:38:00.541Z
Bulk,binder,Adventurous Impulse,IKO,Ikoria: Lair of Behemoths,142,normal,common,1,49935,30811fb2-5767-4106-9a8d-6091f61969c6,0.23,false,false,near_mint,en,USD,2026-04-18T06:38:00.542Z
Bulk,binder,Swamp,SOI,Shadows over Innistrad,290,normal,common,1,8706,6fae7689-a9df-4f69-8040-9fbe24f64838,0.13,false,false,near_mint,en,USD,2026-04-18T06:38:00.543Z
Bulk,binder,Convicted Killer // Branded Howler,SOI,Shadows over Innistrad,149,normal,common,1,8847,f43f5f02-1b29-4e75-a6af-378dcc88c3df,0.05,false,false,near_mint,en,USD,2026-04-18T06:38:00.544Z
Bulk,binder,Crawling Sensation,TDC,Tarkir: Dragonstorm Commander,252,normal,uncommon,1,104718,6d60bde4-5418-483f-9a75-17cf61927749,0.3,false,false,near_mint,en,USD,2026-04-18T06:38:00.545Z
Bulk,binder,Invasive Surgery,SOI,Shadows over Innistrad,68,normal,uncommon,1,8928,6e644e38-39bf-40bd-9be1-5eb80f472e81,0.13,false,false,near_mint,en,USD,2026-04-18T06:38:00.546Z
Bulk,binder,Dual Shot,SOI,Shadows over Innistrad,153,normal,common,1,8843,b7ac4fa4-4a03-41a9-b7e4-c3a6da89472f,0.05,false,false,near_mint,en,USD,2026-04-18T06:38:00.547Z
Bulk,binder,Rottenheart Ghoul,SOI,Shadows over Innistrad,132,normal,common,1,8864,933f0504-c611-4557-b1e6-f5be72154805,0.06,false,false,near_mint,en,USD,2026-04-18T06:38:00.551Z
Bulk,binder,Ethereal Guidance,SOI,Shadows over Innistrad,18,normal,common,1,8978,f47dd220-6193-4e31-a1df-591b6424ad27,0.04,false,false,near_mint,en,USD,2026-04-18T06:38:00.552Z
Bulk,binder,Memory Leak,IKO,Ikoria: Lair of Behemoths,95,normal,common,1,49982,3b45a493-a1c2-430e-a45c-abc1ba554877,0.07,false,false,near_mint,en,USD,2026-04-18T06:38:00.557Z
Bulk,binder,Fire Prophecy,IKO,Ikoria: Lair of Behemoths,116,normal,common,1,49961,4c2029e5-cf7d-461f-b7b9-bf96399d8f49,0.19,false,false,near_mint,en,USD,2026-04-18T06:38:00.558Z
Bulk,binder,Blitz Leech,IKO,Ikoria: Lair of Behemoths,74,normal,common,1,50003,7d9b5bde-a851-480b-b45e-d384fd1c11bb,0.08,false,false,near_mint,en,USD,2026-04-18T06:38:00.559Z
Bulk,binder,Drannith Healer,IKO,Ikoria: Lair of Behemoths,10,normal,common,1,50067,ff5a821c-eaec-4f69-97c7-8299cdebc2f4,0.26,false,false,near_mint,en,USD,2026-04-18T06:38:00.560Z
Bulk,binder,Crystacean,IKO,Ikoria: Lair of Behemoths,46,normal,common,1,50031,32afec8a-dbae-446e-919a-3efb556f5cb1,0.18,false,false,near_mint,en,USD,2026-04-18T06:38:00.561Z
Bulk,binder,Solid Footing,IKO,Ikoria: Lair of Behemoths,31,normal,common,1,50046,0900a8d1-a1b1-48c9-8af1-726a623c7d74,0.08,false,false,near_mint,en,USD,2026-04-18T06:38:00.562Z
Bulk,binder,Aegis Turtle,FDN,Foundations,150,normal,common,1,101590,c7f2014a-fbc9-447c-a440-e06d01066bb9,0.12,false,false,near_mint,en,USD,2026-04-18T06:38:00.563Z
Bulk,binder,Unexpected Fangs,IKO,Ikoria: Lair of Behemoths,102,normal,common,1,49975,aa6494ad-a35e-4b09-8623-7740f3c20b0b,0.32,false,false,near_mint,en,USD,2026-04-18T06:38:00.564Z
Bulk,binder,Thwart the Enemy,IKO,Ikoria: Lair of Behemoths,173,normal,common,1,49904,a7101f35-d8c9-4320-bffc-8bb25000d103,0.14,false,false,near_mint,en,USD,2026-04-18T06:38:00.565Z
Bulk,binder,Evolving Wilds,IKO,Ikoria: Lair of Behemoths,247,normal,common,1,49830,8e3d6745-8904-4905-a98f-d43f18b51d6d,0.22,false,false,near_mint,en,USD,2026-04-18T06:38:00.566Z
Bulk,binder,General's Enforcer,IKO,Ikoria: Lair of Behemoths,188,normal,uncommon,1,49889,f6a45d0e-582a-4ec1-b83b-71b6a0ff6249,0.33,false,false,near_mint,en,USD,2026-04-18T06:38:00.567Z
Bulk,binder,Howlpack Resurgence,INR,Innistrad Remastered,204,normal,uncommon,1,102758,c0dc4c08-ed18-454b-b061-8901c253005c,0.19,false,false,near_mint,en,USD,2026-04-18T06:38:00.569Z
Bulk,binder,Topplegeist,SOI,Shadows over Innistrad,45,normal,uncommon,1,8951,ec9e8653-13ae-446c-b341-85c9b3fa6ca8,0.19,false,false,near_mint,en,USD,2026-04-18T06:38:00.570Z
Bulk,binder,Manic Scribe,SOI,Shadows over Innistrad,73,normal,uncommon,1,8923,eb0fadba-4205-47ce-b4cf-e0ff7308749b,0.3,false,false,near_mint,en,USD,2026-04-18T06:38:00.571Z
Bulk,binder,Might Beyond Reason,SOI,Shadows over Innistrad,217,normal,common,1,8779,5a274689-82f1-488a-baf8-cd8ef3477b72,0.03,false,false,near_mint,en,USD,2026-04-18T06:38:00.572Z
Bulk,binder,Pyre Hound,A25,Masters 25,145,normal,common,1,2571,cd970484-49b3-442a-806a-cabc56526ee1,0.1,false,false,near_mint,en,USD,2026-04-18T06:38:00.573Z
Bulk,binder,Macabre Waltz,FDN,Foundations,177,normal,common,1,101509,4d1f3c84-89ba-4426-a80b-d524f172c912,0.11,false,false,near_mint,en,USD,2026-04-18T06:38:00.574Z
Bulk,binder,Ember-Eye Wolf,SOI,Shadows over Innistrad,154,normal,common,1,8842,98fe1e1e-b14a-4efe-894b-b9da635f007f,0.05,false,false,near_mint,en,USD,2026-04-18T06:38:00.575Z
Bulk,binder,Loam Dryad,SOI,Shadows over Innistrad,216,normal,common,1,8780,61c9441d-18d9-4ec6-859e-e9a7893b54e3,0.11,false,false,near_mint,en,USD,2026-04-18T06:38:00.576Z
Bulk,binder,Stitched Mangler,INR,Innistrad Remastered,87,normal,common,1,102825,e90cb0f1-d6fa-4a73-83bb-8870e59b1d7d,0.04,false,false,near_mint,en,USD,2026-04-18T06:38:00.577Z
Bulk,binder,Daysquad Marshal,IKO,Ikoria: Lair of Behemoths,8,normal,common,1,50069,17d566bd-f272-49d1-bffb-588f2a42046a,0.06,false,false,near_mint,en,USD,2026-04-18T06:38:00.579Z
Bulk,binder,Dead Weight,IKO,Ikoria: Lair of Behemoths,83,normal,common,1,49994,ecf18476-f67b-46e6-905c-e6808981c58a,0.08,false,false,near_mint,en,USD,2026-04-18T06:38:00.580Z
Bulk,binder,Light of Hope,IKO,Ikoria: Lair of Behemoths,20,normal,common,1,50057,bcb00599-e082-49b0-88f3-ef91b75595e4,0.18,false,false,near_mint,en,USD,2026-04-18T06:38:00.581Z
Bulk,binder,Frost Lynx,IKO,Ikoria: Lair of Behemoths,51,normal,common,1,50026,dfcaeccc-fc8c-4a9e-80d5-b48da71d7ff1,0.17,false,false,near_mint,en,USD,2026-04-18T06:38:00.582Z
Bulk,binder,Shredded Sails,IKO,Ikoria: Lair of Behemoths,136,normal,common,1,49941,8b10219a-aa72-4431-9a6a-984109a605c8,0.13,false,false,near_mint,en,USD,2026-04-18T06:38:00.585Z
Bulk,binder,Frillscare Mentor,IKO,Ikoria: Lair of Behemoths,121,normal,uncommon,1,49956,24c7d034-6403-41e2-9e44-4d58ef54cf10,0.09,false,false,near_mint,en,USD,2026-04-18T06:38:00.586Z
Bulk,binder,Valiant Rescuer,IKO,Ikoria: Lair of Behemoths,36,normal,uncommon,1,50041,a2b13ff6-67e9-4760-aef4-a8548ea44344,0.18,false,false,near_mint,en,USD,2026-04-18T06:38:00.587Z
Bulk,binder,Hunt for Specimens,STX,Strixhaven: School of Mages,73,normal,common,1,58215,8ff0f47f-75cb-42b0-ba4d-78522cad9861,0.1,false,false,near_mint,en,USD,2026-04-18T06:38:00.589Z
Bulk,binder,Unwilling Ingredient,STX,Strixhaven: School of Mages,90,normal,common,1,58048,30448144-639a-43c7-a408-bd6ed543c231,0.06,false,false,near_mint,en,USD,2026-04-18T06:38:00.590Z
Bulk,binder,Novice Dissector,STX,Strixhaven: School of Mages,79,normal,common,1,58087,4c4677bc-736b-4bf2-851e-b158718a4224,0.05,false,false,near_mint,en,USD,2026-04-18T06:38:00.591Z
Bulk,binder,Bayou Groff,STX,Strixhaven: School of Mages,121,normal,common,1,58085,4a82b032-b1ba-456c-abab-c0f7430b0587,0.09,false,false,near_mint,en,USD,2026-04-18T06:38:00.592Z
Bulk,binder,Fuming Effigy,STX,Strixhaven: School of Mages,103,normal,common,1,58170,7ce76a38-fc5f-4e29-ba24-4a877179a62c,0.07,false,false,near_mint,en,USD,2026-04-18T06:38:00.593Z
Bulk,binder,Pillardrop Rescuer,STX,Strixhaven: School of Mages,23,normal,common,1,57986,0884666e-8f9b-44b1-a1e3-c1c8941e2152,0.08,false,false,near_mint,en,USD,2026-04-18T06:38:00.594Z
Bulk,binder,Blood Age General,STX,Strixhaven: School of Mages,93,normal,common,1,58386,f30237cc-27c8-4075-acbd-d75a16588a68,0.02,false,false,near_mint,en,USD,2026-04-18T06:38:00.595Z
Bulk,binder,Introduction to Annihilation,STX,Strixhaven: School of Mages,3,normal,common,1,58277,b0bc4682-bcaf-4f51-be0b-9f2851a16e3b,0.3,false,false,near_mint,en,USD,2026-04-18T06:38:00.596Z
Bulk,binder,Thrilling Discovery,OTC,Outlaws of Thunder Junction Commander,245,normal,common,1,93491,1278b2ef-6c11-4892-9388-833f67bcc858,0.36,false,false,near_mint,en,USD,2026-04-18T06:38:00.597Z
Bulk,binder,Specter of the Fens,STX,Strixhaven: School of Mages,87,normal,common,1,58145,73e3cfbc-7177-4bbc-89c4-560c9c2f97db,0.05,false,false,near_mint,en,USD,2026-04-18T06:38:00.598Z
Bulk,binder,Moldering Karok,STX,Strixhaven: School of Mages,206,normal,common,1,58141,70c2ef30-0db5-4ef5-999c-7ffa48769421,0.17,false,false,near_mint,en,USD,2026-04-18T06:38:00.599Z
Bulk,binder,Professor of Zoomancy,STX,Strixhaven: School of Mages,140,normal,common,1,58185,8347f2e8-ef70-4879-860a-12f7cab25902,0.1,false,false,near_mint,en,USD,2026-04-18T06:38:00.600Z
Bulk,binder,Spined Karok,STX,Strixhaven: School of Mages,143,normal,common,1,58309,c37ae6b5-225a-410e-ab22-13e923bdfb65,0.05,false,false,near_mint,en,USD,2026-04-18T06:38:00.601Z
Bulk,binder,Cram Session,STX,Strixhaven: School of Mages,170,normal,common,1,58313,c59a249f-35ed-447a-845b-32ba5a53124e,0.12,false,false,near_mint,en,USD,2026-04-18T06:38:00.602Z
Bulk,binder,Elemental Summoning,STX,Strixhaven: School of Mages,183,normal,common,1,58369,ea51991c-1589-4c62-965b-5ae8d233520b,0.13,false,false,near_mint,en,USD,2026-04-18T06:38:00.603Z
Bulk,binder,Field Trip,STX,Strixhaven: School of Mages,131,normal,common,1,58383,f235060a-eb49-4a73-bb5f-01228c3c4070,0.12,false,false,near_mint,en,USD,2026-04-18T06:38:00.604Z
Bulk,binder,Soothsayer Adept,STX,Strixhaven: School of Mages,55,normal,common,1,58371,eb93c9d2-88eb-403d-bb67-8e8b0462ac27,0.05,false,false,near_mint,en,USD,2026-04-18T06:38:00.605Z
Bulk,binder,Spirit Summoning,STX,Strixhaven: School of Mages,236,normal,common,1,58149,74be6236-4095-419c-9927-fbd874df21f8,0.05,false,false,near_mint,en,USD,2026-04-18T06:38:00.606Z
Bulk,binder,Witherbloom Pledgemage,STX,Strixhaven: School of Mages,249,normal,common,1,58252,a6cc6914-2dcb-411d-90a5-01853ff2d5b8,0.08,false,false,near_mint,en,USD,2026-04-18T06:38:00.607Z
Bulk,binder,Pest Summoning,STX,Strixhaven: School of Mages,211,normal,common,1,58121,6267e19a-a777-4767-8433-86b6624362b6,0.15,false,false,near_mint,en,USD,2026-04-18T06:38:00.608Z
Bulk,binder,Adventurous Impulse,STA,Strixhaven Mystical Archive,112,normal,uncommon,1,58455,b0c56784-e106-4f17-a1a3-2c0bbb41d316,0.41,false,false,near_mint,en,USD,2026-04-18T06:38:00.609Z
Bulk,binder,Pestilent Cauldron // Restorative Burst,STX,Strixhaven: School of Mages,154,normal,rare,1,58261,aaa1e6be-08cc-4ccc-b2de-3511613e4fd0,0.22,false,false,near_mint,en,USD,2026-04-18T06:38:00.610Z
Bulk,binder,Sedgemoor Witch,STX,Strixhaven: School of Mages,86,normal,rare,1,58365,e900c1eb-968b-4046-b824-c167a7a5b682,6.94,false,false,near_mint,en,USD,2026-04-18T06:38:00.611Z
Bulk,binder,Belfry Spirit,GK2,RNA Guild Kit,29,normal,uncommon,1,43995,f2d2a19b-169a-456f-9fbc-7820aa2ada20,0.12,false,false,near_mint,en,USD,2026-04-18T06:38:00.612Z
Bulk,binder,Strategic Planning,STA,Strixhaven Mystical Archive,20,normal,uncommon,1,58410,fd7b2ee8-9f2f-4624-a788-15b88e6a2d50,0.2,false,false,near_mint,en,USD,2026-04-18T06:38:00.613Z
Bulk,binder,Karok Wrangler,STX,Strixhaven: School of Mages,135,normal,uncommon,1,58147,74729320-f6ee-4176-9463-397d6e477d7a,0.17,false,false,near_mint,en,USD,2026-04-18T06:38:00.614Z
Bulk,binder,Dueling Coach,STX,Strixhaven: School of Mages,15,normal,uncommon,1,58079,45b3dbb0-0d68-4351-bfc9-a09c50454bf7,0.06,false,false,near_mint,en,USD,2026-04-18T06:38:00.615Z
Bulk,binder,Show of Confidence,STX,Strixhaven: School of Mages,28,normal,uncommon,1,58127,65837f39-deb7-4a4b-8b67-125a71cd0d45,0.12,false,false,near_mint,en,USD,2026-04-18T06:38:00.616Z
Bulk,binder,Silverquill Apprentice,STX,Strixhaven: School of Mages,231,normal,uncommon,1,58076,42d0770e-9084-4aa7-b543-2b6ba18378dc,0.08,false,false,near_mint,en,USD,2026-04-18T06:38:00.617Z
Bulk,binder,Manifestation Sage,STX,Strixhaven: School of Mages,205,normal,rare,1,58155,76fc5cd2-fbb0-4d13-9089-0292b356de48,0.25,false,false,near_mint,en,USD,2026-04-18T06:38:00.618Z
Bulk,binder,Tenured Inkcaster,OTC,Outlaws of Thunder Junction Commander,149,normal,uncommon,1,93905,e315f7ab-14c3-4ad6-8d8d-ac83cee39272,0.2,false,false,near_mint,en,USD,2026-04-18T06:38:00.619Z
Bulk,binder,Tend the Pests,STX,Strixhaven: School of Mages,242,normal,uncommon,1,58213,8f43ed93-008d-44db-8204-ef2cc3b7cf8a,0.24,false,false,near_mint,en,USD,2026-04-18T06:38:00.620Z
Bulk,binder,Prismari Command,TDC,Tarkir: Dragonstorm Commander,299,normal,rare,1,104464,15e291f4-068a-441c-8b43-05055199aca4,0.3,false,false,near_mint,en,USD,2026-04-18T06:38:00.621Z
Bulk,binder,Plumb the Forbidden,BLC,Bloomburrow Commander,188,normal,uncommon,1,96513,eaea189c-9973-435e-975d-dc47a331b28a,0.61,false,false,near_mint,en,USD,2026-04-18T06:38:00.622Z
Bulk,binder,Mage Hunter,STX,Strixhaven: School of Mages,76,normal,uncommon,1,58103,56fcbe4a-2d98-4fa9-a6c3-e28255171a4d,0.13,false,false,near_mint,en,USD,2026-04-18T06:38:00.623Z
Bulk,binder,Access Tunnel,TDC,Tarkir: Dragonstorm Commander,337,normal,uncommon,1,104625,4bef5957-71a4-4fe0-b2ce-dff8e8690bd9,0.37,false,false,near_mint,en,USD,2026-04-18T06:38:00.624Z
Bulk,binder,Hall Monitor,STX,Strixhaven: School of Mages,105,normal,uncommon,1,57972,02fdc551-0b22-49f4-8765-143ad82f16a3,0.12,false,false,near_mint,en,USD,2026-04-18T06:38:00.625Z
Bulk,binder,Brackish Trudge,STX,Strixhaven: School of Mages,65,normal,uncommon,1,58219,90ba37ee-159f-421f-8d37-a7b5f1b562f0,0.07,false,false,near_mint,en,USD,2026-04-18T06:38:00.627Z
Bulk,binder,Exponential Growth,STX,Strixhaven: School of Mages,130,normal,rare,1,58169,7c129bb7-9489-44bd-a46d-c5f738bf9d25,0.47,false,false,near_mint,en,USD,2026-04-18T06:38:00.628Z
Bulk,binder,Teachings of the Archaics,STX,Strixhaven: School of Mages,57,normal,rare,1,58231,967148b1-2bb6-4bc0-95e6-c45fcf99afd2,0.35,false,false,near_mint,en,USD,2026-04-18T06:38:00.629Z
Bulk,binder,"Shaile, Dean of Radiance // Embrose, Dean of Shadow",STX,Strixhaven: School of Mages,158,normal,rare,1,58225,938cee8f-ac2c-49a5-9ff7-1367d0edfabe,0.33,false,false,near_mint,en,USD,2026-04-18T06:38:00.630Z
Bulk,binder,Harmonize,STA,Strixhaven Mystical Archive,115,normal,rare,1,58463,cb853d72-9b29-4ea1-80db-da9e0b547ad5,2.24,false,false,near_mint,en,USD,2026-04-18T06:38:00.631Z
Bulk,binder,Mutiny,RIX,Rivals of Ixalan,106,normal,common,1,2912,010711a0-5e95-4a8c-816f-e314f2a909ef,0.06,false,false,near_mint,en,USD,2026-04-18T06:38:00.632Z
Bulk,binder,Mulch,CMA,Commander Anthology,128,normal,common,1,5158,31782426-4128-47af-8922-0207a3233885,0.19,false,false,near_mint,en,USD,2026-04-18T06:38:00.633Z
Bulk,binder,Invigorate,2XM,Double Masters,172,normal,uncommon,1,52198,e0899da3-7beb-4161-81a3-e2d694e5b8a5,0.33,false,false,near_mint,en,USD,2026-04-18T06:38:00.634Z
Bulk,binder,Akoum Refuge,C19,Commander 2019,226,normal,uncommon,1,45708,51aecc57-f0cc-4e35-af38-ead25cf8a1b8,0.25,false,false,near_mint,en,USD,2026-04-18T06:38:00.635Z
Bulk,binder,Jushi Apprentice // Tomoya the Revealer,CHK,Champions of Kamigawa,70,normal,rare,1,29156,33a8e5b9-6bfb-4ff2-a16d-3168a5412807,0.57,false,false,near_mint,en,USD,2026-04-18T06:38:00.636Z
Bulk,binder,Desolation Twin,C21,Commander 2021,82,normal,rare,1,58630,935ad5f7-f86c-4fea-94fe-d111d4435ac4,1.05,false,false,near_mint,en,USD,2026-04-18T06:38:00.637Z
Bulk,binder,"Tatyova, Benthic Druid",FDN,Foundations,247,normal,uncommon,1,101301,eabc978a-0666-472d-bdc6-d4b29d29eca4,0.28,false,false,near_mint,en,USD,2026-04-18T06:38:00.638Z
Bulk,binder,Mizzix's Mastery,OTC,Outlaws of Thunder Junction Commander,175,normal,rare,1,93623,4fa2d7f2-05b3-468f-9f2c-a61b46bad88e,5.49,false,false,near_mint,en,USD,2026-04-18T06:38:00.639Z
Bulk,binder,Thoughtcast,MOC,March of the Machine Commander,242,normal,common,1,81643,466a0be8-31b9-4ea0-9a96-b09a76f4ec69,4.3,false,false,near_mint,en,USD,2026-04-18T06:38:00.640Z
Bulk,binder,A Good Thing,CMB2,Mystery Booster Playtest Cards 2021,86,normal,rare,1,61150,1ad27492-be40-4417-a275-a76fe974d350,0.33,false,false,near_mint,en,USD,2026-04-18T06:38:00.641Z
Bulk,binder,Noxious Bayou,CMB2,Mystery Booster Playtest Cards 2021,118,normal,rare,1,61261,df362eee-2ead-4a47-8b23-66dd4113d9f9,0.51,false,false,near_mint,en,USD,2026-04-18T06:38:00.642Z
Bulk,binder,Countless Gears Renegade,AER,Aether Revolt,13,normal,common,1,6401,c2d6f334-0040-42b1-9c72-362e4dcaa65e,0.05,false,false,near_mint,en,USD,2026-04-18T06:38:00.643Z
Bulk,binder,Disenchant,CMR,Commander Legends,372,normal,common,1,56028,2ba38105-bada-449a-ab2f-3d6db2764a06,0.2,false,false,near_mint,en,USD,2026-04-18T06:38:00.644Z
Bulk,binder,Deep Freeze,DOM,Dominaria,50,normal,common,1,2226,51765d87-e842-4d84-aaf0-998737fe754c,0.21,false,false,near_mint,en,USD,2026-04-18T06:38:00.645Z
Bulk,binder,Vampire Champion,RIX,Rivals of Ixalan,198,normal,common,1,2820,d47f91ff-c916-4938-8e01-2c684004dd9a,0.2,false,false,near_mint,en,USD,2026-04-18T06:38:00.646Z
Bulk,binder,Ravenous Chupacabra,MKC,Murders at Karlov Manor Commander,136,normal,uncommon,1,90476,a4dfbac0-1849-41c5-853a-1fee108d0b01,1.45,false,false,near_mint,en,USD,2026-04-18T06:38:00.647Z
Bulk,binder,Bombard,RIX,Rivals of Ixalan,93,normal,common,1,2925,0a605abc-78e8-47ba-9022-0fad9006fd05,0.04,false,false,near_mint,en,USD,2026-04-18T06:38:00.648Z
Bulk,binder,Ethereal Ambush,FRF,Fate Reforged,152,normal,common,1,11974,825d3f4d-eba3-4c45-8846-03b246e93f6c,0.09,false,false,near_mint,en,USD,2026-04-18T06:38:00.649Z
Bulk,binder,Serra's Embrace,DVD,Duel Decks Anthology: Divine vs. Demonic,21,normal,uncommon,1,12457,2c45c4b3-f652-4b55-a316-55a864ac2342,0.38,false,false,near_mint,en,USD,2026-04-18T06:38:00.650Z
Bulk,binder,Kor Bladewhirl,BFZ,Battle for Zendikar,34,normal,uncommon,1,10317,e31b12c7-df11-4450-95e1-b9a5aa97af0e,0.17,false,false,near_mint,en,USD,2026-04-18T06:38:00.651Z
Bulk,binder,Skaab Goliath,CMR,Commander Legends,97,normal,common,1,56211,d151fe63-3b3a-4cd4-9a2d-d80e7434e63c,0.08,false,false,near_mint,en,USD,2026-04-18T06:38:00.652Z
Bulk,binder,Lay Claim,AKH,Amonkhet,61,normal,uncommon,1,5624,cc0e741f-0448-4a95-9178-074356e50426,0.14,false,false,near_mint,en,USD,2026-04-18T06:38:00.653Z
Bulk,binder,Fen Hauler,AER,Aether Revolt,58,normal,common,1,6356,b5ef4616-e3c2-4448-83b1-f7d439705eaf,0.11,false,false,near_mint,en,USD,2026-04-18T06:38:00.655Z
Bulk,binder,Torch Courier,GRN,Guilds of Ravnica,119,normal,common,1,364,d4c9fc8c-e68f-4636-84b8-877f6ec04b09,0.25,false,false,near_mint,en,USD,2026-04-18T06:38:00.656Z
Bulk,binder,Shock,M20,Core Set 2020,160,normal,common,1,45301,3c866bdb-ff94-4f3f-8429-e72c2cbb94ef,0.11,false,false,near_mint,en,USD,2026-04-18T06:38:00.657Z
Bulk,binder,Briarhorn,DDR,Duel Decks: Nissa vs. Ob Nixilis,3,normal,uncommon,1,7860,0fd09615-bcd2-4a2e-b9bf-8b4fd83291ce,0.09,false,false,near_mint,en,USD,2026-04-18T06:38:00.658Z
Bulk,binder,"Garland, Knight of Cornelia // Chaos, the Endless",FIN,Final Fantasy,221,normal,uncommon,2,103808,dd463dbe-5f2c-4d4f-86f8-ad8ff407af62,0.14,false,false,near_mint,en,USD,2026-04-18T06:38:00.662Z
Bulk,binder,Thunder Magic,FIN,Final Fantasy,165,normal,common,4,106610,9f2b202c-91da-40ec-8324-6b6be7cb3bc8,0.25,false,false,near_mint,en,USD,2026-04-18T06:38:00.663Z
Bulk,binder,Fists of Flame,CMM,Commander Masters,223,normal,common,1,84449,6b34af88-bc4e-4ca8-8662-7dc4050c62c5,0.38,false,false,near_mint,en,USD,2026-04-18T06:38:00.674Z
Bulk,binder,Burrowguard Mentor,BLB,Bloomburrow,206,normal,uncommon,1,95945,87138ace-3594-499e-bad5-ec76148613ea,0.26,false,false,near_mint,en,USD,2026-04-18T06:38:00.675Z
Bulk,binder,Deadly Dispute,FCA,Final Fantasy: Through the Ages,33,normal,uncommon,1,106355,a4e0b297-6d33-4e2b-b497-aa952dcf2141,0.42,false,false,near_mint,en,USD,2026-04-18T06:38:00.678Z
Bulk,binder,Vincent's Limit Break,FIN,Final Fantasy,126,normal,common,4,106499,0502c426-5271-4989-8598-5bc159afe79c,0.17,false,false,near_mint,en,USD,2026-04-18T06:38:00.679Z
Bulk,binder,Dragoon's Wyvern,FIN,Final Fantasy,49,normal,common,5,105729,d92bce20-308e-4841-aaf8-8e20698292e7,0.06,false,false,near_mint,en,USD,2026-04-18T06:38:00.682Z
Bulk,binder,Ahriman,FIN,Final Fantasy,87,normal,common,4,106517,162a415c-5465-497e-8f4e-c6f09681641d,0.12,false,false,near_mint,en,USD,2026-04-18T06:38:00.683Z
Bulk,binder,Sahagin,FIN,Final Fantasy,71,normal,common,4,106276,516940c7-c271-4f64-af75-c7ba98548382,0.12,false,false,near_mint,en,USD,2026-04-18T06:38:00.686Z
Bulk,binder,Rook Turret,FIN,Final Fantasy,69,normal,common,4,106541,4572884d-0c0e-41e7-b219-f76b95fdbd01,0.14,false,false,near_mint,en,USD,2026-04-18T06:38:00.691Z
Bulk,binder,Coeurl,FIN,Final Fantasy,12,normal,common,4,106284,7604b534-5480-42fa-bc36-bbae730f8582,0.11,false,false,near_mint,en,USD,2026-04-18T06:38:00.692Z
Bulk,binder,Ice Flan,FIN,Final Fantasy,55,normal,common,3,106357,ad304c9c-943f-442f-bb82-ff378ad7d7ba,0.2,false,false,near_mint,en,USD,2026-04-18T06:38:00.693Z
Bulk,binder,Warrior's Sword,FIN,Final Fantasy,169,normal,common,3,106296,cb98a7dd-542e-4448-b3bb-ff5d67a36535,0.11,false,false,near_mint,en,USD,2026-04-18T06:38:00.700Z
Bulk,binder,Gigantoad,FIN,Final Fantasy,187,normal,common,3,106642,bc10d648-4053-460f-bc52-9c20477bf6de,0.13,false,false,near_mint,en,USD,2026-04-18T06:38:00.701Z
Bulk,binder,Magitek Infantry,FIN,Final Fantasy,25,normal,common,4,106635,b64dc6d7-dd01-4e66-9099-4c90865448df,0.09,false,false,near_mint,en,USD,2026-04-18T06:38:00.703Z
Bulk,binder,Weapons Vendor,FIN,Final Fantasy,40,normal,common,4,106651,c9e6b374-3e44-4df7-b0a3-4ef98dc08267,0.24,false,false,near_mint,en,USD,2026-04-18T06:38:00.705Z
Bulk,binder,Laughing Mad,FIN,Final Fantasy,143,normal,common,3,106168,cd5b9daf-6325-4eb4-a069-4a8cc7807884,0.18,false,false,near_mint,en,USD,2026-04-18T06:38:00.706Z
Bulk,binder,Paladin's Arms,FIN,Final Fantasy,28,normal,common,4,106338,446506c5-5e1d-4b42-aef3-ea247d7881ef,0.15,false,false,near_mint,en,USD,2026-04-18T06:38:00.707Z
Bulk,binder,Chocobo Kick,FIN,Final Fantasy,178,normal,common,5,106698,ff8c8be0-8223-499c-8704-cb68e0a42ce2,0.15,false,false,near_mint,en,USD,2026-04-18T06:38:00.716Z
Bulk,binder,Gaelicat,FIN,Final Fantasy,22,normal,common,3,106528,29606c49-e1a4-49c3-883b-9122c08bbbc7,0.04,false,false,near_mint,en,USD,2026-04-18T06:38:00.719Z
Bulk,binder,Summon: Choco/Mog,FIN,Final Fantasy,35,normal,common,4,106493,00546117-018a-4286-bc20-b5446c5be56f,0.88,false,false,near_mint,en,USD,2026-04-18T06:38:00.721Z
Bulk,binder,Qiqirn Merchant,FIN,Final Fantasy,65,normal,common,4,106623,a75a6ecc-a6a5-462c-bd92-ae57dde9b965,0.11,false,false,near_mint,en,USD,2026-04-18T06:38:00.728Z
Bulk,binder,Zack Fair,FIN,Final Fantasy,45,normal,uncommon,3,106237,f21f9161-5945-40da-8da0-446f6a4a1c23,0.23,false,false,near_mint,en,USD,2026-04-18T06:38:00.730Z
Bulk,binder,"Garnet, Princess of Alexandria",FIN,Final Fantasy,222,normal,uncommon,3,106638,b883df14-8d7b-4f6a-9a6a-2f71f5b6ddda,0.2,false,false,near_mint,en,USD,2026-04-18T06:38:00.734Z
Bulk,binder,Suplex,FIN,Final Fantasy,164,normal,common,4,106376,f61693a2-7042-44e0-85ba-9bf12ab94e7e,0.22,false,false,near_mint,en,USD,2026-04-18T06:38:00.735Z
Bulk,binder,Sephiroth's Intervention,FIN,Final Fantasy,116,normal,common,3,106297,cf7df82f-937a-443f-813f-2bcc6944c5c0,0.14,false,false,near_mint,en,USD,2026-04-18T06:38:00.737Z
Bulk,binder,Syncopate,FIN,Final Fantasy,80,normal,common,3,106409,83e1cd8d-5b97-427a-be75-2a1947f9c59b,0.19,false,false,near_mint,en,USD,2026-04-18T06:38:00.738Z
Bulk,binder,White Mage's Staff,FIN,Final Fantasy,42,normal,common,3,105584,30db372e-0b4c-4e16-9667-bf3fda666f72,0.13,false,false,near_mint,en,USD,2026-04-18T06:38:00.739Z
Bulk,binder,"Ashe, Princess of Dalmasca",FIN,Final Fantasy,7,normal,uncommon,2,106699,ffe0596f-ef99-4862-9386-0fe455259995,0.16,false,false,near_mint,en,USD,2026-04-18T06:38:00.742Z
Bulk,binder,Red Mage's Rapier,FIN,Final Fantasy,152,normal,common,3,106669,e0579955-75f9-47a9-8b03-e287d120826a,0.2,false,false,near_mint,en,USD,2026-04-18T06:38:00.746Z
Bulk,binder,Bard's Bow,FIN,Final Fantasy,174,normal,common,4,106530,2ac03e90-1e16-453f-88e4-a0448db73403,0.08,false,false,near_mint,en,USD,2026-04-18T06:38:00.747Z
Bulk,binder,Qutrub Forayer,FIN,Final Fantasy,112,normal,common,4,106575,7475ecf6-23f5-45af-9ef0-ac7923bbc9cb,0.06,false,false,near_mint,en,USD,2026-04-18T06:38:00.748Z
Bulk,binder,Stuck in Summoner's Sanctum,FIN,Final Fantasy,76,normal,common,3,106562,6678501e-6349-4e37-ab4c-a31a3d408d52,0.12,false,false,near_mint,en,USD,2026-04-18T06:38:00.750Z
Bulk,binder,Haste Magic,FIN,Final Fantasy,140,normal,common,4,106402,3af9d100-70ee-4c6c-a762-11a0c4f3ef6f,0.23,false,false,near_mint,en,USD,2026-04-18T06:38:00.753Z
Bulk,binder,Black Mage's Rod,FIN,Final Fantasy,90,normal,common,4,105591,35e8f140-055f-4fc7-a765-fb030d828214,0.21,false,false,near_mint,en,USD,2026-04-18T06:38:00.754Z
Bulk,binder,Fate of the Sun-Cryst,FIN,Final Fantasy,19,normal,common,4,106287,900cdf11-b42e-4dcc-97c3-2e4d8e406a70,0.12,false,false,near_mint,en,USD,2026-04-18T06:38:00.755Z
Bulk,binder,Instant Ramen,FIN,Final Fantasy,259,normal,common,5,106374,ef7011f4-fc08-4b15-973d-d15357cbe744,1.02,false,false,near_mint,en,USD,2026-04-18T06:38:00.757Z
Bulk,binder,Summon: Choco/Mog,FIN,Final Fantasy,358,normal,common,1,106639,b95481b1-1780-4cf9-b910-dd0a4461f818,0.29,false,false,near_mint,en,USD,2026-04-18T06:38:00.761Z
Bulk,binder,Blazing Bomb,FIN,Final Fantasy,130,normal,common,3,106573,70f47277-ca47-428a-808f-0fb32e820a71,0.12,false,false,near_mint,en,USD,2026-04-18T06:38:00.762Z
Bulk,binder,Blitzball Shot,FIN,Final Fantasy,176,normal,common,4,106417,ec8ab637-3d7d-4712-9f83-8920f808f715,0.13,false,false,near_mint,en,USD,2026-04-18T06:38:00.763Z
Bulk,binder,Cornered by Black Mages,FIN,Final Fantasy,93,normal,common,4,106564,688fcf8a-0a44-416a-8086-83acf9a6fe69,0.18,false,false,near_mint,en,USD,2026-04-18T06:38:00.764Z
Bulk,binder,Reaper's Scythe,FIC,Final Fantasy Commander,48,normal,rare,1,106209,e1e53ff2-c321-4fc8-b4d7-eb253d670c5b,0.24,false,false,near_mint,en,USD,2026-04-18T06:38:00.770Z
Bulk,binder,Metamorphic Blast,OTJ,Outlaws of Thunder Junction,57,normal,uncommon,1,93327,bd38d922-cfc1-43a8-82d8-5de441c71076,0.16,false,false,near_mint,en,USD,2026-04-18T06:38:00.772Z
Bulk,binder,Suppression Bonds,ORI,Magic Origins,34,normal,common,1,10908,d34c717b-224b-4289-826d-f5b1f7c3dbfb,0.09,false,false,near_mint,en,USD,2026-04-18T06:38:00.773Z
Bulk,binder,Tidal Warrior,DDT,Duel Decks: Merfolk vs. Goblins,20,normal,common,1,3691,24a16bf4-de91-49b0-bc6e-ab1d38a484e9,0.3,false,false,near_mint,en,USD,2026-04-18T06:38:00.774Z
Bulk,binder,Goblin Fireslinger,MM2,Modern Masters 2015,114,normal,common,1,11103,e6c043b7-1eec-4d11-986c-8fb3823fc3b1,0.2,false,false,near_mint,en,USD,2026-04-18T06:38:00.775Z
Bulk,binder,Cruel Ultimatum,OTP,Breaking News,40,normal,rare,1,93162,539e00a6-6cb0-4960-8a45-52d70b575f5a,0.2,false,false,near_mint,en,USD,2026-04-18T06:38:00.776Z
Bulk,binder,Omenport Vigilante,OTJ,Outlaws of Thunder Junction,21,normal,uncommon,1,93233,7ecd8b6f-b9aa-466a-909c-3209beef8244,0.08,false,false,near_mint,en,USD,2026-04-18T06:38:00.777Z
Bulk,binder,Rakish Crew,OTJ,Outlaws of Thunder Junction,99,normal,uncommon,1,93215,70f64358-58db-40ab-90e8-6137c3bd0a29,0.1,false,false,near_mint,en,USD,2026-04-18T06:38:00.778Z
Bulk,binder,Rufus Shinra,FIN,Final Fantasy,238,normal,uncommon,2,106685,f5fff00b-c9a0-4e90-abc0-349f8716c885,0.18,false,false,near_mint,en,USD,2026-04-18T06:38:00.786Z
Bulk,binder,Thunder Dragon,CLB,Commander Legends: Battle for Baldur's Gate,810,normal,rare,1,69609,9ff75ff4-495f-4a0c-9d98-69eff1b3fa32,0.49,false,false,near_mint,en,USD,2026-04-18T06:38:00.789Z
Bulk,binder,Trailblazer's Boots,FIC,Final Fantasy Commander,370,normal,uncommon,1,106254,fd1f14be-8c7c-471d-93e3-5856f48ff94a,1.03,false,false,near_mint,en,USD,2026-04-18T06:38:00.790Z
Bulk,binder,Release the Ants,MOR,Morningtide,98,normal,uncommon,1,24927,1b6f1afb-2451-4611-ac3e-3513a4651719,0.12,false,false,near_mint,en,USD,2026-04-18T06:38:00.792Z
Bulk,binder,"Zidane, Tantalus Thief",FIN,Final Fantasy,251,normal,uncommon,2,106213,e42c7d9d-8685-415b-8c5d-6ab2165863b9,0.19,false,false,near_mint,en,USD,2026-04-18T06:38:00.793Z
Bulk,binder,"Fblthp, Lost on the Range",OTJ,Outlaws of Thunder Junction,48,normal,rare,1,91793,01d3e6ea-4791-4948-af22-c1bd04c34c1e,0.33,false,false,near_mint,en,USD,2026-04-18T06:38:00.794Z
Bulk,binder,"Mishra, Excavation Prodigy",BRO,The Brothers' War,140,normal,uncommon,1,75897,f5d02416-8578-40a5-bf31-d1ef9b8764f1,0.09,false,false,near_mint,en,USD,2026-04-18T06:38:00.796Z
Bulk,binder,Furious Rise,FIC,Final Fantasy Commander,294,normal,uncommon,1,106104,a886ed1a-d6a4-46d2-8b97-ee4a533773fb,0.19,false,false,near_mint,en,USD,2026-04-18T06:38:00.797Z
Bulk,binder,Visage Bandit,OTJ,Outlaws of Thunder Junction,76,normal,uncommon,1,93196,685ec4c6-3332-498f-8b56-d7ad8fc5230c,0.16,false,false,near_mint,en,USD,2026-04-18T06:38:00.799Z
Bulk,binder,Nimble Brigand,OTJ,Outlaws of Thunder Junction,58,normal,uncommon,1,93220,73c74d48-362d-4c3b-9ff7-39bdd19657a6,0.07,false,false,near_mint,en,USD,2026-04-18T06:38:00.801Z
Bulk,binder,Clear Shot,OTP,Breaking News,28,normal,uncommon,1,93155,4f362332-3682-4638-bc8b-6984f48e3464,0.1,false,false,near_mint,en,USD,2026-04-18T06:38:00.802Z
Bulk,binder,Pest Control,BIG,The Big Score,22,normal,mythic,1,93784,a4a01b92-dafb-4ea6-8eff-29f881f6be24,2.74,false,false,near_mint,en,USD,2026-04-18T06:38:00.803Z
Bulk,binder,"Raubahn, Bull of Ala Mhigo",FIN,Final Fantasy,151,normal,rare,1,106571,7035d11b-525f-4120-8dcb-610095196681,0.32,false,false,near_mint,en,USD,2026-04-18T06:38:00.804Z
Bulk,binder,Pyrrhic Blast,BRO,The Brothers' War,148,normal,uncommon,1,75685,a523d5a7-58b1-45a3-81a7-078da02fda16,0.12,false,false,near_mint,en,USD,2026-04-18T06:38:00.805Z
Bulk,binder,Sparkspitter,UMA,Ultimate Masters,149,normal,common,1,43361,91e67cab-496b-4b07-a045-b332d378ae74,0.09,false,false,near_mint,en,USD,2026-04-18T06:38:00.806Z
Bulk,binder,Icatian Crier,UMA,Ultimate Masters,22,normal,common,1,43477,c5ba6543-ede7-45a5-8e8d-e17d3f545d3f,0.07,false,false,near_mint,en,USD,2026-04-18T06:38:00.807Z
Bulk,binder,Defy Gravity,UMA,Ultimate Masters,48,normal,common,1,43451,c31e6c69-e5c4-47b0-b226-4e1d84fabfa7,0.09,false,false,near_mint,en,USD,2026-04-18T06:38:00.809Z
Bulk,binder,Wild Mongrel,UMA,Ultimate Masters,194,normal,common,1,43322,4d5be4ab-f85a-4272-ac08-99cb0105eb11,0.3,false,false,near_mint,en,USD,2026-04-18T06:38:00.810Z
Bulk,binder,Fire // Ice,MH2,Modern Horizons 2,290,normal,rare,1,59406,0e09b054-4d33-4a12-bf2a-9b0009f33044,0.24,false,false,near_mint,en,USD,2026-04-18T06:38:00.812Z
Bulk,binder,Boneyard Wurm,UMA,Ultimate Masters,159,normal,uncommon,1,43352,605038e9-2840-4c2d-bd7a-1004ae210e2a,0.24,false,false,near_mint,en,USD,2026-04-18T06:38:00.813Z
Bulk,binder,Rakdos Shred-Freak,CLU,Ravnica: Clue Edition,204,normal,common,1,91098,a620ff81-61e8-4d76-a26f-d6271f8aac7d,0.08,false,false,near_mint,en,USD,2026-04-18T06:38:00.814Z
Bulk,binder,Water Gun Balloon Game,UNF,Unfinity,538,foil,rare,1,72854,9cb587e1-1243-4422-8ee3-198bd247b42c,0.26,false,false,near_mint,en,USD,2026-04-18T06:38:00.815Z
Bulk,binder,Prishe's Wanderings,FIN,Final Fantasy,193,normal,common,4,106658,d6e1dee0-e2cd-4899-a3ea-7d0df717c9ab,0.14,false,false,near_mint,en,USD,2026-04-18T06:38:00.821Z
Bulk,binder,Nadir Kraken,MKC,Murders at Karlov Manor Commander,112,normal,rare,1,90328,3bd63804-d538-471f-b57f-e1023f7e14a8,0.4,false,false,near_mint,en,USD,2026-04-18T06:38:00.827Z
Bulk,binder,"Daxos, Blessed by the Sun",THB,Theros Beyond Death,258,normal,uncommon,1,46804,f5770e8a-045d-42bc-b6aa-17b89488c9d4,0.29,false,false,near_mint,en,USD,2026-04-18T06:38:00.828Z
Bulk,binder,Furious Rise,CMM,Commander Masters,225,normal,uncommon,1,84129,1f5da1ab-d720-4140-8121-89de760d020c,0.14,false,false,near_mint,en,USD,2026-04-18T06:38:00.829Z
Bulk,binder,Dawn Evangel,THB,Theros Beyond Death,8,normal,uncommon,1,47054,f7e152ae-43ec-4b9d-a43f-786c2f6c7366,0.14,false,false,near_mint,en,USD,2026-04-18T06:38:00.830Z
Bulk,binder,Fruit of Tizerus,THB,Theros Beyond Death,96,normal,common,1,46966,66e577a0-e5d7-4e6a-919c-d85c2ae819ce,0.06,false,false,near_mint,en,USD,2026-04-18T06:38:00.831Z
Bulk,binder,Brine Giant,THB,Theros Beyond Death,44,normal,common,1,47018,6811a9dc-e521-4c9e-accb-1efb8346c1db,0.09,false,false,near_mint,en,USD,2026-04-18T06:38:00.832Z
Bulk,binder,Irreverent Revelers,THB,Theros Beyond Death,143,normal,common,1,46919,55405dca-3555-45ff-be1c-e276fe1a0c2e,0.04,false,false,near_mint,en,USD,2026-04-18T06:38:00.833Z
Bulk,binder,Pious Wayfarer,THB,Theros Beyond Death,32,normal,common,1,47030,10b1a2b5-5be2-43a2-bc35-95df6eb0984f,0.08,false,false,near_mint,en,USD,2026-04-18T06:38:00.834Z
Bulk,binder,Underworld Charger,THB,Theros Beyond Death,120,normal,common,1,46942,f2dd847f-0db2-4f6a-bdfb-5c88ce7802f9,0.07,false,false,near_mint,en,USD,2026-04-18T06:38:00.835Z
Bulk,binder,Gift of Strength,THB,Theros Beyond Death,171,normal,common,1,46891,75f5e144-4dd6-441f-b3e2-433aa82bdf7b,0.05,false,false,near_mint,en,USD,2026-04-18T06:38:00.836Z
Bulk,binder,Sentinel's Eyes,THB,Theros Beyond Death,36,normal,common,1,47026,32adc118-b81e-48c2-b7ef-b62e8c3308d6,0.29,false,false,near_mint,en,USD,2026-04-18T06:38:00.837Z
Bulk,binder,Wrap in Flames,THB,Theros Beyond Death,164,normal,common,1,46898,b5f7ff4f-3fd6-4084-aaf7-9f290ecc0181,0.05,false,false,near_mint,en,USD,2026-04-18T06:38:00.838Z
Bulk,binder,Karametra's Blessing,THB,Theros Beyond Death,26,normal,common,1,47036,88c8e4dc-5378-48d6-85b2-f5ea9ec7cf36,0.26,false,false,near_mint,en,USD,2026-04-18T06:38:00.839Z
Bulk,binder,Fear of the Dark,DSK,Duskmourn: House of Horror,98,normal,common,1,98866,8700eb8d-1cc0-45ff-b769-c875ee6500ea,0.06,false,false,near_mint,en,USD,2026-04-18T06:38:00.840Z
Bulk,binder,Defile,MH1,Modern Horizons,86,normal,common,1,44848,5bcb4398-edd1-41a7-a496-b12bce22ceb6,1.35,false,false,near_mint,en,USD,2026-04-18T06:38:00.841Z
Bulk,binder,Fell Horseman // Deathly Ride,WOE,Wilds of Eldraine,92,normal,common,1,85365,43bb3890-4013-48be-8cb5-54fd8fd8ec52,0.14,false,false,near_mint,en,USD,2026-04-18T06:38:00.842Z
Bulk,binder,Malboro,FIN,Final Fantasy,106,normal,common,3,105739,e46d8048-03ce-4e07-ba24-f41ba6140a4e,0.15,false,false,near_mint,en,USD,2026-04-18T06:38:00.844Z
Bulk,binder,Sam's Desperate Rescue,LTR,The Lord of the Rings: Tales of Middle-earth,105,normal,common,1,83456,bdd4d735-8cda-47c1-865b-48b51ac8f666,0.14,false,false,near_mint,en,USD,2026-04-18T06:38:00.845Z
Bulk,binder,Unearth,2X2,Double Masters 2022,96,normal,common,1,70442,b1f73271-b70f-40ae-be64-f8de7805923a,0.51,false,false,near_mint,en,USD,2026-04-18T06:38:00.846Z
Bulk,binder,Merciless Resolve,SOI,Shadows over Innistrad,123,normal,common,1,8873,356af156-a059-416c-b78b-d9058b742818,0.04,false,false,near_mint,en,USD,2026-04-18T06:38:00.847Z
Bulk,binder,Contagious Nim,SOM,Scars of Mirrodin,58,normal,common,1,20974,e83a9dea-2aa1-48cd-afe2-f98057b95f6e,0.17,false,false,near_mint,en,USD,2026-04-18T06:38:00.848Z
Bulk,binder,Forever Young,ELD,Throne of Eldraine,89,normal,common,1,46249,7873c1f9-572c-4740-82f8-cf3cbc7318d0,0.2,false,false,near_mint,en,USD,2026-04-18T06:38:00.849Z
Bulk,binder,Worthy Cost,TDM,Tarkir: Dragonstorm,99,normal,common,1,104883,adc18edc-01d8-4a7e-a87b-a854e50aa75e,0.09,false,false,near_mint,en,USD,2026-04-18T06:38:00.850Z
Bulk,binder,Dreams of Steel and Oil,BRO,The Brothers' War,92,normal,uncommon,1,75352,261ac92e-c61a-4c11-aa6a-9ae1cb703e5c,0.26,false,false,near_mint,en,USD,2026-04-18T06:38:00.853Z
Bulk,binder,Spider-Man India,SPM,Marvel's Spider-Man,151,normal,uncommon,1,108448,65b8af30-559b-43a9-8526-62c28c378339,0.2,false,false,near_mint,en,USD,2026-04-18T06:38:00.856Z
Bulk,binder,"Mowu, Loyal Companion",CMM,Commander Masters,306,normal,uncommon,1,84586,890e50ae-39e6-435b-95e7-885f2b314ecf,0.21,false,false,near_mint,en,USD,2026-04-18T06:38:00.857Z
Bulk,binder,"Momo, Playful Pet",TLA,Avatar: The Last Airbender,30,normal,uncommon,1,109491,9350bf4a-fa12-4867-b31f-1f1394d99571,0.28,false,false,near_mint,en,USD,2026-04-18T06:38:00.858Z
Bulk,binder,Water Tribe Captain,TLA,Avatar: The Last Airbender,41,normal,common,1,109632,0a0cdf97-1927-47c6-8ef1-29969e3567ee,0.09,false,false,near_mint,en,USD,2026-04-18T06:38:00.859Z
Bulk,binder,"Lulu, Loyal Hollyphant",CLB,Commander Legends: Battle for Baldur's Gate,32,normal,uncommon,1,69086,6d67e95e-c4a7-45bc-ae83-0b532ad530db,0.16,false,false,near_mint,en,USD,2026-04-18T06:38:00.860Z
Bulk,binder,Rayblade Trooper,EOE,Edge of Eternities,30,normal,uncommon,1,107535,c08c7bf9-a2ed-45c6-8b48-15122d9d9e37,0.06,false,false,near_mint,en,USD,2026-04-18T06:38:00.862Z
Bulk,binder,Far Traveler,CLB,Commander Legends: Battle for Baldur's Gate,17,normal,uncommon,1,69294,cabc3688-2362-4757-a5be-087e577c4691,0.24,false,false,near_mint,en,USD,2026-04-18T06:38:00.863Z
Bulk,binder,Toxicrene,40K,"Warhammer 40,000 Commander",101,normal,rare,1,72482,a9b0fe26-18af-4b2e-861e-568d2f6208fd,0.63,false,false,near_mint,en,USD,2026-04-18T06:38:00.864Z
Bulk,binder,"Faramir, Field Commander",LTR,The Lord of the Rings: Tales of Middle-earth,303,normal,uncommon,1,82815,008b953a-da2b-4c30-9424-6d6e3e938251,0.23,false,false,near_mint,en,USD,2026-04-18T06:38:00.865Z
Bulk,binder,Hierophant Bio-Titan,40K,"Warhammer 40,000 Commander",92,normal,rare,1,72511,be8a8e26-39cb-440a-a428-58b49ff8d017,1.58,false,false,near_mint,en,USD,2026-04-18T06:38:00.866Z
Bulk,binder,Choking Restraints,EMN,Eldritch Moon,16,normal,common,1,8320,4549735d-df63-47db-ad53-0497499fe387,0.09,false,false,near_mint,en,USD,2026-04-18T06:38:00.867Z
Bulk,binder,Anathemancer,ARB,Alara Reborn,33,normal,uncommon,1,23475,ab106855-bd85-4c00-b596-c46d34f8cdd0,2.06,false,false,near_mint,en,USD,2026-04-18T06:38:00.868Z
Bulk,binder,Electric Revelation,OTC,Outlaws of Thunder Junction Commander,163,normal,common,1,93864,d06023c5-8cb8-4d67-bba6-8dd5201a25dd,0.23,false,false,near_mint,en,USD,2026-04-18T06:38:00.870Z
Bulk,binder,Ancient Animus,CMR,Commander Legends,215,normal,common,1,55702,5ee76006-5272-400d-b6b2-e1548bca9dbf,0.26,false,false,near_mint,en,USD,2026-04-18T06:38:00.871Z
Bulk,binder,Fade into Antiquity,NEO,Kamigawa: Neon Dynasty,182,normal,common,1,66874,55174ab7-9f2e-42e5-a61b-57458cfd33f3,0.12,false,false,near_mint,en,USD,2026-04-18T06:38:00.872Z
Bulk,binder,Moldering Gym // Weight Room,DSK,Duskmourn: House of Horror,190,normal,common,1,99081,245d5a61-c40c-4039-aea8-3ad61415b8f0,0.07,false,false,near_mint,en,USD,2026-04-18T06:38:00.873Z
Bulk,binder,Mammoth Growth,KHM,Kaldheim,183,normal,common,1,56752,0e55041f-69a5-4bcf-899f-a4b44c208b4d,0.1,false,false,near_mint,en,USD,2026-04-18T06:38:00.874Z
Bulk,binder,Struggle for Skemfar,KHM,Kaldheim,196,normal,common,1,57024,a67747a9-3299-4b4a-a4e0-e8a269c4f927,0.05,false,false,near_mint,en,USD,2026-04-18T06:38:00.875Z
Bulk,binder,Grow from the Ashes,FDN,Foundations,225,normal,common,1,101502,42525f8a-aee7-4811-8f05-471b559c2c4a,0.26,false,false,near_mint,en,USD,2026-04-18T06:38:00.877Z
Bulk,binder,Airtight Alibi,MKM,Murders at Karlov Manor,149,normal,common,1,91173,bffbbe21-0a1d-48b9-903e-81c109aa11de,0.14,false,false,near_mint,en,USD,2026-04-18T06:38:00.878Z
Bulk,binder,Up the Beanstalk,WOE,Wilds of Eldraine,195,normal,uncommon,1,85323,2d5e991f-23b2-4db0-a452-7755125b1fd2,2.78,false,false,near_mint,en,USD,2026-04-18T06:38:00.879Z
Bulk,binder,Edge Rover,EOE,Edge of Eternities,179,normal,uncommon,1,107489,90741ec9-6893-42d4-b510-8664666094e3,0.1,false,false,near_mint,en,USD,2026-04-18T06:38:00.880Z
Bulk,binder,Spined Tyrranax,J25,Foundations Jumpstart,26,normal,uncommon,1,101060,bb589caa-bba4-4d23-bdfe-7fc37f19bfd6,0.14,false,false,near_mint,en,USD,2026-04-18T06:38:00.882Z
Bulk,binder,Dauntless Scrapbot,EOE,Edge of Eternities,237,normal,uncommon,1,107374,0efe5342-42b7-4f49-b4b4-d77055508c4d,0.33,false,false,near_mint,en,USD,2026-04-18T06:38:00.885Z
Bulk,binder,"Mjölnir, Storm Hammer",ACR,Assassin's Creed,74,normal,rare,1,95514,df09fc8c-e008-427b-b007-ceec9a4aa4ab,1.35,false,false,near_mint,en,USD,2026-04-18T06:38:00.886Z
Bulk,binder,Wildsize,CLU,Ravnica: Clue Edition,179,normal,common,1,91110,a8fd3631-af9c-4cf7-9336-95c84c7a925c,0.09,false,false,near_mint,en,USD,2026-04-18T06:38:00.887Z
Bulk,binder,Tome of Legends,FIC,Final Fantasy Commander,369,normal,rare,1,105810,08b0d5aa-8d76-4951-a326-0f4078fdfd28,0.35,false,false,near_mint,en,USD,2026-04-18T06:38:00.888Z
Bulk,binder,Lifestream's Blessing,FIC,Final Fantasy Commander,67,normal,rare,1,105916,48b4101b-3428-4b6b-818a-6097a093e9b5,0.89,false,false,near_mint,en,USD,2026-04-18T06:38:00.889Z
Bulk,binder,Ring of Thune,CMR,Commander Legends,468,normal,uncommon,1,56252,fda91fbd-bf5b-46c4-bd96-037b507f3daa,0.23,false,false,near_mint,en,USD,2026-04-18T06:38:00.890Z
Bulk,binder,Galadhrim Bow,LTR,The Lord of the Rings: Tales of Middle-earth,167,normal,common,1,83340,9df34f21-798f-440d-8b09-ec5b5c0b8c12,0.1,false,false,near_mint,en,USD,2026-04-18T06:38:00.891Z
Bulk,binder,High Stride,BLB,Bloomburrow,176,normal,common,1,96153,09c8cf4b-8e65-4a1c-b458-28b5ab56b390,0.12,false,false,near_mint,en,USD,2026-04-18T06:38:00.892Z
Bulk,binder,Quietus Spike,NCC,New Capenna Commander,377,normal,rare,1,68286,7dc8e9cc-1aac-4709-9629-9f4318c86cb0,2.15,false,false,near_mint,en,USD,2026-04-18T06:38:00.893Z
Bulk,binder,Mask of Memory,FIC,Final Fantasy Commander,350,normal,uncommon,1,106106,a9118fbe-f19c-4a65-a6ac-1c8a6308628d,0.36,false,false,near_mint,en,USD,2026-04-18T06:38:00.894Z
Bulk,binder,Purestrain Genestealer,40K,"Warhammer 40,000 Commander",97,normal,uncommon,1,72367,4f15be08-085a-464a-aad5-e4305279e04a,0.45,false,false,near_mint,en,USD,2026-04-18T06:38:00.896Z
Bulk,binder,Haruspex,40K,"Warhammer 40,000 Commander",91,normal,rare,1,72429,76e93d5d-c255-45a6-9217-84ac270740a7,0.47,false,false,near_mint,en,USD,2026-04-18T06:38:00.897Z
Bulk,binder,Goobbue Gardener,FIN,Final Fantasy,188,normal,common,4,106636,b7c3544a-5dd5-423e-8a40-ac4803db8adc,0.21,false,false,near_mint,en,USD,2026-04-18T06:38:00.899Z
Bulk,binder,Genji Glove,FIN,Final Fantasy,258,normal,rare,1,106687,f724dde1-84b0-4e3b-a9b8-44cd22bb9f79,5.65,false,false,near_mint,en,USD,2026-04-18T06:38:00.901Z
Bulk,binder,Poison the Blade,CLB,Commander Legends: Battle for Baldur's Gate,248,normal,common,1,68977,3de4bf10-a502-4748-9118-5459684542a7,0.18,false,false,near_mint,en,USD,2026-04-18T06:38:00.903Z
Bulk,binder,Amped Raptor,MH3,Modern Horizons 3,114,normal,uncommon,1,94362,1ac0e78b-0fdd-44f9-8b7b-c4f28a32782e,0.18,false,false,near_mint,en,USD,2026-04-18T06:38:00.904Z
Bulk,binder,Unstable Amulet,MH3,Modern Horizons 3,142,normal,uncommon,1,94559,9d9949f5-8d6c-4ea9-b203-99e8a57a6c60,0.24,false,false,near_mint,en,USD,2026-04-18T06:38:00.905Z
Bulk,binder,Combustible Gearhulk,DRC,Aetherdrift Commander,102,normal,mythic,1,103028,4be99ea7-331a-406d-8a75-5bcfe64d1890,0.38,false,false,near_mint,en,USD,2026-04-18T06:38:00.906Z
Bulk,binder,Overclocked Electromancer,M3C,Modern Horizons 3 Commander,110,normal,rare,1,94807,c32967d4-0ed0-492b-b94f-3b13ea9bf909,0.19,false,false,near_mint,en,USD,2026-04-18T06:38:00.907Z
Bulk,binder,Octopus Form,TLA,Avatar: The Last Airbender,66,normal,common,1,109543,ce96a826-53a0-4029-bf34-46779d133b13,0.26,false,false,near_mint,en,USD,2026-04-18T06:38:00.908Z
Bulk,binder,Magma Spray,JOU,Journey into Nyx,103,normal,common,1,14546,9710889c-0fc6-43a9-83df-484ab0659030,0.05,false,false,near_mint,en,USD,2026-04-18T06:38:00.909Z
Bulk,binder,Tazeem Roilmage,ZNR,Zendikar Rising,84,normal,common,1,54601,6f222fb7-375d-4ee2-9ff6-bd71f63ab31a,0.06,false,false,near_mint,en,USD,2026-04-18T06:38:00.910Z
Bulk,binder,Moldervine Reclamation,BLC,Bloomburrow Commander,255,normal,uncommon,1,96417,ab923455-5d5d-495e-ac93-ae0f01e0605e,0.32,false,false,near_mint,en,USD,2026-04-18T06:38:00.911Z
Bulk,binder,Shifting Grift,OTJ,Outlaws of Thunder Junction,66,normal,uncommon,1,93085,20b8313b-a680-4dca-959a-1a7fa5cb4b1b,0.35,false,false,near_mint,en,USD,2026-04-18T06:38:00.912Z
Bulk,binder,Into the Story,FIC,Final Fantasy Commander,266,normal,uncommon,1,105857,24c55c03-2c7a-416d-81d6-74a77a103704,0.14,false,false,near_mint,en,USD,2026-04-18T06:38:00.913Z
Bulk,binder,Revoke Demise,J25,Foundations Jumpstart,10,normal,common,1,100524,5503c9aa-faac-427b-9e6e-5272d1b407a7,0.12,false,false,near_mint,en,USD,2026-04-18T06:38:00.916Z
Bulk,binder,Deny the Divine,THB,Theros Beyond Death,47,normal,common,1,47015,1200f68a-a8ea-4777-b6b0-de48b2203fd1,0.13,false,false,near_mint,en,USD,2026-04-18T06:38:00.917Z
Bulk,binder,Secrets of the Golden City,RIX,Rivals of Ixalan,52,normal,common,1,2966,899ecd7a-bfd6-42a4-8cb2-18bac40b4401,0.09,false,false,near_mint,en,USD,2026-04-18T06:38:00.918Z
Bulk,binder,Psychic Impetus,CLB,Commander Legends: Battle for Baldur's Gate,89,normal,common,1,68927,288e811e-7beb-4379-95a3-e5f4e759aa9d,0.13,false,false,near_mint,en,USD,2026-04-18T06:38:00.919Z
Bulk,binder,Assert Perfection,ECL,Lorwyn Eclipsed,164,normal,common,1,110522,6995b308-5582-4ca1-ab10-a536d5ca0a6d,0.14,false,false,near_mint,en,USD,2026-04-18T06:38:00.920Z
Bulk,binder,Midnight Tilling,ECL,Lorwyn Eclipsed,182,normal,common,3,110619,c5112bbf-752c-41e7-9c61-4c81e6a77463,0.26,false,false,near_mint,en,USD,2026-04-18T06:38:00.922Z
Bulk,binder,"Harald, King of Skemfar",KHM,Kaldheim,212,normal,uncommon,1,57006,9eac78a2-599f-4dba-aec7-982c5ae3f75a,0.27,false,false,near_mint,en,USD,2026-04-18T06:38:00.923Z
Bulk,binder,Elvish Visionary,CMR,Commander Legends,223,normal,common,1,55812,a2f174e6-9532-4fc3-815b-2dc3966c6523,0.09,false,false,near_mint,en,USD,2026-04-18T06:38:00.924Z
Bulk,binder,Strixhaven Stadium,FCA,Final Fantasy: Through the Ages,63,normal,uncommon,1,106361,bcf0d751-5c47-4531-add4-acd07b82adf5,0.26,false,false,near_mint,en,USD,2026-04-18T06:38:00.925Z
Bulk,binder,"Glorfindel, Dauntless Rescuer",LTR,The Lord of the Rings: Tales of Middle-earth,171,normal,uncommon,1,83444,baf7a546-8a8b-4396-ab64-9a5b9abffe79,0.15,false,false,near_mint,en,USD,2026-04-18T06:38:00.926Z
Bulk,binder,Fire Nation Raider,TLA,Avatar: The Last Airbender,135,normal,common,1,109827,ede1bbdb-c726-46e3-aaf1-b8cf2be2c341,0.11,false,false,near_mint,en,USD,2026-04-18T06:38:00.929Z
Bulk,binder,Saber-Tooth Moose-Lion,TLA,Avatar: The Last Airbender,194,normal,common,1,108266,b15f302d-c451-4e79-a5af-75ee3ba4cadf,0.15,false,false,near_mint,en,USD,2026-04-18T06:38:00.930Z
Bulk,binder,Kyoshi Warriors,TLA,Avatar: The Last Airbender,26,normal,common,1,109651,211045e1-85c7-4088-b830-a2afa0fe520b,0.16,false,false,near_mint,en,USD,2026-04-18T06:38:00.932Z
Bulk,binder,Waterbending Lesson,TLA,Avatar: The Last Airbender,80,normal,common,1,108207,4f81e3b5-a0a9-4764-8c2d-b499ce1740b4,0.21,false,false,near_mint,en,USD,2026-04-18T06:38:00.933Z
Bulk,binder,Zuko's Exile,TLA,Avatar: The Last Airbender,3,normal,common,1,109489,9090b055-3406-4fed-a8c6-3f6353a9600e,0.19,false,false,near_mint,en,USD,2026-04-18T06:38:00.934Z
Bulk,binder,"Flopsie, Bumi's Buddy",TLA,Avatar: The Last Airbender,179,normal,uncommon,1,108156,082f4abc-c09f-42cf-977f-060875dfd411,0.22,false,false,near_mint,en,USD,2026-04-18T06:38:00.935Z
Bulk,binder,Jet's Brainwashing,TLA,Avatar: The Last Airbender,143,normal,uncommon,1,109519,b17e8bdb-4b91-4a9d-bfe1-8a55f0bd040b,0.14,false,false,near_mint,en,USD,2026-04-18T06:38:00.937Z
Bulk,binder,Zuko's Conviction,TLA,Avatar: The Last Airbender,123,normal,uncommon,1,109923,ad8933d6-cdc7-4d60-a78e-b43ffecfb136,0.23,false,false,near_mint,en,USD,2026-04-18T06:38:00.938Z
Bulk,binder,Platypus-Bear,TLA,Avatar: The Last Airbender,236,normal,common,1,109474,7ebf742a-3995-4b22-9dc7-b05f57889683,0.08,false,false,near_mint,en,USD,2026-04-18T06:38:00.941Z
Bulk,binder,Corrupt Court Official,TLA,Avatar: The Last Airbender,92,normal,common,1,108198,4692610e-d64c-438e-b5ad-0cf67fd57f1f,0.12,false,false,near_mint,en,USD,2026-04-18T06:38:00.942Z
Bulk,binder,Razor Rings,TLA,Avatar: The Last Airbender,33,normal,common,2,108265,b05cfee5-ee59-4df6-a5f6-d9ef0fa7f98a,0.1,false,false,near_mint,en,USD,2026-04-18T06:38:00.943Z
Bulk,binder,Giant Koi,TLA,Avatar: The Last Airbender,53,normal,common,1,108186,3938ec1f-979c-48e5-bb13-bebace006a8f,0.11,false,false,near_mint,en,USD,2026-04-18T06:38:00.944Z
Bulk,binder,Otter-Penguin,TLA,Avatar: The Last Airbender,67,normal,common,2,108200,480b6279-bb34-4b3f-a639-868b52af92b9,0.13,false,false,near_mint,en,USD,2026-04-18T06:38:00.945Z
Bulk,binder,"Zuko, Exiled Prince",TLA,Avatar: The Last Airbender,163,normal,uncommon,1,108221,6a73b372-9c0e-4a85-89d2-440163330687,0.25,false,false,near_mint,en,USD,2026-04-18T06:38:00.946Z
Bulk,binder,South Pole Voyager,TLA,Avatar: The Last Airbender,35,normal,rare,1,109696,4b5ad895-be8d-476b-91ca-22fad7a3cc58,0.32,false,false,near_mint,en,USD,2026-04-18T06:38:00.949Z
Bulk,binder,Rocky Rebuke,TLA,Avatar: The Last Airbender,193,normal,common,1,108211,52fd910f-6d42-41f5-a4be-f375aa254ea2,0.17,false,false,near_mint,en,USD,2026-04-18T06:38:00.951Z
Bulk,binder,Barrels of Blasting Jelly,TLA,Avatar: The Last Airbender,254,normal,common,1,108208,4fd83083-3779-41f0-90a0-a00e3270e4e6,0.12,false,false,near_mint,en,USD,2026-04-18T06:38:00.952Z
Bulk,binder,Lost Days,TLA,Avatar: The Last Airbender,62,normal,common,1,109559,db8e88e3-0931-403f-90e7-3c22c0b61dac,0.1,false,false,near_mint,en,USD,2026-04-18T06:38:00.954Z
Bulk,binder,Sold Out,TLA,Avatar: The Last Airbender,119,normal,common,1,109389,1affba6d-2cca-4cdf-8690-1e23ffbe8462,0.04,false,false,near_mint,en,USD,2026-04-18T06:38:00.955Z
Bulk,binder,Geyser Leaper,TLA,Avatar: The Last Airbender,52,normal,common,1,108205,4d25428d-e5a5-43c4-8544-43120ed1c4d5,0.1,false,false,near_mint,en,USD,2026-04-18T06:38:00.956Z
Bulk,binder,Cycle of Renewal,TLA,Avatar: The Last Airbender,170,normal,common,1,109398,233f4a05-057b-48f4-8f56-8d4a060a40e4,0.29,false,false,near_mint,en,USD,2026-04-18T06:38:00.961Z
Bulk,binder,Ember Island Production,TLA,Avatar: The Last Airbender,48,normal,uncommon,1,109379,0f79a7fc-36b1-4397-8e67-6638379d3a38,0.27,false,false,near_mint,en,USD,2026-04-18T06:38:00.966Z
Bulk,binder,Combustion Man,TLA,Avatar: The Last Airbender,127,normal,uncommon,1,109740,86f7399d-6876-4e85-ba34-ff1f97dc144a,0.24,false,false,near_mint,en,USD,2026-04-18T06:38:00.967Z
Bulk,binder,Water Tribe Rallier,TLA,Avatar: The Last Airbender,42,normal,uncommon,1,109430,4e744b6c-1c2f-451a-818a-5ee7785b5213,0.22,false,false,near_mint,en,USD,2026-04-18T06:38:00.968Z
Bulk,binder,Firebending Lesson,TLA,Avatar: The Last Airbender,138,normal,common,2,109926,fa940e68-010e-4b68-be8a-555d7068f7b4,0.22,false,false,near_mint,en,USD,2026-04-18T06:38:00.970Z
Bulk,binder,Badgermole,TLA,Avatar: The Last Airbender,166,normal,common,1,108260,aabbd420-b7fc-496f-9168-bad823d51d9e,0.16,false,false,near_mint,en,USD,2026-04-18T06:38:00.971Z
Bulk,binder,Pretending Poxbearers,TLA,Avatar: The Last Airbender,237,normal,common,1,108282,d1af91a5-8681-4a05-910d-96f7a819bfaa,0.05,false,false,near_mint,en,USD,2026-04-18T06:38:00.973Z
Bulk,binder,Dai Li Indoctrination,TLA,Avatar: The Last Airbender,93,normal,common,1,108299,eca652b8-44f1-4bd9-b4bf-036eeead13aa,0.12,false,false,near_mint,en,USD,2026-04-18T06:38:00.975Z
Bulk,binder,"Professor Zei, Anthropologist",TLA,Avatar: The Last Airbender,238,normal,uncommon,1,109662,27baccc0-7e25-4f39-be0d-31cd98ca0dc5,0.19,false,false,near_mint,en,USD,2026-04-18T06:38:00.977Z
Bulk,binder,"Long Feng, Grand Secretariat",TLA,Avatar: The Last Airbender,233,normal,uncommon,1,108257,a3eb92fe-bc59-4472-9028-f368bd015609,0.15,false,false,near_mint,en,USD,2026-04-18T06:38:00.978Z
Bulk,binder,Ruinous Waterbending,TLA,Avatar: The Last Airbender,118,normal,uncommon,1,109702,53161747-c82b-41e8-90ea-7791ea262a85,0.21,false,false,near_mint,en,USD,2026-04-18T06:38:00.979Z
Bulk,binder,"Mai, Jaded Edge",TLA,Avatar: The Last Airbender,147,normal,uncommon,1,109463,732e6bc9-0798-4c00-aea0-5ef4298b45f5,0.14,false,false,near_mint,en,USD,2026-04-18T06:38:00.980Z
Bulk,binder,Pillar Launch,TLA,Avatar: The Last Airbender,189,normal,common,1,108303,f177e9cc-0c41-417d-9215-5ff23a1a0657,0.19,false,false,near_mint,en,USD,2026-04-18T06:38:00.981Z
Bulk,binder,Lightning Strike,TLA,Avatar: The Last Airbender,146,normal,common,1,108213,5787b0e0-9469-4a6d-8b81-c992628e28c0,0.25,false,false,near_mint,en,USD,2026-04-18T06:38:00.982Z
Bulk,binder,Iguana Parrot,TLA,Avatar: The Last Airbender,56,normal,common,1,108235,7faa3e3d-c08a-4908-85ef-1370d3f90815,0.15,false,false,near_mint,en,USD,2026-04-18T06:38:00.985Z
Bulk,binder,Deadly Precision,TLA,Avatar: The Last Airbender,95,normal,common,1,109422,4661daf6-d960-4278-8946-70948efaf99d,0.15,false,false,near_mint,en,USD,2026-04-18T06:38:00.986Z
Bulk,binder,"Bumi, King of Three Trials",TLA,Avatar: The Last Airbender,169,normal,uncommon,1,109758,a268697b-22b0-4e1b-a5b6-d9be95025e57,0.25,false,false,near_mint,en,USD,2026-04-18T06:38:00.988Z
Bulk,binder,Foggy Swamp Spirit Keeper,TLA,Avatar: The Last Airbender,222,normal,uncommon,1,109541,cd624be9-e960-4485-a8a9-2d5f2dd51777,0.13,false,false,near_mint,en,USD,2026-04-18T06:38:00.989Z
Bulk,binder,Earth Village Ruffians,TLA,Avatar: The Last Airbender,219,normal,common,1,108212,56d4e0b7-232f-4953-84a3-e6f17781aa45,0.1,false,false,near_mint,en,USD,2026-04-18T06:38:00.995Z
Bulk,binder,Beetle-Headed Merchants,TLA,Avatar: The Last Airbender,86,normal,common,1,108273,c2eed79f-38c1-4aac-9525-d54cb114f17f,0.11,false,false,near_mint,en,USD,2026-04-18T06:38:00.996Z
Bulk,binder,First-Time Flyer,TLA,Avatar: The Last Airbender,49,normal,common,1,108296,ea22d29d-3a62-4ae2-91d5-21a678be9b48,0.11,false,false,near_mint,en,USD,2026-04-18T06:38:00.998Z
Bulk,binder,Pirate Peddlers,TLA,Avatar: The Last Airbender,115,normal,common,1,109919,5c998994-6c3b-4f34-9b31-babba2b17266,0.15,false,false,near_mint,en,USD,2026-04-18T06:38:00.999Z
Bulk,binder,Dai Li Agents,TLA,Avatar: The Last Airbender,306,normal,uncommon,1,109476,82822ac1-9288-4bac-8afd-83563e693731,0.21,false,false,near_mint,en,USD,2026-04-18T06:38:01.000Z
Bulk,binder,"Hei Bai, Spirit of Balance",TLA,Avatar: The Last Airbender,225,normal,uncommon,1,108153,060d24e0-1567-41f1-ae8c-2d3b1834df3c,0.15,false,false,near_mint,en,USD,2026-04-18T06:38:01.001Z
Bulk,binder,Kyoshi Island Plaza,TLA,Avatar: The Last Airbender,184,normal,uncommon,1,109752,9c25ea98-9823-4487-bf6b-ee29ce5a4ed8,0.28,false,false,near_mint,en,USD,2026-04-18T06:38:01.002Z
Bulk,binder,Fire Nation Cadets,TLA,Avatar: The Last Airbender,134,normal,common,1,109388,1a3a862c-9c9a-41cd-94d1-2d0cff22a6cd,0.15,false,false,near_mint,en,USD,2026-04-18T06:38:01.005Z
Bulk,binder,Earth Rumble Wrestlers,TLA,Avatar: The Last Airbender,218,normal,common,1,109466,74fca0b8-12e1-405f-b999-160d65fe0ade,0.09,false,false,near_mint,en,USD,2026-04-18T06:38:01.007Z
Bulk,binder,Avatar Enthusiasts,TLA,Avatar: The Last Airbender,11,normal,common,1,108124,7292e5f2-d5a1-4e39-8f75-eba471819f04,0.15,false,false,near_mint,en,USD,2026-04-18T06:38:01.009Z
Bulk,binder,Cat-Owl,TLA,Avatar: The Last Airbender,212,normal,common,1,108285,d7df3391-dbe5-4eb4-85c1-037c5f3ea971,0.12,false,false,near_mint,en,USD,2026-04-18T06:38:01.010Z
Bulk,binder,Serpent of the Pass,TLA,Avatar: The Last Airbender,70,normal,uncommon,1,108237,87595843-15bc-48bb-8a81-3e6ad924ed44,0.14,false,false,near_mint,en,USD,2026-04-18T06:38:01.012Z
Bulk,binder,Sparring Dummy,TLA,Avatar: The Last Airbender,197,normal,uncommon,1,109435,520f5a03-ff5a-43ed-8f15-cf24596d60cd,0.16,false,false,near_mint,en,USD,2026-04-18T06:38:01.013Z
Bulk,binder,Vindictive Warden,TLA,Avatar: The Last Airbender,249,normal,common,1,108159,0f34de05-39a9-425f-a3b4-3a9d46c917ac,0.15,false,false,near_mint,en,USD,2026-04-18T06:38:01.015Z
Bulk,binder,Boar-q-pine,TLA,Avatar: The Last Airbender,124,normal,common,1,109629,087a445c-5f63-45d6-83e8-20d22650db20,0.1,false,false,near_mint,en,USD,2026-04-18T06:38:01.016Z
Bulk,binder,Walltop Sentries,TLA,Avatar: The Last Airbender,202,normal,common,1,109818,e55f1c63-58f6-4e2b-aaeb-f2d5faca47a2,0.14,false,false,near_mint,en,USD,2026-04-18T06:38:01.017Z
Bulk,binder,Hog-Monkey,TLA,Avatar: The Last Airbender,104,normal,common,1,108206,4f442970-5355-4abf-8684-17daaa8e469b,0.14,false,false,near_mint,en,USD,2026-04-18T06:38:01.018Z
Bulk,binder,Compassionate Healer,TLA,Avatar: The Last Airbender,13,normal,common,1,109483,88d5f8fd-d4de-4e64-9b74-e53719ffbcdc,0.13,false,false,near_mint,en,USD,2026-04-18T06:38:01.019Z
Bulk,binder,Abandon Attachments,TLA,Avatar: The Last Airbender,205,normal,common,1,108228,74ca45a4-97ab-4255-9129-884e8b42b984,0.29,false,false,near_mint,en,USD,2026-04-18T06:38:01.028Z
Bulk,binder,Cloudshift,TLE,Avatar: The Last Airbender Eternal,152,normal,common,1,109718,6dc0c976-26d2-40c9-a571-c370e9139d1d,1.09,false,false,near_mint,en,USD,2026-04-18T06:38:01.032Z
Bulk,binder,Warship Scout,TLE,Avatar: The Last Airbender Eternal,285,normal,common,1,108307,f47fc407-5b7d-4c9d-90b4-3eb234f9f18b,0.23,false,false,near_mint,en,USD,2026-04-18T06:38:01.033Z
Bulk,binder,"The Duke, Rebel Sentry",TLE,Avatar: The Last Airbender Eternal,76,normal,uncommon,1,109796,cd9d91a8-7315-4355-af99-941f3cf7398c,0.27,false,false,near_mint,en,USD,2026-04-18T06:38:01.034Z
Bulk,binder,Channeled Force,IKO,Ikoria: Lair of Behemoths,180,normal,uncommon,1,49897,8918d24e-8ae8-4028-9f06-ba6fafcc717e,0.21,false,false,near_mint,en,USD,2026-04-18T06:38:01.035Z
Bulk,binder,Pyroceratops,IKO,Ikoria: Lair of Behemoths,130,normal,common,1,49947,f6599645-dbb5-4174-bd26-8556af6d89c3,0.14,false,false,near_mint,en,USD,2026-04-18T06:38:01.037Z
Bulk,binder,Equestrian Skill,SOI,Shadows over Innistrad,204,normal,common,1,8792,f9af14d1-a304-4744-9d6f-9ff5fcd92ad3,0.03,false,false,near_mint,en,USD,2026-04-18T06:38:01.038Z
Bulk,binder,Ivy Elemental,IKO,Ikoria: Lair of Behemoths,161,normal,uncommon,1,49916,8e8aea71-02aa-4799-86fb-efd2a36efc22,0.19,false,false,near_mint,en,USD,2026-04-18T06:38:01.039Z
Bulk,binder,Farfinder,IKO,Ikoria: Lair of Behemoths,2,normal,common,1,50075,53f63f40-46f1-4b9e-b447-ff9274f2b926,0.21,false,false,near_mint,en,USD,2026-04-18T06:38:01.040Z
Bulk,binder,Inspired Ultimatum,IKO,Ikoria: Lair of Behemoths,191,normal,rare,1,49886,dd64f064-8f05-41ef-b95b-1b723137f846,0.36,false,false,near_mint,en,USD,2026-04-18T06:38:01.042Z
Bulk,binder,Dreadwing Scavenger,FDN,Foundations,118,normal,uncommon,1,101252,e24d838b-ab48-410a-9a50-dbfea5da089b,0.19,false,false,near_mint,en,USD,2026-04-18T06:38:01.044Z
Bulk,binder,"Lightning, Security Sergeant",FIN,Final Fantasy,560,normal,rare,1,105920,4ad4dce3-6e43-4528-b570-85547d03164e,0.42,false,false,near_mint,en,USD,2026-04-18T06:38:01.046Z
Bulk,binder,Wartime Protestors,TLA,Avatar: The Last Airbender,160,normal,rare,1,109924,bac81940-d717-49ff-83b2-16a22bb2c988,0.3,false,false,near_mint,en,USD,2026-04-18T06:38:01.048Z
Bulk,binder,Origin of the Hidden Ones,ACR,Assassin's Creed,36,normal,uncommon,1,95296,14da80cd-d0b8-4094-bfe7-28811d655f8b,0.22,false,false,near_mint,en,USD,2026-04-18T06:38:01.050Z
Bulk,binder,Shadowed Caravel,XLN,Ixalan,246,normal,rare,1,3766,b28ab3ed-32cd-4168-9763-96884491aaa1,0.2,false,false,near_mint,en,USD,2026-04-18T06:38:01.052Z
Bulk,binder,"Jolene, Plundering Pugilist",OTJ,Outlaws of Thunder Junction,210,normal,uncommon,1,93443,fe30b5c8-4889-4350-bb1d-3e2a67d9dfb2,0.22,false,false,near_mint,en,USD,2026-04-18T06:38:01.053Z
Bulk,binder,Thriving Rhino,KLD,Kaladesh,171,normal,common,1,7472,5acf10ec-f2dd-4569-909b-ac52a9ed6adf,0.09,false,false,near_mint,en,USD,2026-04-18T06:38:01.055Z
Bulk,binder,Riparian Tiger,KLD,Kaladesh,167,normal,common,1,7476,ccf7e050-9631-431c-bcae-f74d91d537b0,0.13,false,false,near_mint,en,USD,2026-04-18T06:38:01.056Z
Bulk,binder,Aether Refinery,M3C,Modern Horizons 3 Commander,106,normal,rare,1,94575,aa729c01-bb58-491e-8c68-a7eb6ba883ee,0.32,false,false,near_mint,en,USD,2026-04-18T06:38:01.057Z
Bulk,binder,Blaster Hulk,M3C,Modern Horizons 3 Commander,107,normal,rare,1,94723,2995201b-22c7-425f-b793-fac54ad10fff,0.27,false,false,near_mint,en,USD,2026-04-18T06:38:01.058Z
Bulk,binder,Decoction Module,DRC,Aetherdrift Commander,128,normal,uncommon,1,102909,0e63512b-32a4-495a-8f8d-273e74505995,0.12,false,false,near_mint,en,USD,2026-04-18T06:38:01.059Z
Bulk,binder,Aetherworks Marvel,DRC,Aetherdrift Commander,123,normal,mythic,1,103237,b7e7eba5-8bd8-4c7d-8843-cae6c2ce0043,0.35,false,false,near_mint,en,USD,2026-04-18T06:38:01.060Z
Bulk,binder,Solar Transformer,DRC,Aetherdrift Commander,137,normal,uncommon,1,103382,fbc1c8dd-ea66-4dc3-8444-9f20758a45f7,0.32,false,false,near_mint,en,USD,2026-04-18T06:38:01.061Z
Bulk,binder,Stone Idol Generator,M3C,Modern Horizons 3 Commander,129,normal,rare,1,94814,cdf7fbd6-ec78-4d1b-a9fc-a6581e3afe27,0.3,false,false,near_mint,en,USD,2026-04-18T06:38:01.062Z
Bulk,binder,Gonti's Aether Heart,M3C,Modern Horizons 3 Commander,294,normal,mythic,1,94798,b2a3ac21-5e37-40c4-934a-4b00a5562b0e,0.46,false,false,near_mint,en,USD,2026-04-18T06:38:01.063Z
Bulk,binder,Conversion Apparatus,M3C,Modern Horizons 3 Commander,128,normal,rare,1,94738,41bcf6d0-4f72-4611-b9fc-2713b70ac618,0.33,false,false,near_mint,en,USD,2026-04-18T06:38:01.064Z
Bulk,binder,Lightning Runner,DRC,Aetherdrift Commander,103,normal,mythic,1,103130,80e06596-fb1a-4d89-8d91-c6b95014f132,0.33,false,false,near_mint,en,USD,2026-04-18T06:38:01.065Z
Bulk,binder,"Hama, the Bloodbender",TLA,Avatar: The Last Airbender,224,normal,uncommon,1,109461,6fa1197d-7b19-4d86-81e2-5c87de87757b,0.17,false,false,near_mint,en,USD,2026-04-18T06:38:01.066Z
Bulk,binder,Stolen Goods,OTC,Outlaws of Thunder Junction Commander,115,normal,rare,1,93605,495c8498-a446-4617-ae5e-f09ef63c7cb7,0.34,false,false,near_mint,en,USD,2026-04-18T06:38:01.067Z
Bulk,binder,Paranoid Delusions,GTC,Gatecrash,186,normal,common,1,16638,af406038-91ce-41fe-8b6d-55408a96d0a2,0.13,false,false,near_mint,en,USD,2026-04-18T06:38:01.068Z
Bulk,binder,The Trickster-God's Heist,KHM,Kaldheim,232,normal,uncommon,1,56861,4aa19a68-0d71-4123-a64d-8cb76f93cd74,0.23,false,false,near_mint,en,USD,2026-04-18T06:38:01.070Z
Bulk,binder,Murky Sewer,DSK,Duskmourn: House of Horror,263,normal,common,1,98632,6098d8be-4e3f-455d-8799-91435bf45a1c,0.15,false,false,near_mint,en,USD,2026-04-18T06:38:01.076Z
Bulk,binder,Izzet Guildgate,GRN,Guilds of Ravnica,252,normal,common,1,231,fc36bb2a-115d-4e24-a1e9-02b21773e945,0.16,false,false,near_mint,en,USD,2026-04-18T06:38:01.078Z
Bulk,binder,Forlorn Flats,OTJ,Outlaws of Thunder Junction,258,normal,common,2,93273,963c100e-4e12-438f-b5ae-14391406dff6,0.28,false,false,near_mint,en,USD,2026-04-18T06:38:01.082Z
Bulk,binder,Mistveil Plains,UMA,Ultimate Masters,247,normal,uncommon,1,43286,724acbe2-4c82-4360-a738-38cc6aa0c4a4,0.86,false,false,near_mint,en,USD,2026-04-18T06:38:01.084Z
Bulk,binder,Mishra's Foundry,BRO,The Brothers' War,378,foil,rare,1,75867,e91f9a1e-809b-4bc0-afca-c0c3755d130f,0.58,false,false,near_mint,en,USD,2026-04-18T06:38:01.085Z
Bulk,binder,Rumble Arena,TLA,Avatar: The Last Airbender,277,normal,common,1,109688,3f5d2c38-663c-4f64-8cfc-c102462e82ef,0.21,false,false,near_mint,en,USD,2026-04-18T06:38:01.088Z
Bulk,binder,Sinister Hideout,SPM,Marvel's Spider-Man,184,normal,common,1,108622,23190d7e-5165-49bd-b307-bf81877d228d,0.2,false,false,near_mint,en,USD,2026-04-18T06:38:01.089Z
Bulk,binder,Highland Lake,AKH,Amonkhet,282,normal,common,1,5403,7b64bd5c-d014-4a5e-bb71-7cee8756ae8c,0.09,false,false,near_mint,en,USD,2026-04-18T06:38:01.090Z
Bulk,binder,Fire Nation Palace,TLA,Avatar: The Last Airbender,268,normal,rare,1,109793,c91ac3f2-9fcd-4b41-a168-ae7f70b67d3c,1.74,false,false,near_mint,en,USD,2026-04-18T06:38:01.092Z
Bulk,binder,White Lotus Hideout,TLA,Avatar: The Last Airbender,281,normal,uncommon,1,109399,24d1e22c-0d99-4ed5-94f0-fd055fd8e2be,0.27,false,false,near_mint,en,USD,2026-04-18T06:38:01.093Z
Bulk,binder,Foggy Bottom Swamp,TLA,Avatar: The Last Airbender,269,normal,common,1,109396,226af626-873d-4bd2-b889-000f8316786f,0.21,false,false,near_mint,en,USD,2026-04-18T06:38:01.094Z
Bulk,binder,Serpent's Pass,TLA,Avatar: The Last Airbender,279,normal,common,1,109514,ad87bff5-9b8c-44e4-a6d3-8cc71be9640a,0.24,false,false,near_mint,en,USD,2026-04-18T06:38:01.095Z
Bulk,binder,Sun-Blessed Peak,TLA,Avatar: The Last Airbender,280,normal,common,1,109515,ae04c862-095f-41d2-8aef-21036d5a0cdc,0.26,false,false,near_mint,en,USD,2026-04-18T06:38:01.096Z
Bulk,binder,Meditation Pools,TLA,Avatar: The Last Airbender,272,normal,common,1,109540,cc078fc6-4470-473f-9e24-d2c470e09141,0.22,false,false,near_mint,en,USD,2026-04-18T06:38:01.098Z
Bulk,binder,Airship Engine Room,TLA,Avatar: The Last Airbender,265,normal,common,1,109375,0b98ba34-f251-4bd0-9d75-1d4445be5cfd,0.27,false,false,near_mint,en,USD,2026-04-18T06:38:01.100Z
Bulk,binder,Snare Tactician,IKO,Ikoria: Lair of Behemoths,30,normal,common,2,50047,5f640e0c-298d-4a5f-94d0-d839cf06ca86,0.03,false,false,near_mint,en,USD,2026-04-18T06:38:00.475Z
Bulk,binder,Gatstaf Arsonists // Gatstaf Ravagers,SOI,Shadows over Innistrad,158,normal,common,2,8838,6ab67098-d3d5-4799-ae03-c734244f370e,0.05,false,false,near_mint,en,USD,2026-04-18T06:38:00.479Z
Bulk,binder,Reduce to Ashes,CLU,Ravnica: Clue Edition,145,normal,common,2,90812,3e2a218b-2d22-4ffa-860c-27f461480fcd,0.14,false,false,near_mint,en,USD,2026-04-18T06:38:00.485Z
Bulk,binder,Alms of the Vein,SOI,Shadows over Innistrad,98,normal,common,2,8898,79b80948-a3cd-4962-8fce-d58f2db7e68e,0.47,false,false,near_mint,en,USD,2026-04-18T06:38:00.486Z
Bulk,binder,Ghoulcaller's Accomplice,UMA,Ultimate Masters,96,normal,common,2,43408,4e27974c-1279-486f-8e14-b326cd90cb06,0.04,false,false,near_mint,en,USD,2026-04-18T06:38:00.487Z
Bulk,binder,Rabid Bite,M20,Core Set 2020,190,normal,common,2,45271,f0d8ff93-6f62-4695-85ad-d70a0b928e92,0.1,false,false,near_mint,en,USD,2026-04-18T06:38:00.488Z
Bulk,binder,Survive the Night,SOI,Shadows over Innistrad,41,normal,common,2,8955,5cb4a0bc-196a-466b-a704-377f5c7eb5b7,0.06,false,false,near_mint,en,USD,2026-04-18T06:38:00.490Z
Bulk,binder,Silent Observer,SOI,Shadows over Innistrad,86,normal,common,3,8910,535e3d1b-b71b-406a-bec6-73b2cb45f6c8,0.04,false,false,near_mint,en,USD,2026-04-18T06:38:00.491Z
Bulk,binder,Catalog,SOI,Shadows over Innistrad,51,normal,common,2,8945,1b069516-1465-4acf-b4b9-ca7f1238b4fe,0.05,false,false,near_mint,en,USD,2026-04-18T06:38:00.503Z
Bulk,binder,Inspiring Captain,INR,Innistrad Remastered,28,normal,common,2,102855,fb56d6ab-50bf-4407-9f30-595ef7ae9492,0.05,false,false,near_mint,en,USD,2026-04-18T06:38:00.504Z
Bulk,binder,Lava Serpent,IKO,Ikoria: Lair of Behemoths,124,normal,common,2,49953,00ebd57f-7f7c-41b0-aa56-511c1816bc14,0.13,false,false,near_mint,en,USD,2026-04-18T06:38:00.510Z
Bulk,binder,Essence Scatter,IKO,Ikoria: Lair of Behemoths,49,normal,common,2,50028,5f79c8a0-291e-4e13-b765-4cf8c726cf30,0.15,false,false,near_mint,en,USD,2026-04-18T06:38:00.511Z
Bulk,binder,Frostveil Ambush,IKO,Ikoria: Lair of Behemoths,52,normal,common,2,50025,deef1197-e40a-4c9d-919a-213f1bdf3e3e,0.1,false,false,near_mint,en,USD,2026-04-18T06:38:00.512Z
Bulk,binder,Helica Glider,IKO,Ikoria: Lair of Behemoths,15,normal,common,2,50062,8fc88fe0-2424-49a7-9abf-4773a547d010,0.09,false,false,near_mint,en,USD,2026-04-18T06:38:00.514Z
Bulk,binder,Sudden Spinnerets,IKO,Ikoria: Lair of Behemoths,171,normal,common,2,49906,3730996a-96d2-4311-a4dc-0045a2f8ccc9,0.1,false,false,near_mint,en,USD,2026-04-18T06:38:00.517Z
Bulk,binder,Startling Development,IKO,Ikoria: Lair of Behemoths,68,normal,common,2,50009,a12680db-957f-48c1-9062-2edd9115ba26,0.05,false,false,near_mint,en,USD,2026-04-18T06:38:00.539Z
Bulk,binder,Forest,IKO,Ikoria: Lair of Behemoths,272,normal,common,2,49805,9c348494-f60c-4bd1-9077-bff24f2e634b,0.55,false,false,near_mint,en,USD,2026-04-18T06:38:00.556Z
Bulk,binder,Twins of Maurer Estate,UMA,Ultimate Masters,118,normal,common,2,43391,f689e20a-2c24-44a3-9e1b-7717df3d1948,0.09,false,false,near_mint,en,USD,2026-04-18T06:38:00.654Z
Bulk,binder,Undercity Dire Rat,FIN,Final Fantasy,123,normal,common,5,106270,274788f4-fbf3-4a15-bdc0-f513a2fde30d,0.21,false,false,near_mint,en,USD,2026-04-18T06:38:00.664Z
Bulk,binder,Dwarven Castle Guard,FIN,Final Fantasy,18,normal,common,5,106454,e17c0d27-e88d-4ba9-acbb-3f916cee3d7e,0.1,false,false,near_mint,en,USD,2026-04-18T06:38:00.665Z
Bulk,binder,Sage's Nouliths,FIN,Final Fantasy,70,normal,common,5,106088,a12ff7c3-6ae0-4098-9240-ff3fd16a5288,0.15,false,false,near_mint,en,USD,2026-04-18T06:38:00.666Z
Bulk,binder,Magic Pot,FIN,Final Fantasy,263,normal,common,5,106553,57d07ca0-5618-4a90-a605-ca14a193ce3b,0.08,false,false,near_mint,en,USD,2026-04-18T06:38:00.667Z
Bulk,binder,Cloudbound Moogle,FIN,Final Fantasy,11,normal,common,5,106283,7387bca7-f496-45da-a0ac-6be049303a8f,0.14,false,false,near_mint,en,USD,2026-04-18T06:38:00.681Z
Bulk,binder,Crystal Fragments // Summon: Alexander,FIN,Final Fantasy,13,normal,uncommon,2,106434,5f51c853-949d-44e9-a3a2-02e1ce69a147,0.19,false,false,near_mint,en,USD,2026-04-18T06:38:00.711Z
Bulk,binder,Hill Gigas,FIN,Final Fantasy,141,normal,common,6,106529,2a8b3e1e-5c10-4360-ac1c-83b2e026278c,0.06,false,false,near_mint,en,USD,2026-04-18T06:38:00.722Z
Bulk,binder,Item Shopkeep,FIN,Final Fantasy,142,normal,common,5,106293,bd2db3f5-fd0d-4817-af90-6bea1f07e16b,0.11,false,false,near_mint,en,USD,2026-04-18T06:38:00.723Z
Bulk,binder,Gysahl Greens,FIN,Final Fantasy,190,normal,common,6,106494,020dee17-d85b-44c4-9faa-b1ef977956f4,0.13,false,false,near_mint,en,USD,2026-04-18T06:38:00.725Z
Bulk,binder,Gran Pulse Ochu,FIN,Final Fantasy,189,normal,common,5,106547,4dced21f-478c-4500-9484-af5864dea5cc,0.15,false,false,near_mint,en,USD,2026-04-18T06:38:00.732Z
Bulk,binder,Slash of Light,FIN,Final Fantasy,32,normal,common,5,106662,da6d9529-3cb0-4adc-8209-b9b02db3bf54,0.12,false,false,near_mint,en,USD,2026-04-18T06:38:00.749Z
Bulk,binder,White Auracite,FIN,Final Fantasy,41,normal,common,5,105873,2df6f515-9d21-4769-b1c4-c219611bccbb,0.18,false,false,near_mint,en,USD,2026-04-18T06:38:00.751Z
Bulk,binder,"Quina, Qu Gourmet",FIN,Final Fantasy,194,normal,uncommon,3,106341,4f352b5e-9731-4a8e-b872-db5d3bf32211,0.2,false,false,near_mint,en,USD,2026-04-18T06:38:00.760Z
Bulk,binder,Scorpion Sentinel,FIN,Final Fantasy,72,normal,common,5,106503,08ab5220-e5c1-472e-8217-97fd60e1773c,0.06,false,false,near_mint,en,USD,2026-04-18T06:38:00.766Z
Bulk,binder,Gaius van Baelsar,FIN,Final Fantasy,102,normal,uncommon,3,106446,a4ee8ba5-6a79-4652-b2a4-a3dae804bc28,0.15,false,false,near_mint,en,USD,2026-04-18T06:38:00.768Z
Bulk,binder,Rise of the Varmints,OTJ,Outlaws of Thunder Junction,179,normal,uncommon,7,93423,f4e879d8-a058-48e8-9733-f58b1e0da4b9,0.11,false,false,near_mint,en,USD,2026-04-18T06:38:00.771Z
Bulk,binder,Judge Magister Gabranth,FIN,Final Fantasy,230,normal,uncommon,3,106688,f9e64cb6-48f7-41d3-99e7-4b0bc3b33fd7,0.19,false,false,near_mint,en,USD,2026-04-18T06:38:00.783Z
Bulk,binder,Commune with Beavers,FIN,Final Fantasy,182,normal,common,5,105641,784287c2-43c5-4210-93ae-cdd33b9acb1b,0.13,false,false,near_mint,en,USD,2026-04-18T06:38:00.843Z
Bulk,binder,Azula Always Lies,TLA,Avatar: The Last Airbender,84,normal,common,2,108194,416b9207-a2af-44d1-9b87-4943f6e46d42,0.22,false,false,near_mint,en,USD,2026-04-18T06:38:00.931Z
Bulk,binder,White Lotus Reinforcements,TLA,Avatar: The Last Airbender,251,normal,uncommon,2,109428,4c7e3e2f-d7ac-4d40-ab84-cb7efe06a316,0.22,false,false,near_mint,en,USD,2026-04-18T06:38:00.948Z
Bulk,binder,Forecasting Fortune Teller,TLA,Avatar: The Last Airbender,51,normal,common,2,109366,023e7ad4-6af0-4f29-a716-27a313974227,0.08,false,false,near_mint,en,USD,2026-04-18T06:38:00.964Z
Bulk,binder,Aang's Journey,TLA,Avatar: The Last Airbender,1,normal,common,2,108119,5e51f727-5a9b-4bc7-83a9-dbcf1c933e15,0.22,false,false,near_mint,en,USD,2026-04-18T06:38:00.972Z
Bulk,binder,Rowdy Snowballers,TLA,Avatar: The Last Airbender,68,normal,common,2,108165,17d71522-b133-4003-b787-0c742a2fd70e,0.09,false,false,near_mint,en,USD,2026-04-18T06:38:00.974Z
Bulk,binder,Yip Yip!,TLA,Avatar: The Last Airbender,43,normal,common,2,109420,43f4b10e-165b-4100-82f3-728e1b0c78ed,0.16,false,false,near_mint,en,USD,2026-04-18T06:38:00.976Z
Bulk,binder,Curious Farm Animals,TLA,Avatar: The Last Airbender,14,normal,common,2,109654,2402d759-84b6-41d2-ad78-9333974e9222,0.18,false,false,near_mint,en,USD,2026-04-18T06:38:00.987Z
Bulk,binder,Raucous Audience,TLA,Avatar: The Last Airbender,190,normal,common,2,108279,ccd03ec3-0fae-48b2-9f04-9c57d2f94267,0.22,false,false,near_mint,en,USD,2026-04-18T06:38:00.992Z
Bulk,binder,Callous Inspector,TLA,Avatar: The Last Airbender,89,normal,common,2,109579,f22610e9-6b14-4914-bb67-bd6723bec9aa,0.15,false,false,near_mint,en,USD,2026-04-18T06:38:01.008Z
Bulk,binder,Boiling Rock Prison,TLA,Avatar: The Last Airbender,267,normal,common,3,109390,1c2e2220-54d1-4180-93a0-964e3b0ba8b8,0.2,false,false,near_mint,en,USD,2026-04-18T06:38:01.097Z
Bulk,binder,Clay Revenant,BRO,The Brothers' War,118,normal,common,1,75914,fc295bac-5031-46c8-8d9a-368656bcf6d3,0.12,false,false,near_mint,en,USD,2026-04-18T12:01:00.664Z
Bulk,binder,Repulse,OTP,Breaking News,13,normal,uncommon,1,93246,88941ed3-1cae-47ce-8ccb-938c5d0e767f,0.14,false,false,near_mint,en,USD,2026-04-18T12:01:00.666Z
Bulk,binder,Highway Robbery,OTJ,Outlaws of Thunder Junction,129,normal,common,1,93110,31a88429-9204-4a23-a7a8-babbd6bab79f,0.35,false,false,near_mint,en,USD,2026-04-18T12:01:00.669Z
Bulk,binder,Mystical Tether,OTJ,Outlaws of Thunder Junction,19,normal,common,1,93064,18344498-952e-489c-8b03-bd1bef4c26ca,0.05,false,false,near_mint,en,USD,2026-04-18T12:01:00.670Z
Bulk,binder,Drover Grizzly,OTJ,Outlaws of Thunder Junction,161,normal,common,1,93167,560062cd-34f8-4d30-9e25-099b03961724,0.21,false,false,near_mint,en,USD,2026-04-18T12:01:00.671Z
Bulk,binder,Nezumi Linkbreaker,OTJ,Outlaws of Thunder Junction,96,normal,common,1,93207,6dd0095b-6136-4368-94cb-4c82621aaf37,0.25,false,false,near_mint,en,USD,2026-04-18T12:01:00.672Z
Bulk,binder,Peerless Ropemaster,OTJ,Outlaws of Thunder Junction,60,normal,common,1,93304,ae044509-2f31-4506-a124-0e445b7181a2,0.03,false,false,near_mint,en,USD,2026-04-18T12:01:00.673Z
Bulk,binder,Vengeful Townsfolk,OTJ,Outlaws of Thunder Junction,37,normal,common,1,93102,2df404af-571a-4867-83f5-bb4163b433ff,0.06,false,false,near_mint,en,USD,2026-04-18T12:01:00.674Z
Bulk,binder,Ankle Biter,OTJ,Outlaws of Thunder Junction,153,normal,common,1,93136,424972d6-3b2c-449b-b786-749a77020fa1,0.33,false,false,near_mint,en,USD,2026-04-18T12:01:00.675Z
Bulk,binder,Make Your Own Luck,OTJ,Outlaws of Thunder Junction,218,normal,uncommon,1,93032,0557b0a3-2b48-408f-a508-9f4da2ab1cd1,0.14,false,false,near_mint,en,USD,2026-04-18T12:01:00.676Z
Bulk,binder,Lively Dirge,OTJ,Outlaws of Thunder Junction,93,normal,uncommon,1,93038,0c35a0d3-12f7-46f3-a6b3-02a490d45ca0,1.03,false,false,near_mint,en,USD,2026-04-18T12:01:00.677Z
Bulk,binder,Claim Jumper,OTJ,Outlaws of Thunder Junction,8,normal,rare,1,93191,654ade6b-0369-4b90-a744-2f57a45b04f4,0.97,false,false,near_mint,en,USD,2026-04-18T12:01:00.679Z
Bulk,binder,Heartless Pillage,OTP,Breaking News,14,normal,uncommon,1,93355,d06a1a70-aa26-4178-8486-e0a25c907cdb,0.19,false,false,near_mint,en,USD,2026-04-18T12:01:00.680Z
Bulk,binder,"Jem Lightfoote, Sky Explorer",OTJ,Outlaws of Thunder Junction,209,normal,uncommon,1,93385,e24fe6dc-662a-4abc-ad60-a1959b2be006,0.12,false,false,near_mint,en,USD,2026-04-18T12:01:00.681Z
Bulk,binder,Soured Springs,OTJ,Outlaws of Thunder Junction,264,normal,common,1,93195,67daa31c-d9c4-4c22-b29c-1b8a17d577e5,0.28,false,false,near_mint,en,USD,2026-04-18T12:01:00.682Z
Bulk,binder,Voracious Varmint,OTJ,Outlaws of Thunder Junction,188,normal,common,1,93279,99b74fa3-c1d7-4780-977d-f2d6663a529a,0.1,false,false,near_mint,en,USD,2026-04-18T12:01:00.683Z
Bulk,binder,Skulduggery,OTJ,Outlaws of Thunder Junction,107,normal,common,1,93030,03709166-164a-4075-ad0d-ea3b516ab771,0.05,false,false,near_mint,en,USD,2026-04-18T12:01:00.686Z
Bulk,binder,Daring Thunder-Thief,OTJ,Outlaws of Thunder Junction,41,normal,common,1,93310,b41a2bf7-248c-4f8b-92ec-3010d276cb59,0.12,false,false,near_mint,en,USD,2026-04-18T12:01:00.688Z
Bulk,binder,Quick Draw,OTJ,Outlaws of Thunder Junction,138,normal,common,1,93168,56399cd0-1214-42b6-be38-f2cbd770915f,0.17,false,false,near_mint,en,USD,2026-04-18T12:01:00.689Z
Bulk,binder,Magebane Lizard,OTJ,Outlaws of Thunder Junction,134,normal,uncommon,1,93189,62e12566-375f-4f31-aa91-1b13a96d9ece,0.41,false,false,near_mint,en,USD,2026-04-18T12:01:00.691Z
Bulk,binder,Bucolic Ranch,OTJ,Outlaws of Thunder Junction,265,normal,uncommon,1,93202,6c4f6b81-53d0-49fb-b404-c2ad67de7493,0.17,false,false,near_mint,en,USD,2026-04-18T12:01:00.692Z
Bulk,binder,Jagged Barrens,OTJ,Outlaws of Thunder Junction,259,normal,common,1,93178,5d809f5b-d965-4cb1-a9f8-2048f8534373,0.47,false,false,near_mint,en,USD,2026-04-18T12:01:00.694Z
Bulk,binder,Prickly Pair,OTJ,Outlaws of Thunder Junction,137,normal,common,1,93398,e70f2278-8857-46e4-aa2b-fff5589b750f,0.03,false,false,near_mint,en,USD,2026-04-18T12:01:00.695Z
Bulk,binder,Steer Clear,OTJ,Outlaws of Thunder Junction,31,normal,common,1,93160,523a4d6e-122b-49b4-bf3d-17d29c0007fb,0.05,false,false,near_mint,en,USD,2026-04-18T12:01:00.696Z
Bulk,binder,Reach for the Sky,OTJ,Outlaws of Thunder Junction,178,normal,common,1,93408,eb871985-a11b-4dfe-b0e3-898888c86277,0.1,false,false,near_mint,en,USD,2026-04-18T12:01:00.697Z
Bulk,binder,Djinn of Fool's Fall,OTJ,Outlaws of Thunder Junction,43,normal,common,1,93146,48bfc6af-c651-485e-a1cc-f9d00aeaf812,0.03,false,false,near_mint,en,USD,2026-04-18T12:01:00.699Z
Bulk,binder,Boneyard Desecrator,OTJ,Outlaws of Thunder Junction,81,normal,common,1,93361,d43981b1-60c8-4896-8885-b07e73b99b30,0.11,false,false,near_mint,en,USD,2026-04-18T12:01:00.700Z
Bulk,binder,Overzealous Muscle,OTJ,Outlaws of Thunder Junction,97,normal,common,1,93353,ce57d977-e9c5-4ed1-915f-cdc90a54f8f8,0.03,false,false,near_mint,en,USD,2026-04-18T12:01:00.701Z
Bulk,binder,"Kraum, Violent Cacophony",OTJ,Outlaws of Thunder Junction,214,normal,uncommon,1,93270,958a3e6b-7e20-40ea-8b2c-7c728934b5e5,0.24,false,false,near_mint,en,USD,2026-04-18T12:01:00.702Z
Bulk,binder,Rictus Robber,OTJ,Outlaws of Thunder Junction,102,normal,uncommon,1,93090,252def94-2d89-48f7-8ff7-9c8682ca3ec6,0.07,false,false,near_mint,en,USD,2026-04-18T12:01:00.703Z
Bulk,binder,Treasure Dredger,OTJ,Outlaws of Thunder Junction,110,normal,uncommon,1,93342,c88df498-147c-4609-8a94-d8d10a87e37c,0.12,false,false,near_mint,en,USD,2026-04-18T12:01:00.704Z
Bulk,binder,Voidpouncer,MH3,Modern Horizons 3,143,normal,common,1,94841,1f9b8532-4f1a-4653-9cbb-befba8169e5a,0.17,false,false,near_mint,en,USD,2026-04-18T12:01:00.707Z
Bulk,binder,Refurbished Familiar,MH3,Modern Horizons 3,105,normal,common,1,94881,b338e078-629c-4cac-bd1d-e1f0a132728d,0.31,false,false,near_mint,en,USD,2026-04-18T12:01:00.708Z
Bulk,binder,Serum Visionary,MH3,Modern Horizons 3,69,normal,common,1,94330,08a587f5-5910-405e-8982-c889dbbc7f98,0.16,false,false,near_mint,en,USD,2026-04-18T12:01:00.709Z
Bulk,binder,Malevolent Rumble,MH3,Modern Horizons 3,161,normal,common,1,94878,a178cfe8-f9fa-4255-88d0-54a0bed079f5,0.37,false,false,near_mint,en,USD,2026-04-18T12:01:00.710Z
Bulk,binder,Solstice Zealot,MH3,Modern Horizons 3,43,normal,common,1,94893,f10539e3-d4bc-4f71-a00f-8e94bb97509d,0.09,false,false,near_mint,en,USD,2026-04-18T12:01:00.711Z
Bulk,binder,Snapping Voidcraw,MH3,Modern Horizons 3,204,normal,common,1,94870,9185371c-2dde-48ad-ab27-08be04b3c522,0.19,false,false,near_mint,en,USD,2026-04-18T12:01:00.712Z
Bulk,binder,Bountiful Landscape,TDC,Tarkir: Dragonstorm Commander,342,normal,common,1,105048,f1c99617-6e38-4af7-a064-6db9a5e2cc6a,0.24,false,false,near_mint,en,USD,2026-04-18T12:01:00.713Z
Bulk,binder,Wastescape Battlemage,MH3,Modern Horizons 3,17,normal,uncommon,1,94493,6bc119b8-429c-4ab6-adba-b65b03810e98,0.18,false,false,near_mint,en,USD,2026-04-18T12:01:00.714Z
Bulk,binder,Guardian of the Forgotten,MH3,Modern Horizons 3,28,normal,uncommon,1,94514,8032c909-3170-45ab-a552-a8dc683b0a6e,0.08,false,false,near_mint,en,USD,2026-04-18T12:01:00.715Z
Bulk,binder,Reef Worm,MH3,Modern Horizons 3,271,normal,uncommon,1,94378,25576181-a5a4-4baf-a2b4-fbfe13fb9df6,0.22,false,false,near_mint,en,USD,2026-04-18T12:01:00.716Z
Bulk,binder,Volatile Stormdrake,MH3,Modern Horizons 3,79,normal,rare,1,94397,2e6e3232-8bb8-4504-9597-dfdfc6d634bd,0.4,false,false,near_mint,en,USD,2026-04-18T12:01:00.717Z
Bulk,binder,Skittering Precursor,MH3,Modern Horizons 3,137,normal,uncommon,1,94793,a3a3b943-7b38-4316-87d9-15e0c08abea5,0.17,false,false,near_mint,en,USD,2026-04-18T12:01:00.718Z
Bulk,binder,Commercial District,MKM,Murders at Karlov Manor,259,normal,rare,1,91168,bf220c06-3cce-4bdd-aa58-83940c223e9c,7.8,false,false,near_mint,en,USD,2026-04-18T12:01:00.720Z
Bulk,binder,Intrude on the Mind,MKM,Murders at Karlov Manor,61,normal,mythic,1,91330,fbe62f47-df17-4646-88ca-89a8ec4deee9,0.25,false,false,near_mint,en,USD,2026-04-18T12:01:00.721Z
Bulk,binder,Behind the Mask,MKM,Murders at Karlov Manor,39,normal,common,1,91264,e522b043-fbd8-48a4-9f20-39e2a66a35ec,0.05,false,false,near_mint,en,USD,2026-04-18T12:01:00.722Z
Bulk,binder,Shard of Broken Glass,SOI,Shadows over Innistrad,262,normal,common,1,8734,7a4924d7-f787-474b-beca-3b369903485c,0.12,false,false,near_mint,en,USD,2026-04-18T12:01:00.723Z
Bulk,binder,Inside Source,MKM,Murders at Karlov Manor,19,normal,common,1,90675,1548d181-3f83-457a-b2d3-eb88cfb2afda,0.02,false,false,near_mint,en,USD,2026-04-18T12:01:00.724Z
Bulk,binder,Rakish Scoundrel,MKM,Murders at Karlov Manor,225,normal,common,1,90937,6aaa8c6b-7ef7-45db-99c9-4a6e7f177b94,0.04,false,false,near_mint,en,USD,2026-04-18T12:01:00.725Z
Bulk,binder,Unscrupulous Agent,MKM,Murders at Karlov Manor,109,normal,common,1,90789,37692f9a-3825-43aa-aacb-1bb92cb5bd07,0.07,false,false,near_mint,en,USD,2026-04-18T12:01:00.726Z
Bulk,binder,Nervous Gardener,MKM,Murders at Karlov Manor,169,normal,common,1,91056,93b747c7-b342-47f8-a190-16c393b20607,0.18,false,false,near_mint,en,USD,2026-04-18T12:01:00.727Z
Bulk,binder,The Chase Is On,MKM,Murders at Karlov Manor,116,normal,common,1,90693,1d54d596-f7aa-4b05-ab13-19b246698c04,0.03,false,false,near_mint,en,USD,2026-04-18T12:01:00.728Z
Bulk,binder,Out Cold,MKM,Murders at Karlov Manor,66,normal,common,1,91114,aabfada0-3c1b-4237-b06c-573071ccd68d,0.25,false,false,near_mint,en,USD,2026-04-18T12:01:00.729Z
Bulk,binder,Deadly Complication,MKM,Murders at Karlov Manor,195,normal,uncommon,1,90993,7c68981c-037c-42e7-9b7f-6f07edab5f2e,0.04,false,false,near_mint,en,USD,2026-04-18T12:01:00.730Z
Bulk,binder,Branch of Vitu-Ghazi,MKM,Murders at Karlov Manor,258,normal,uncommon,1,90969,73a8169f-b858-47a5-9c76-2e7c50ad4ecd,0.12,false,false,near_mint,en,USD,2026-04-18T12:01:00.731Z
Bulk,binder,Essence of Antiquity,MKM,Murders at Karlov Manor,15,normal,uncommon,1,91123,aee2945d-bf6d-4328-a482-df24c2973b56,0.1,false,false,near_mint,en,USD,2026-04-18T12:01:00.732Z
Bulk,binder,Beifong's Bounty Hunters,TLA,Avatar: The Last Airbender,209,normal,rare,1,109431,4f88ec3a-44a7-4ae5-a68c-24294dabaeed,0.3,false,false,near_mint,en,USD,2026-04-18T12:01:00.733Z
Bulk,binder,Trench Stalker,BRO,The Brothers' War,116,normal,common,1,75698,aa1b987a-a3b9-4cd1-85b0-e58df4130934,0.07,false,false,near_mint,en,USD,2026-04-18T12:01:00.734Z
Bulk,binder,Corrupt,BRO,The Brothers' War,88,normal,uncommon,1,75775,c92ea561-80da-4fe1-ad87-ce47d9eb80bc,0.08,false,false,near_mint,en,USD,2026-04-18T12:01:00.735Z
Bulk,binder,Gix's Caress,BRO,The Brothers' War,96,normal,common,1,75882,f1140cb9-6c48-4054-966e-5cc02aa7d5a4,0.04,false,false,near_mint,en,USD,2026-04-18T12:01:00.736Z
Bulk,binder,Chromatic Star,2XM,Double Masters,239,normal,common,1,51817,117fded3-1157-41a3-b37a-e76dcd1b5447,0.32,false,false,near_mint,en,USD,2026-04-18T12:01:00.737Z
Bulk,binder,Hurkyl's Final Meditation,BRO,The Brothers' War,52,normal,rare,1,75460,5577f345-9577-42f8-b244-089b9a7c2e56,0.11,false,false,near_mint,en,USD,2026-04-18T12:01:00.738Z
Bulk,binder,Shoot Down,BRO,The Brothers' War,190,normal,common,1,75334,20014a1c-197c-4e04-94b2-874886183e2f,0.04,false,false,near_mint,en,USD,2026-04-18T12:01:00.745Z
Bulk,binder,Whirling Strike,BRO,The Brothers' War,157,normal,common,1,75715,b17950ae-43aa-4d03-a41e-726ca96eb1ba,0.16,false,false,near_mint,en,USD,2026-04-18T12:01:00.746Z
Bulk,binder,Union of the Third Path,BRO,The Brothers' War,31,normal,common,1,75430,486a0745-7360-4cc9-9cc2-30c0eda6e00c,0.21,false,false,near_mint,en,USD,2026-04-18T12:01:00.748Z
Bulk,binder,Carrion Locust,BRO,The Brothers' War,87,normal,common,1,75516,6759acb8-82c0-479f-86f3-f22ca7a2006c,0.05,false,false,near_mint,en,USD,2026-04-18T12:01:00.752Z
Bulk,binder,Kill-Zone Acrobat,BRO,The Brothers' War,106,normal,common,1,75431,48f97974-bb65-46b0-a710-12fa4b9343ac,0.04,false,false,near_mint,en,USD,2026-04-18T12:01:00.753Z
Bulk,binder,Burrowing Razormaw,BRO,The Brothers' War,173,normal,common,1,75691,a7c8c73c-ee2e-4aa9-aa6c-42cf9d58d9cc,0.03,false,false,near_mint,en,USD,2026-04-18T12:01:00.754Z
Bulk,binder,Bitter Reunion,OTC,Outlaws of Thunder Junction Commander,156,normal,common,1,93620,4ef0b4dc-5a15-4de6-9c27-0e21148c0797,0.42,false,false,near_mint,en,USD,2026-04-18T12:01:00.755Z
Bulk,binder,Desynchronize,BRO,The Brothers' War,46,normal,common,1,75427,46e101e5-2b20-48dd-aac4-15a3c32a7441,0.05,false,false,near_mint,en,USD,2026-04-18T12:01:00.756Z
Bulk,binder,Emergency Weld,BRO,The Brothers' War,93,normal,common,1,75875,ec94d440-3922-4588-bf7b-d8670f81ef4e,0.09,false,false,near_mint,en,USD,2026-04-18T12:01:00.757Z
Bulk,binder,Thran Power Suit,BRO,The Brothers' War,253,normal,uncommon,1,75308,17bfb8c5-9105-41e4-a58f-9c9eee32b18a,0.68,false,false,near_mint,en,USD,2026-04-18T12:01:00.759Z
Bulk,binder,Calamity's Wake,BRO,The Brothers' War,4,normal,uncommon,1,75265,013bed2b-25db-4dfc-9283-e80c9ac6c841,0.16,false,false,near_mint,en,USD,2026-04-18T12:01:00.760Z
Bulk,binder,Gnawing Vermin,BRO,The Brothers' War,101,normal,uncommon,1,75367,2fa2fa48-ddb7-45f0-b183-4186df98f7cc,0.31,false,false,near_mint,en,USD,2026-04-18T12:01:00.761Z
Bulk,binder,Military Discipline,BRO,The Brothers' War,17,normal,common,1,75640,94778e17-87c4-4765-b2f0-40455069f2c4,0.13,false,false,near_mint,en,USD,2026-04-18T12:01:00.765Z
Bulk,binder,Goring Warplow,BRO,The Brothers' War,120,normal,common,1,75667,9d927dfd-ae66-4235-a61b-39c85d0c1222,0.06,false,false,near_mint,en,USD,2026-04-18T12:01:00.766Z
Bulk,binder,Rust Goliath,BRO,The Brothers' War,204,normal,common,1,75597,8348f73d-4226-4296-9d51-a2c497ee8270,0.11,false,false,near_mint,en,USD,2026-04-18T12:01:00.767Z
Bulk,binder,Conscripted Infantry,BRO,The Brothers' War,129,normal,common,1,75895,f50b0449-8ff7-4549-893b-aeca93720c64,0.05,false,false,near_mint,en,USD,2026-04-18T12:01:00.768Z
Bulk,binder,Mightstone's Animation,BRO,The Brothers' War,58,normal,common,1,75616,8c540e42-22e2-4127-bbd9-2e9200023fec,0.08,false,false,near_mint,en,USD,2026-04-18T12:01:00.769Z
Bulk,binder,Elsewhere Flask,SHM,Shadowmoor,250,normal,common,1,24616,9273a17d-114b-4d54-a2a5-1047df8caa9d,0.3,false,false,near_mint,en,USD,2026-04-18T12:01:00.770Z
Bulk,binder,Flow of Knowledge,BRO,The Brothers' War,49,normal,uncommon,1,75489,5ea316f3-4a68-4cd4-a388-da9d0455d0a9,0.29,false,false,near_mint,en,USD,2026-04-18T12:01:00.772Z
Bulk,binder,Gaea's Courser,BRO,The Brothers' War,181,normal,uncommon,1,75313,1a0b94e5-d270-4820-83b9-1d346d378ff8,0.04,false,false,near_mint,en,USD,2026-04-18T12:01:00.773Z
Bulk,binder,Veteran's Powerblade,BRO,The Brothers' War,41,normal,common,1,75505,64d823e1-a7d6-4296-94c8-b8ba9b4daa38,0.08,false,false,near_mint,en,USD,2026-04-18T12:01:00.776Z
Bulk,binder,Gixian Infiltrator,BRO,The Brothers' War,98,normal,common,1,75776,c94a3317-7d1f-4f29-8353-180f1ab48d18,0.13,false,false,near_mint,en,USD,2026-04-18T12:01:00.777Z
Bulk,binder,Mishra's Juggernaut,BRO,The Brothers' War,161,normal,common,1,75720,b30457c3-57df-4720-8b45-962f16316d17,0.07,false,false,near_mint,en,USD,2026-04-18T12:01:00.779Z
Bulk,binder,Koilos Roc,BRO,The Brothers' War,55,normal,common,1,75873,ebdbcb87-c6ea-477f-a560-c175d99e21b8,0.06,false,false,near_mint,en,USD,2026-04-18T12:01:00.780Z
Bulk,binder,Deadly Riposte,FDN,Foundations,492,normal,common,1,101535,65f5804a-075b-41d8-9639-785cad5c0974,0.15,false,false,near_mint,en,USD,2026-04-18T12:01:00.782Z
Bulk,binder,Heavyweight Demolisher,BRO,The Brothers' War,160,normal,uncommon,1,75901,f72de800-b28e-42c4-a3ca-5ec3a765d807,0.08,false,false,near_mint,en,USD,2026-04-18T12:01:00.783Z
Bulk,binder,Take Flight,BRO,The Brothers' War,65,normal,uncommon,1,75426,46a2108e-e45e-4b21-a03b-5f644b6043be,0.06,false,false,near_mint,en,USD,2026-04-18T12:01:00.784Z
Bulk,binder,Tawnos's Tinkering,BRO,The Brothers' War,191,normal,common,1,75706,acbd975d-52f8-4fba-bf97-b8837413edd8,0.03,false,false,near_mint,en,USD,2026-04-18T12:01:00.788Z
Bulk,binder,Penregon Strongbull,BRO,The Brothers' War,147,normal,common,1,75324,1c2deb43-7134-4f9c-b02d-78407a8986b1,0.12,false,false,near_mint,en,USD,2026-04-18T12:01:00.789Z
Bulk,binder,Recommission,BRO,The Brothers' War,22,normal,common,1,75358,2a64e330-1257-4ec3-9a75-889cdcac3ade,0.31,false,false,near_mint,en,USD,2026-04-18T12:01:00.790Z
Bulk,binder,Goblin Firebomb,FDN,Foundations,562,normal,common,1,101515,55ab3f99-9541-4100-818c-5d9e916791e4,0.13,false,false,near_mint,en,USD,2026-04-18T12:01:00.791Z
Bulk,binder,Soul-Guide Lantern,BRR,The Brothers' War Retro Artifacts,117,normal,uncommon,1,75944,3679928a-279e-4e7b-972d-70f37511f126,0.36,false,false,near_mint,en,USD,2026-04-18T12:01:00.792Z
Bulk,binder,Hall of Tagsin,BRO,The Brothers' War,263,normal,rare,1,75692,a8007012-39c5-4247-ba77-1cfcaade37fa,0.41,false,false,near_mint,en,USD,2026-04-18T12:01:00.793Z
Bulk,binder,Repair and Recharge,BRO,The Brothers' War,24,normal,uncommon,1,75275,04ff4a4b-4e86-41d1-a6b6-312aac0d3e1a,0.14,false,false,near_mint,en,USD,2026-04-18T12:01:00.794Z
Bulk,binder,Obstinate Baloth,BRO,The Brothers' War,187,normal,uncommon,1,75841,e1b7809f-f3a3-439e-8bae-c083842de1bf,0.18,false,false,near_mint,en,USD,2026-04-18T12:01:00.796Z
Bulk,binder,Snow Villiers,FIN,Final Fantasy,33,normal,uncommon,1,106537,399bb699-e61d-4b41-b6e9-e594cbad6194,0.13,false,false,near_mint,en,USD,2026-04-18T12:01:00.809Z
Bulk,binder,Summon: G.F. Ifrit,FIN,Final Fantasy,369,normal,common,1,106525,25c3ce9a-39e5-4273-ba67-224a837b75e7,0.21,false,false,near_mint,en,USD,2026-04-18T12:01:00.840Z
Bulk,binder,The Gold Saucer,FIN,Final Fantasy,279,normal,uncommon,1,106551,5363c881-443d-43df-afd8-f81e1a1741a2,0.27,false,false,near_mint,en,USD,2026-04-18T12:01:00.867Z
Bulk,binder,"Kain, Traitorous Dragoon",FIN,Final Fantasy,105,normal,rare,1,105761,f8c86be0-e1b3-4a78-9254-238dd936914b,0.3,false,false,near_mint,en,USD,2026-04-18T12:01:00.868Z
Bulk,binder,"Cid, Timeless Artificer",FIN,Final Fantasy,419,normal,uncommon,1,105644,7d8b2dfc-ecaf-403b-932f-a5efc8b713e6,2.41,false,false,near_mint,en,USD,2026-04-18T12:01:00.878Z
Bulk,binder,"Edgar, King of Figaro",FIN,Final Fantasy,51,normal,rare,1,106443,950ee302-5512-43c5-ac7c-b2b06f4177bf,0.31,false,false,near_mint,en,USD,2026-04-18T12:01:00.902Z
Bulk,binder,Boggart Prankster,ECL,Lorwyn Eclipsed,93,normal,common,1,110861,eb228ea6-9235-4093-aea7-708e743b1b44,0.06,false,false,near_mint,en,USD,2026-04-18T12:01:00.933Z
Bulk,binder,Wary Farmer,ECL,Lorwyn Eclipsed,251,normal,common,1,110457,22d20c0d-176d-49c9-aa0b-2c5778548cc5,0.06,false,false,near_mint,en,USD,2026-04-18T12:01:00.935Z
Bulk,binder,Tend the Sprigs,ECL,Lorwyn Eclipsed,197,normal,common,1,110324,388f6d9d-bb9a-4a3d-93c5-701db194863c,0.21,false,false,near_mint,en,USD,2026-04-18T12:01:00.940Z
Bulk,binder,Gangly Stompling,ECL,Lorwyn Eclipsed,226,normal,common,1,110497,502000a7-a3c1-4259-aea5-ff01724396a1,0.2,false,false,near_mint,en,USD,2026-04-18T12:01:00.949Z
Bulk,binder,Hovel Hurler,ECL,Lorwyn Eclipsed,230,normal,uncommon,1,110594,adc6a4c5-4e92-43ee-8d0c-204042965eb7,0.08,false,false,near_mint,en,USD,2026-04-18T12:01:00.959Z
Bulk,binder,Sygg's Command,ECL,Lorwyn Eclipsed,244,normal,rare,1,110786,8bc13fc2-e254-4db5-ad4d-f92711a1a6ca,0.23,false,false,near_mint,en,USD,2026-04-18T12:01:00.960Z
Bulk,binder,Deepchannel Duelist,ECL,Lorwyn Eclipsed,213,normal,uncommon,1,110698,1b742172-7118-45e7-9945-62bd77d94e85,0.22,false,false,near_mint,en,USD,2026-04-18T12:01:00.961Z
Bulk,binder,Sting-Slinger,ECL,Lorwyn Eclipsed,161,normal,uncommon,1,110722,386c5f73-fb8f-46c8-ad45-56e2c19b7d1f,0.13,false,false,near_mint,en,USD,2026-04-18T12:01:00.965Z
Bulk,binder,Personify,ECL,Lorwyn Eclipsed,28,normal,uncommon,1,110299,1172582d-fb2d-4022-95b1-e48b03df3a95,0.28,false,false,near_mint,en,USD,2026-04-18T12:01:00.967Z
Bulk,binder,Prismabasher,ECL,Lorwyn Eclipsed,188,normal,uncommon,1,110761,65c057a7-70af-4464-bd8d-1e7e158d1ae7,0.16,false,false,near_mint,en,USD,2026-04-18T12:01:00.968Z
Bulk,binder,"Scarlet Spider, Ben Reilly",SPM,Marvel's Spider-Man,142,normal,rare,1,108593,ee771581-f867-48d7-9ddb-897a1ffcdf0a,0.4,false,false,near_mint,en,USD,2026-04-18T12:01:00.969Z
Bulk,binder,Tyranid Invasion,40K,"Warhammer 40,000 Commander",102,normal,uncommon,1,72417,7082df45-6c2f-4a92-8c73-a582e9ea1948,0.24,false,false,near_mint,en,USD,2026-04-18T12:01:00.970Z
Bulk,binder,Wildwood Scourge,FDN,Foundations,236,normal,uncommon,1,100359,36359fb6-fb8c-4382-8555-e348422f116c,0.25,false,false,near_mint,en,USD,2026-04-18T12:01:00.971Z
Bulk,binder,Cinderheart Giant,KHM,Kaldheim,126,normal,common,1,57122,e4802e6c-6921-4dac-bf44-7e09d6942b71,0.07,false,false,near_mint,en,USD,2026-04-18T12:01:00.972Z
Bulk,binder,Avatar Destiny,TLA,Avatar: The Last Airbender,165,normal,rare,1,109697,4d74da72-8443-4fce-9d64-d2041f6a3292,0.3,false,false,near_mint,en,USD,2026-04-18T12:01:00.973Z
Bulk,binder,Fire Nation Attacks,TLA,Avatar: The Last Airbender,299,normal,uncommon,1,109577,ed94f384-ebd2-4c30-a9bb-9cf793d9a810,0.22,false,false,near_mint,en,USD,2026-04-18T12:01:00.975Z
Bulk,binder,Watery Grasp,TLA,Avatar: The Last Airbender,82,normal,common,1,108177,26bcff57-428e-4f30-a153-a778fbfc437d,0.16,false,false,near_mint,en,USD,2026-04-18T12:01:00.981Z
Bulk,binder,Swampsnare Trap,TLA,Avatar: The Last Airbender,120,normal,common,1,109709,6348b6bf-08a7-45f0-8b2d-2827ab89f21c,0.12,false,false,near_mint,en,USD,2026-04-18T12:01:00.982Z
Bulk,binder,Rydia's Return,FIN,Final Fantasy,198,normal,uncommon,1,106718,40a06165-2835-4610-86a1-7f684992fcf2,0.13,false,false,near_mint,en,USD,2026-04-18T12:01:00.993Z
Bulk,binder,Ignis Scientia,FIN,Final Fantasy,227,normal,uncommon,1,106627,ab4f9721-5b2c-4371-98a5-3f6714265e57,0.13,false,false,near_mint,en,USD,2026-04-18T12:01:01.016Z
Bulk,binder,"Cid, Timeless Artificer",FIN,Final Fantasy,411,normal,uncommon,1,105650,8200a5e1-0c8b-45a4-b468-03e5067e9f81,2.88,false,false,near_mint,en,USD,2026-04-18T12:01:01.017Z
Bulk,binder,Steel Seraph,BRO,The Brothers' War,38,normal,rare,1,75321,1b6ef5f5-4058-4f89-a573-9e2da87a9f2e,1.13,false,false,near_mint,en,USD,2026-04-18T12:01:01.092Z
Bulk,binder,Curate,MKC,Murders at Karlov Manor Commander,99,normal,common,1,90413,78cd258b-431e-42f7-a938-76ebc80d528d,0.35,false,false,near_mint,en,USD,2026-04-18T12:01:01.093Z
Bulk,binder,"Titania, Voice of Gaea",BRO,The Brothers' War,193,normal,mythic,1,75831,deeb6a21-23b0-44f1-b70e-5899bb9d4a84,6.68,false,false,near_mint,en,USD,2026-04-18T12:01:01.094Z
Bulk,binder,Coastal Bulwark,BRO,The Brothers' War,76,normal,common,1,75843,e24567f8-d195-4547-bba4-7a8131dc7889,0.1,false,false,near_mint,en,USD,2026-04-18T12:01:01.095Z
Bulk,binder,Karn's Bastion,EOC,Edge of Eternities Commander,163,normal,rare,1,107243,22017ec2-3552-4865-af76-dba042b141f5,1.86,false,false,near_mint,en,USD,2026-04-18T12:01:01.096Z
Bulk,binder,Emergence Zone,WAR,War of the Spark,245,normal,uncommon,1,44159,ab95f6e7-b806-47fe-a071-6c38b3176d94,4.76,false,false,near_mint,en,USD,2026-04-18T12:01:01.097Z
Bulk,binder,Wrong Turn,CMR,Commander Legends,107,normal,rare,1,55631,3b69687d-191a-4bca-b1f7-eea27847c1af,0.43,false,false,near_mint,en,USD,2026-04-18T12:01:01.098Z
Bulk,binder,Mocking Doppelganger,CLB,Commander Legends: Battle for Baldur's Gate,667,normal,rare,1,69553,6c5f81d8-b189-4f6e-872f-a237bb872aa9,3.81,false,false,near_mint,en,USD,2026-04-18T12:01:01.099Z
Bulk,binder,Dissipation Field,CLB,Commander Legends: Battle for Baldur's Gate,718,normal,rare,1,69679,dd2d9f47-2bd2-4a97-90c7-beca18a8e7fa,2.35,false,false,near_mint,en,USD,2026-04-18T12:01:01.100Z
Bulk,binder,Domineering Will,CLB,Commander Legends: Battle for Baldur's Gate,719,normal,rare,1,69701,e8c3836d-a08b-424c-aefe-e1585161edf7,0.65,false,false,near_mint,en,USD,2026-04-18T12:01:01.101Z
Bulk,binder,Propaganda,ACR,Assassin's Creed,85,normal,uncommon,1,95356,4c7c9072-d14c-442c-a386-bfdc0cbe110d,3.14,false,false,near_mint,en,USD,2026-04-18T12:01:01.102Z
Bulk,binder,Dark Ritual,A25,Masters 25,82,normal,common,1,2634,95f27eeb-6f14-4db3-adb9-9be5ed76b34b,5.85,false,false,near_mint,en,USD,2026-04-18T12:01:01.103Z
Bulk,binder,Decanter of Endless Water,CLB,Commander Legends: Battle for Baldur's Gate,444,normal,common,1,69162,914b42b3-03af-4945-9f1f-46c09a1a2314,3.0,false,false,near_mint,en,USD,2026-04-18T12:01:01.104Z
Bulk,binder,Counterspell,DSC,Duskmourn: House of Horror Commander,114,normal,uncommon,1,99147,4f616706-ec97-4923-bb1e-11a69fbaa1f8,3.19,false,false,near_mint,en,USD,2026-04-18T12:01:01.105Z
Bulk,binder,Scavenger Grounds,FIC,Final Fantasy Commander,419,normal,rare,1,106098,a4e3f65d-8d73-4fd1-9de4-813ba6e40940,0.38,false,false,near_mint,en,USD,2026-04-18T12:01:01.106Z
Bulk,binder,An Offer You Can't Refuse,FDN,Foundations,160,normal,uncommon,1,100948,a829747f-cf9b-4d81-ba66-9f0630ed4565,1.75,false,false,near_mint,en,USD,2026-04-18T12:01:01.107Z
Bulk,binder,Spell Snare,ECL,Lorwyn Eclipsed,71,normal,uncommon,1,110399,b7551b61-656e-4f37-b9da-73174db983b7,0.3,false,false,near_mint,en,USD,2026-04-18T12:01:01.108Z
Bulk,binder,Darkness Descends,ECL,Lorwyn Eclipsed,97,normal,uncommon,1,110839,c8aa3895-df83-4f8e-9e23-1a665614b662,0.23,false,false,near_mint,en,USD,2026-04-18T12:01:01.109Z
Bulk,binder,Blitz Automaton,BRO,The Brothers' War,158,normal,common,1,75851,e4e5529a-848b-486c-97fb-1def35df7837,0.08,false,false,near_mint,en,USD,2026-04-18T12:01:01.113Z
Bulk,binder,Bushwhack,FDN,Foundations,215,normal,common,1,101469,03ebdb36-55e0-49dd-a514-785fbeb4ae19,0.28,false,false,near_mint,en,USD,2026-04-18T12:01:01.116Z
Bulk,binder,Scrapwork Mutt,BRO,The Brothers' War,164,normal,common,1,75428,4742800a-4872-4c2d-b884-01e0ba16950c,0.34,false,false,near_mint,en,USD,2026-04-18T12:01:01.119Z
Bulk,binder,Ba Sing Se,TLA,Avatar: The Last Airbender,266,normal,rare,1,109786,bdf3b2be-d0cd-4a3c-a10e-82d32c12d3bd,4.27,false,false,near_mint,en,USD,2026-04-18T12:01:01.122Z
Bulk,binder,Pitiless Horde,DTK,Dragons of Tarkir,112,normal,rare,1,11702,86263073-b585-4744-829d-5725e6a06cf2,0.11,false,false,near_mint,en,USD,2026-04-18T12:01:01.124Z
Bulk,binder,Mischievous Sneakling,ECL,Lorwyn Eclipsed,235,normal,common,1,110726,3b66fa00-2fa6-4060-9e7f-8e3fde6deb73,0.18,false,false,near_mint,en,USD,2026-04-18T12:01:01.134Z
Bulk,binder,Boggart Cursecrafter,ECL,Lorwyn Eclipsed,206,normal,uncommon,1,110820,b0b67eb9-0d88-4f2c-8063-e8bedfa78556,0.24,false,false,near_mint,en,USD,2026-04-18T12:01:01.139Z
Bulk,binder,Clachan Festival,ECL,Lorwyn Eclipsed,10,normal,uncommon,1,110714,324b5234-ffbf-4801-a475-8f693679ae2f,0.15,false,false,near_mint,en,USD,2026-04-18T12:01:01.155Z
Bulk,binder,Protective Response,ECL,Lorwyn Eclipsed,29,normal,uncommon,1,110688,113975e1-7712-4760-96ad-405f8b4e41e3,0.12,false,false,near_mint,en,USD,2026-04-18T12:01:01.158Z
Bulk,binder,Giantfall,ECL,Lorwyn Eclipsed,141,normal,uncommon,1,110697,1ac52728-adb3-4220-8392-73f7bd379ab4,0.21,false,false,near_mint,en,USD,2026-04-18T12:01:01.161Z
Bulk,binder,Scuzzback Scrounger,ECL,Lorwyn Eclipsed,153,normal,rare,1,110683,0ea4a895-19c0-47af-ad9c-5db88ea9ae05,0.72,false,false,near_mint,en,USD,2026-04-18T12:01:01.164Z
Bulk,binder,Enraged Flamecaster,ECL,Lorwyn Eclipsed,135,normal,common,1,110686,104baa2c-75c5-44fc-a3b9-b19efcf3d7c2,0.19,false,false,near_mint,en,USD,2026-04-18T12:01:01.167Z
Bulk,binder,Summit Sentinel,ECL,Lorwyn Eclipsed,73,normal,common,1,110776,81251057-f270-4f05-9dc5-205c70e1f295,0.05,false,false,near_mint,en,USD,2026-04-18T12:01:01.176Z
Bulk,binder,Champion of the Weird,ECL,Lorwyn Eclipsed,95,normal,rare,1,110421,e600dd01-65ac-489c-a52a-decbc3a9a4f3,0.27,false,false,near_mint,en,USD,2026-04-18T12:01:01.188Z
Bulk,binder,Sourbread Auntie,ECL,Lorwyn Eclipsed,158,normal,uncommon,1,110471,32fd226f-d1c6-432c-b846-9482f1944363,0.23,false,false,near_mint,en,USD,2026-04-18T12:01:01.195Z
Bulk,binder,Burdened Stoneback,ECL,Lorwyn Eclipsed,8,normal,uncommon,1,110470,3278b8d0-3d2b-4d3d-bbf1-fd9b714b53ed,0.12,false,false,near_mint,en,USD,2026-04-18T12:01:01.196Z
Bulk,binder,Barbed Bloodletter,ECL,Lorwyn Eclipsed,86,normal,common,1,110790,8ff1a13c-e338-42e9-8eb3-b303fabd67de,0.17,false,false,near_mint,en,USD,2026-04-18T12:01:01.199Z
Bulk,binder,Nature's Claim,FCA,Final Fantasy: Through the Ages,47,normal,uncommon,1,106366,d349901d-f9a6-4f09-a881-531c695cf1c4,0.4,false,false,near_mint,en,USD,2026-04-18T12:01:01.202Z
Bulk,binder,"Dion, Bahamut's Dominant // Bahamut, Warden of Light",FIN,Final Fantasy,16,normal,rare,1,106590,8c0f9306-2058-476d-a711-bd37a6e15e42,0.77,false,false,near_mint,en,USD,2026-04-18T12:01:01.213Z
Bulk,binder,"Danitha Capashen, Paragon",FCA,Final Fantasy: Through the Ages,22,normal,uncommon,1,106329,210ff924-215e-4ae8-8706-5af3891c6605,0.34,false,false,near_mint,en,USD,2026-04-18T12:01:01.214Z
Bulk,binder,Clash of the Eikons,FIN,Final Fantasy,341,normal,uncommon,1,106689,fa15ebf3-7ada-4e86-abc9-85dea83edb8c,0.28,false,false,near_mint,en,USD,2026-04-18T12:01:01.225Z
Bulk,binder,"Terra, Magical Adept // Esper Terra",FIN,Final Fantasy,245,normal,mythic,1,105766,fbd447aa-588d-4c4d-925e-a7d3bdf6a65c,2.3,false,false,near_mint,en,USD,2026-04-18T12:01:01.239Z
Bulk,binder,Hope Estheim,FIN,Final Fantasy,226,normal,rare,1,106693,fbdb68cc-5516-481a-94c5-59f6c69b8a17,0.37,false,false,near_mint,en,USD,2026-04-18T12:01:01.276Z
Bulk,binder,Serah Farron // Crystallized Serah,FIN,Final Fantasy,240,normal,rare,1,106344,62fa74c0-43ae-445c-8039-ca9d00e9709a,0.55,false,false,near_mint,en,USD,2026-04-18T12:01:01.298Z
Bulk,binder,"Ardyn, the Usurper",FIN,Final Fantasy,89,normal,rare,1,105607,4627072e-9c72-4084-8021-690777342548,1.29,false,false,near_mint,en,USD,2026-04-18T12:01:01.322Z
Bulk,binder,Boulderbranch Golem,BRO,The Brothers' War,197,normal,common,2,75535,6e6e5338-9b95-4ac7-a57c-5efaa6423531,0.15,false,false,near_mint,en,USD,2026-04-18T12:01:00.665Z
Bulk,binder,Sterling Supplier,OTJ,Outlaws of Thunder Junction,33,normal,common,2,93314,b6000be7-67db-440e-87ba-276df20b803e,0.05,false,false,near_mint,en,USD,2026-04-18T12:01:00.667Z
Bulk,binder,Trick Shot,OTJ,Outlaws of Thunder Junction,151,normal,common,2,93351,cd3c2d02-67ca-4858-9b7a-3cfe8a08356c,0.08,false,false,near_mint,en,USD,2026-04-18T12:01:00.684Z
Bulk,binder,Wanted Griffin,OTJ,Outlaws of Thunder Junction,38,normal,common,2,93187,624a176b-fe24-4441-8877-464cf172ccff,0.04,false,false,near_mint,en,USD,2026-04-18T12:01:00.687Z
Bulk,binder,Grub's Command,ECL,Lorwyn Eclipsed,228,normal,rare,2,110362,73013908-feff-495a-a62e-1e19548ffe6f,0.25,false,false,near_mint,en,USD,2026-04-18T12:01:00.706Z
Bulk,binder,Power Plant Worker,BRO,The Brothers' War,241,normal,common,2,75654,99965310-e4bd-40d9-80f5-3fd1754c61c5,0.19,false,false,near_mint,en,USD,2026-04-18T12:01:00.741Z
Bulk,binder,Powerstone Engineer,BRO,The Brothers' War,20,normal,common,2,75357,2901c5f6-5d83-437d-b434-d9beb115dd82,0.11,false,false,near_mint,en,USD,2026-04-18T12:01:00.742Z
Bulk,binder,Energy Refractor,BRO,The Brothers' War,234,normal,common,2,75783,cc2a81fb-5045-4b7b-8cfb-b90c4f4a1f51,0.11,false,false,near_mint,en,USD,2026-04-18T12:01:00.743Z
Bulk,binder,Aeronaut's Wings,BRO,The Brothers' War,231,normal,common,2,75919,fcc65821-e4e7-471c-941c-9d3e25ae8bb9,0.14,false,false,near_mint,en,USD,2026-04-18T12:01:00.762Z
Bulk,binder,Epic Confrontation,BRO,The Brothers' War,176,normal,common,2,75386,35ba6c05-a4c2-422b-a4cb-852b3aef77a5,0.04,false,false,near_mint,en,USD,2026-04-18T12:01:00.764Z
Bulk,binder,Weakstone's Subjugation,BRO,The Brothers' War,72,normal,common,2,75880,ef93ac79-8575-40f8-a222-63c2ffb30f60,0.08,false,false,near_mint,en,USD,2026-04-18T12:01:00.786Z
Bulk,binder,Swiftgear Drake,BRO,The Brothers' War,251,normal,common,2,75803,d5ae38a2-2f95-4750-9b59-53eb1771e5ab,0.06,false,false,near_mint,en,USD,2026-04-18T12:01:00.787Z
Bulk,binder,Aerith Rescue Mission,FIN,Final Fantasy,5,normal,common,3,106532,3123d16c-e1e6-4659-a7a3-2ec6efc6bf08,0.08,false,false,near_mint,en,USD,2026-04-18T12:01:00.805Z
Bulk,binder,Fight On!,FIN,Final Fantasy,100,normal,common,3,106673,e1b0739a-dcc4-4034-96d7-69e551b2f36b,0.18,false,false,near_mint,en,USD,2026-04-18T12:01:00.806Z
Bulk,binder,Summon: G.F. Ifrit,FIN,Final Fantasy,163,normal,common,3,106648,c6c73092-5195-4bdc-b039-a699f6e297b2,0.12,false,false,near_mint,en,USD,2026-04-18T12:01:00.812Z
Bulk,binder,Mysidian Elder,FIN,Final Fantasy,145,normal,common,3,106566,6bc39af4-be19-4889-b930-df7ebf7b9481,0.19,false,false,near_mint,en,USD,2026-04-18T12:01:00.847Z
Bulk,binder,Ice Magic,FIN,Final Fantasy,56,normal,common,3,105677,9dabd626-7ec3-4913-babb-d5d3fd5e32d5,0.16,false,false,near_mint,en,USD,2026-04-18T12:01:00.848Z
Bulk,binder,Tifa's Limit Break,FIN,Final Fantasy,207,normal,uncommon,2,106524,24d6eab7-22bd-494f-8cbe-204446f24be9,0.31,false,false,near_mint,en,USD,2026-04-18T12:01:00.887Z
Bulk,binder,Light of Judgment,FIN,Final Fantasy,144,normal,common,3,106600,98bb716d-ca66-445f-9cb3-0fc656c8ebff,0.14,false,false,near_mint,en,USD,2026-04-18T12:01:00.894Z
Bulk,binder,Lunatic Pandora,FIN,Final Fantasy,262,normal,common,2,106659,d6e1e3e7-20d4-42cb-ad22-60356b9e8fdc,0.17,false,false,near_mint,en,USD,2026-04-18T12:01:00.897Z
Bulk,binder,Loporrit Scout,FIN,Final Fantasy,192,normal,common,3,106612,a182bc66-bfda-4bf5-bd12-3de5dba60945,0.15,false,false,near_mint,en,USD,2026-04-18T12:01:00.909Z
Bulk,binder,Wanderwine Distracter,ECL,Lorwyn Eclipsed,82,normal,common,3,110624,cbf593a7-d4ae-4771-926a-3c1b2c8c901a,0.05,false,false,near_mint,en,USD,2026-04-18T12:01:00.931Z
Bulk,binder,Merrow Skyswimmer,ECL,Lorwyn Eclipsed,234,normal,common,3,110676,075b419a-fd44-4a9a-8c40-474562b7e11a,0.1,false,false,near_mint,en,USD,2026-04-18T12:01:00.932Z
Bulk,binder,Pummeler for Hire,ECL,Lorwyn Eclipsed,190,normal,uncommon,2,110735,42208996-7b99-474e-aba7-75190d7ee8e2,0.06,false,false,near_mint,en,USD,2026-04-18T12:01:00.942Z
Bulk,binder,Reluctant Dounguard,ECL,Lorwyn Eclipsed,31,normal,common,3,110849,dbce93c0-5efc-4b60-9cef-9d9b374d397b,0.08,false,false,near_mint,en,USD,2026-04-18T12:01:00.943Z
Bulk,binder,Timid Shieldbearer,ECL,Lorwyn Eclipsed,39,normal,common,2,110699,1c672d38-a1a6-4912-a9a6-b11e7bf0cc67,0.07,false,false,near_mint,en,USD,2026-04-18T12:01:00.945Z
Bulk,binder,Feed the Flames,ECL,Lorwyn Eclipsed,137,normal,common,3,110753,59740755-c353-4b6c-a84c-3b76133ce3ec,0.08,false,false,near_mint,en,USD,2026-04-18T12:01:00.946Z
Bulk,binder,Wanderbrine Preacher,ECL,Lorwyn Eclipsed,41,normal,common,2,110485,3fc3f5f2-5a83-4358-8f23-42f26f345140,0.12,false,false,near_mint,en,USD,2026-04-18T12:01:00.948Z
Bulk,binder,Warren Torchmaster,ECL,Lorwyn Eclipsed,163,normal,uncommon,2,110562,8f067a14-6667-4acf-b33d-e1149188a84d,0.22,false,false,near_mint,en,USD,2026-04-18T12:01:00.963Z
Bulk,binder,Flamebraider,ECL,Lorwyn Eclipsed,139,normal,uncommon,2,110604,b8aa428c-5a77-444f-b75e-a113e46fe4e0,0.2,false,false,near_mint,en,USD,2026-04-18T12:01:00.964Z
Bulk,binder,Chaos Spewer,ECL,Lorwyn Eclipsed,210,normal,common,2,110599,b5918fa5-1d13-447b-8838-633b6b61e791,0.11,false,false,near_mint,en,USD,2026-04-18T12:01:01.138Z
Bulk,binder,Gutsplitter Gang,ECL,Lorwyn Eclipsed,106,normal,uncommon,2,110578,9ff74349-693d-4373-a194-9796316dd1f1,0.15,false,false,near_mint,en,USD,2026-04-18T12:01:01.143Z
Bulk,binder,Auntie's Sentence,ECL,Lorwyn Eclipsed,85,normal,common,2,110856,e64bfe16-7362-4982-9136-1f4e0d335441,0.14,false,false,near_mint,en,USD,2026-04-18T12:01:01.145Z
Bulk,binder,Rimekin Recluse,ECL,Lorwyn Eclipsed,66,normal,uncommon,2,110827,ba6b5368-3262-4002-bf1e-fce62f7f7901,0.16,false,false,near_mint,en,USD,2026-04-18T12:01:01.147Z
Bulk,binder,Lofty Dreams,ECL,Lorwyn Eclipsed,58,normal,uncommon,2,110803,a2908ed1-517e-4f1a-94e5-b06fb033c1a6,0.06,false,false,near_mint,en,USD,2026-04-18T12:01:01.148Z
Bulk,binder,Burning Curiosity,ECL,Lorwyn Eclipsed,129,normal,common,2,110521,689ed288-6228-4d7e-b198-56a12b8be299,0.13,false,false,near_mint,en,USD,2026-04-18T12:01:01.166Z
Bulk,binder,Gravelgill Scoundrel,ECL,Lorwyn Eclipsed,53,normal,common,2,110713,320bc30c-7a8a-411a-9f36-9c69126e131b,0.06,false,false,near_mint,en,USD,2026-04-18T12:01:01.181Z
Bulk,binder,"Sin, Spira's Punishment",FIN,Final Fantasy,242,normal,rare,2,103790,659be746-bd31-4a70-8cec-7798da78b0b5,0.26,false,false,near_mint,en,USD,2026-04-18T12:01:01.227Z
Bulk,binder,Balamb T-Rexaur,FIN,Final Fantasy,173,normal,common,2,106456,e5857b1b-73bc-458e-b26b-7ed8bef785f3,0.16,false,false,near_mint,en,USD,2026-04-18T12:01:01.241Z
Bulk,binder,Airship Crash,FIN,Final Fantasy,171,normal,common,2,106680,ec91c4e4-711f-464d-bc83-e6813f4fdcdb,0.17,false,false,near_mint,en,USD,2026-04-18T12:01:01.253Z
Bulk,binder,Rinoa Heartilly,FIN,Final Fantasy,237,normal,uncommon,2,105701,ba79d293-bf42-48b6-a868-5249f4beeb76,0.13,false,false,near_mint,en,USD,2026-04-18T12:01:01.272Z
Bulk,binder,Bitter Triumph,SOA,Secrets of Strixhaven Mystical Archive,91,normal,uncommon,1,112503,bbd32228-41dc-48d9-8394-d84b367097ae,2.17,false,false,near_mint,en,USD,2026-04-21T16:01:03.826Z
Bulk,binder,Colorstorm Stallion,SOS,Secrets of Strixhaven,180,normal,rare,1,111768,f5b54d46-2caf-4d1b-8be1-dbd9e9dce058,0.69,false,false,near_mint,en,USD,2026-04-21T16:01:03.828Z
Bulk,binder,Nexus Mentality,SOC,Secrets of Strixhaven Commander,21,normal,rare,1,112148,d9ed2ef7-9433-4f2f-957b-b58d2ec391fe,4.9,false,false,near_mint,en,USD,2026-04-21T16:01:03.829Z
Bulk,binder,Sheoldred's Edict,SOA,Secrets of Strixhaven Mystical Archive,32,normal,rare,1,112699,dca66a1b-0acd-4b79-b5fe-16f2930f9c1b,2.57,false,false,near_mint,en,USD,2026-04-21T16:01:03.831Z
Bulk,binder,Borrowed Knowledge,SOS,Secrets of Strixhaven,178,normal,uncommon,1,112298,a3226e14-554d-47c9-b8b6-dfeb53cc41ba,0.24,false,false,near_mint,en,USD,2026-04-21T16:01:03.837Z
Bulk,binder,Stand Up for Yourself,SOS,Secrets of Strixhaven,34,normal,uncommon,1,112384,b756ca13-b904-4510-9bbb-5bc2864abfbd,0.27,false,false,near_mint,en,USD,2026-04-21T16:01:03.838Z
Bulk,binder,Encouraging Aviator // Jump,SOS,Secrets of Strixhaven,46,normal,uncommon,1,112361,72654b84-9902-41db-92ab-a3499c31221c,0.25,false,false,near_mint,en,USD,2026-04-21T16:01:03.839Z
Bulk,binder,Repel Calamity,SOA,Secrets of Strixhaven Mystical Archive,73,normal,uncommon,1,112555,f562d7c8-e9c2-49df-84f5-b59344774320,1.16,false,false,near_mint,en,USD,2026-04-21T16:01:03.840Z
Bulk,binder,Spell Pierce,SOA,Secrets of Strixhaven Mystical Archive,23,normal,uncommon,1,112504,bc8f80e2-dd9d-4abc-b44c-fbef4d403e6f,0.24,false,false,near_mint,en,USD,2026-04-21T16:01:03.841Z
Bulk,binder,Comforting Counsel,SOS,Secrets of Strixhaven,143,normal,rare,1,112612,5223a04f-6b47-4379-80ce-8489c4a91734,0.3,false,false,near_mint,en,USD,2026-04-21T16:01:03.842Z
Bulk,binder,Turbulent Moor,SOC,Secrets of Strixhaven Commander,56,normal,rare,1,112149,da54562d-8c09-4728-bb2b-ae8d464106b8,6.81,false,false,near_mint,en,USD,2026-04-21T16:01:03.843Z
Bulk,binder,Crop Rotation,SOA,Secrets of Strixhaven Mystical Archive,116,normal,rare,1,112524,d62222aa-2f38-4692-b359-0c7cfc6416a9,19.03,false,false,near_mint,en,USD,2026-04-21T16:01:03.845Z
Bulk,binder,Harmonized Trio // Brainstorm,SOS,Secrets of Strixhaven,52,normal,rare,1,112353,617208ff-dd9b-44fd-a740-d3188081e5cc,0.84,false,false,near_mint,en,USD,2026-04-21T16:01:03.846Z
Bulk,binder,Titan's Grave,SOS,Secrets of Strixhaven,266,normal,common,1,112068,a9ab41c8-3ee2-4676-9b8b-20c34d9f5f21,0.27,false,false,near_mint,en,USD,2026-04-21T16:01:03.850Z
Bulk,binder,Matterbending Mage,SOS,Secrets of Strixhaven,59,normal,uncommon,1,112606,460c6afd-cddf-4fea-925f-b27517ff250a,0.26,false,false,near_mint,en,USD,2026-04-21T16:01:03.851Z
Bulk,binder,Bulk Up,SOA,Secrets of Strixhaven Mystical Archive,40,normal,uncommon,1,112533,e86fcad5-8150-4a76-b27e-47a9f05745c1,0.32,false,false,near_mint,en,USD,2026-04-21T16:01:03.854Z
Bulk,binder,Sleight of Hand,SOA,Secrets of Strixhaven Mystical Archive,87,normal,uncommon,1,112729,11a91b7a-108e-43b6-a08d-56f824e807dd,2.38,false,false,near_mint,en,USD,2026-04-21T16:01:03.855Z
Bulk,binder,Vicious Rivalry,SOS,Secrets of Strixhaven,241,normal,rare,1,112629,6fa9cd18-3181-4373-ab65-49bf9de9487f,0.57,false,false,near_mint,en,USD,2026-04-21T16:01:03.856Z
Bulk,binder,Renegade Bull,SOC,Secrets of Strixhaven Commander,36,normal,rare,1,112069,aa23e922-f44b-4af8-8ce0-bc1bc1e65bad,1.6,false,false,near_mint,en,USD,2026-04-21T16:01:03.857Z
Bulk,binder,Great Hall of the Biblioplex,SOS,Secrets of Strixhaven,257,normal,rare,1,111794,42d92674-2664-411c-b9c5-b04da7c845f4,0.46,false,false,near_mint,en,USD,2026-04-21T16:01:03.858Z
Bulk,binder,Armageddon,SOA,Secrets of Strixhaven Mystical Archive,68,normal,mythic,1,112551,cf980fc6-84ed-4c79-ba66-ecc6146a8085,15.47,false,false,near_mint,en,USD,2026-04-21T16:01:03.859Z
Bulk,binder,"Nita, Forum Conciliator",SOS,Secrets of Strixhaven,206,normal,rare,1,112540,fd80a87d-35d3-4ad1-8172-c85e93032d1d,0.25,false,false,near_mint,en,USD,2026-04-21T16:01:03.860Z
Bulk,binder,Deduce,SOA,Secrets of Strixhaven Mystical Archive,81,normal,uncommon,1,111799,5a8c7ae4-186b-45c5-a7b0-4b7eaf5b0f42,1.01,false,false,near_mint,en,USD,2026-04-21T16:01:03.868Z
Bulk,binder,Vastlands Scavenger // Bind to Life,SOS,Secrets of Strixhaven,166,normal,rare,1,112607,476b6a4d-cc05-4e98-8a45-a5c6582ec514,1.12,false,false,near_mint,en,USD,2026-04-21T16:01:03.870Z
Bulk,binder,Merchant of Venom,SOC,Secrets of Strixhaven Commander,27,normal,rare,1,112142,d60cf719-d5ce-46c3-bf92-24682b1c53bd,4.56,false,false,near_mint,en,USD,2026-04-21T16:01:03.871Z
Bulk,binder,Reprieve,SOA,Secrets of Strixhaven Mystical Archive,9,normal,rare,1,111793,426038f3-f21e-43a5-bea8-0cfd8658c009,0.8,false,false,near_mint,en,USD,2026-04-21T16:01:03.873Z
Bulk,binder,"Quandrix, the Proof",SOS,Secrets of Strixhaven,286,normal,mythic,1,111687,17dff19f-e732-44a3-907d-fa2982389653,20.35,false,false,near_mint,en,USD,2026-04-21T16:01:03.874Z
Bulk,binder,"Ennis, Debate Moderator",SOS,Secrets of Strixhaven,14,normal,uncommon,1,112521,d2ef31b4-24fa-4443-9f05-c8e99c3522e5,0.22,false,false,near_mint,en,USD,2026-04-21T16:01:03.879Z
Bulk,binder,Locust Spray,SOA,Secrets of Strixhaven Mystical Archive,31,normal,uncommon,1,112497,b221e1e9-7b14-4444-ac1c-3d5174c711e9,0.17,false,false,near_mint,en,USD,2026-04-21T16:01:03.882Z
Bulk,binder,Knockout Maneuver,SOA,Secrets of Strixhaven Mystical Archive,54,normal,uncommon,1,112436,42d90959-b88c-4321-b2af-78ac7aab9909,0.21,false,false,near_mint,en,USD,2026-04-21T16:01:03.883Z
Bulk,binder,Feral Appetite,SOC,Secrets of Strixhaven Commander,38,normal,rare,1,111963,69dda877-c176-456c-8cd8-5a1ea288e4c9,5.04,false,false,near_mint,en,USD,2026-04-21T16:01:03.885Z
Bulk,binder,"Blech, Loafing Pest",SOS,Secrets of Strixhaven,298,normal,rare,1,112705,df4fa3ab-30e3-4e82-a8b8-4fbaeab7870b,2.44,false,false,near_mint,en,USD,2026-04-21T16:01:03.886Z
Bulk,binder,Big Score,SOA,Secrets of Strixhaven Mystical Archive,38,normal,rare,1,112390,c7b698a1-dff1-413f-ba4f-0298c686999a,1.06,false,false,near_mint,en,USD,2026-04-21T16:01:03.887Z
Bulk,binder,Big Score,SOA,Secrets of Strixhaven Mystical Archive,103,normal,rare,1,112549,9cf2452d-17af-4bb2-8a52-348d6e5e08b9,2.62,false,false,near_mint,en,USD,2026-04-21T16:01:03.888Z
Bulk,binder,Imperious Inkmage,SOS,Secrets of Strixhaven,195,normal,common,1,112695,d5df1c3f-2536-4476-b8cd-34b026c38366,0.81,false,false,near_mint,en,USD,2026-04-21T16:01:03.890Z
Bulk,binder,Aberrant Manawurm,SOS,Secrets of Strixhaven,138,normal,uncommon,1,112632,797131cf-d80d-4050-bebd-2ce1d7fae5d0,0.21,false,false,near_mint,en,USD,2026-04-21T16:01:03.893Z
Bulk,binder,Stress Dream,SOS,Secrets of Strixhaven,235,normal,uncommon,1,111691,1ec40a1b-51e7-4a35-966c-ab2a10f21a80,0.25,false,false,near_mint,en,USD,2026-04-21T16:01:03.894Z
Bulk,binder,Homesickness,SOS,Secrets of Strixhaven,53,normal,uncommon,1,112358,6e4a1f82-b0b1-4608-91f8-130bee731435,0.13,false,false,near_mint,en,USD,2026-04-21T16:01:03.895Z
Bulk,binder,Sleight of Hand,SOA,Secrets of Strixhaven Mystical Archive,22,normal,uncommon,1,112686,c837c418-2fe9-4ce8-b76d-c37241579a93,0.23,false,false,near_mint,en,USD,2026-04-21T16:01:03.896Z
Bulk,binder,Fateful Tempest,SOC,Secrets of Strixhaven Commander,31,normal,rare,1,112041,96ab4d23-14d7-429f-b62e-868c13997fb8,3.4,false,false,near_mint,en,USD,2026-04-21T16:01:03.899Z
Bulk,binder,Molten-Core Maestro,SOS,Secrets of Strixhaven,125,normal,rare,1,111697,326dfe32-3674-4a11-acd8-5ba62371235a,1.28,false,false,near_mint,en,USD,2026-04-21T16:01:03.900Z
Bulk,binder,Triumph of the Hordes,SOA,Secrets of Strixhaven Mystical Archive,59,normal,mythic,1,112235,5a0bc9d4-d99d-48e1-aeca-d2e5b1c99a84,15.37,false,false,near_mint,en,USD,2026-04-21T16:01:03.901Z
Bulk,binder,Shattered Sanctum,SOS,Secrets of Strixhaven,303,normal,rare,1,111746,cfc3f81d-333f-4ac9-8374-082675e07ac1,2.84,false,false,near_mint,en,USD,2026-04-21T16:01:03.902Z
Bulk,binder,Fractal Tender,SOS,Secrets of Strixhaven,190,normal,uncommon,1,112314,ea7f5262-4ddb-410a-be72-4bac6af9b4ec,0.22,false,false,near_mint,en,USD,2026-04-21T16:01:03.907Z
Bulk,binder,Divergent Equation,SOS,Secrets of Strixhaven,43,normal,uncommon,1,112327,26295e25-f1bf-4665-ba00-dad35c49bbc2,0.24,false,false,near_mint,en,USD,2026-04-21T16:01:03.908Z
Bulk,binder,Rapturous Moment,SOS,Secrets of Strixhaven,219,normal,uncommon,1,112285,21afe19d-881a-48cb-863e-22942bea5ebe,0.26,false,false,near_mint,en,USD,2026-04-21T16:01:03.909Z
Bulk,binder,Royal Treatment,SOA,Secrets of Strixhaven Mystical Archive,121,normal,uncommon,1,112473,8d7a631d-6354-4999-80fa-0d3008f7bc72,0.58,false,false,near_mint,en,USD,2026-04-21T16:01:03.910Z
Bulk,binder,Restoration Seminar,SOS,Secrets of Strixhaven,30,normal,mythic,1,112297,9ebc4ecf-2fa2-4ab8-afde-3b91cf5eadb6,3.92,false,false,near_mint,en,USD,2026-04-21T16:01:03.912Z
Bulk,binder,Germination Practicum,SOS,Secrets of Strixhaven,296,normal,mythic,1,112704,df144bff-cdc8-46df-bbd2-6fdc93f04f04,10.65,false,false,near_mint,en,USD,2026-04-21T16:01:03.913Z
Bulk,binder,Striding Shotcaller // Run the Play,SOC,Secrets of Strixhaven Commander,50,normal,rare,1,111852,159c2891-c1e2-4ec3-8c20-d6b97315dd1c,2.79,false,false,near_mint,en,USD,2026-04-21T16:01:03.914Z
Bulk,binder,Choreographed Sparks,SOS,Secrets of Strixhaven,111,normal,rare,1,112564,0cda4235-4dce-48fe-a8a5-2a952dedbe25,0.36,false,false,near_mint,en,USD,2026-04-21T16:01:03.916Z
Bulk,binder,Essenceknit Scholar,SOS,Secrets of Strixhaven,187,normal,uncommon,1,112578,2a3cba55-3fae-4d45-ae03-4d662ec13718,0.22,false,false,near_mint,en,USD,2026-04-21T16:01:03.921Z
Bulk,binder,Summoned Dromedary,SOS,Secrets of Strixhaven,37,normal,uncommon,1,112340,44d0277c-ca82-4334-a15a-cd67a9db0d02,0.19,false,false,near_mint,en,USD,2026-04-21T16:01:03.922Z
Bulk,binder,Pick Your Poison,SOA,Secrets of Strixhaven Mystical Archive,55,normal,uncommon,1,112489,a11f1013-d747-4cf2-bbf5-0bd68a949ddf,0.25,false,false,near_mint,en,USD,2026-04-21T16:01:03.924Z
Bulk,binder,Requisition Raid,SOA,Secrets of Strixhaven Mystical Archive,10,normal,uncommon,1,112457,6d9efae9-365d-46c8-be92-d4a3038f0414,0.26,false,false,near_mint,en,USD,2026-04-21T16:01:03.925Z
Bulk,binder,"Dina, Essence Brewer",SOC,Secrets of Strixhaven Commander,1,normal,mythic,1,110974,9fe237b8-c02c-41ea-9fc4-b771b91d2157,4.85,false,false,near_mint,en,USD,2026-04-21T16:01:03.927Z
Bulk,binder,Deflecting Palm,SOA,Secrets of Strixhaven Mystical Archive,128,normal,rare,1,112728,08e88552-fd1a-48e8-8443-73390e1f3332,9.06,false,false,near_mint,en,USD,2026-04-21T16:01:03.929Z
Bulk,binder,Archmage Emeritus,SPG,Special Guests,150,normal,mythic,1,111789,2ab5ba3a-22a5-4d79-af99-fe1ef6cc8676,4.34,false,false,near_mint,en,USD,2026-04-21T16:01:03.930Z
Bulk,binder,Burrog Banemaker,SOS,Secrets of Strixhaven,75,normal,common,1,112599,3e4f9d23-1a17-4188-ac91-f8ddea46a1c4,0.36,false,false,near_mint,en,USD,2026-04-21T16:01:03.933Z
Bulk,binder,Interjection,SOS,Secrets of Strixhaven,22,normal,common,1,112560,0534cff6-299c-4155-b318-eb7581989e8a,0.14,false,false,near_mint,en,USD,2026-04-21T16:01:03.934Z
Bulk,binder,Strixhaven Skycoach,SOS,Secrets of Strixhaven,252,normal,uncommon,1,112469,87741fbb-b426-4f83-a358-587b0907f081,0.17,false,false,near_mint,en,USD,2026-04-21T16:01:03.935Z
Bulk,binder,"Tam, Observant Sequencer // Deep Sight",SOS,Secrets of Strixhaven,237,normal,uncommon,1,111713,7120e71b-2976-451b-89a7-a1665dc6fb6b,0.36,false,false,near_mint,en,USD,2026-04-21T16:01:03.937Z
Bulk,binder,Helping Hand,SOA,Secrets of Strixhaven Mystical Archive,70,normal,uncommon,1,112556,f8c32407-5a49-4eec-a3ce-cfe72797a9c9,1.37,false,false,near_mint,en,USD,2026-04-21T16:01:03.938Z
Bulk,binder,Dreamroot Cascade,SOS,Secrets of Strixhaven,254,normal,rare,1,111765,ef662b92-5a7f-48c9-bcc1-14b55e091aef,1.14,false,false,near_mint,en,USD,2026-04-21T16:01:03.940Z
Bulk,binder,Turbulent Steppe,SOC,Secrets of Strixhaven Commander,58,normal,rare,1,112101,c0c73dd5-0a88-4a94-9c01-c1473433e46f,10.18,false,false,near_mint,en,USD,2026-04-21T16:01:03.941Z
Bulk,binder,Planar Engineering,SOS,Secrets of Strixhaven,158,normal,rare,1,112391,c83b96a3-ddfd-4d11-8a85-5bf62087cbb9,2.96,false,false,near_mint,en,USD,2026-04-21T16:01:03.942Z
Bulk,binder,Expressive Iteration,SOA,Secrets of Strixhaven Mystical Archive,64,normal,rare,1,112614,5697541f-a03f-48b9-a0fd-ee0cf5357660,0.9,false,false,near_mint,en,USD,2026-04-21T16:01:03.943Z
Bulk,binder,Requisition Raid,SOA,Secrets of Strixhaven Mystical Archive,75,normal,uncommon,1,112544,46f1ecab-2e69-47cb-afe8-4d5bb51d3ebe,0.49,false,false,near_mint,en,USD,2026-04-21T16:01:03.952Z
Bulk,binder,Ominous Harvest,SOC,Secrets of Strixhaven Commander,28,normal,rare,1,111866,2271184b-08eb-4d2a-8ebf-a1807d51dd2a,3.22,false,false,near_mint,en,USD,2026-04-21T16:01:03.955Z
Bulk,binder,"Silverquill, the Disputant",SOS,Secrets of Strixhaven,287,normal,mythic,1,111727,9477f2f4-2d82-412c-9af8-df66a3c457be,17.15,false,false,near_mint,en,USD,2026-04-21T16:01:03.956Z
Bulk,binder,Sheoldred's Edict,SOA,Secrets of Strixhaven Mystical Archive,97,normal,rare,1,112739,9070d77d-4a41-4f22-9579-06a7db5a520e,11.8,false,false,near_mint,en,USD,2026-04-21T16:01:03.957Z
Bulk,binder,Proctor's Gaze,SOS,Secrets of Strixhaven,213,normal,uncommon,1,112666,b127d543-0a90-4af6-9410-94d5cd30389e,0.23,false,false,near_mint,en,USD,2026-04-21T16:01:03.964Z
Bulk,binder,Root Manipulation,SOS,Secrets of Strixhaven,222,normal,uncommon,1,112613,5390a79c-bc4b-4edb-a845-0d3514986401,0.23,false,false,near_mint,en,USD,2026-04-21T16:01:03.965Z
Bulk,binder,Slumbering Trudge,SOS,Secrets of Strixhaven,160,normal,rare,1,112335,3a925370-58ac-4181-9acc-db7b0e0abf17,0.44,false,false,near_mint,en,USD,2026-04-21T16:01:03.968Z
Bulk,binder,Dirgur Focusmage // Braingeyser,SOC,Secrets of Strixhaven Commander,18,normal,rare,1,111988,7bdabeba-0cfb-4953-b725-50a48164a044,5.8,false,false,near_mint,en,USD,2026-04-21T16:01:03.969Z
Bulk,binder,"Jadzi, Steward of Fate // Oracle's Gift",SOS,Secrets of Strixhaven,55,normal,rare,1,112377,a95b6baf-01e6-49c3-9a26-394b127d53c3,0.32,false,false,near_mint,en,USD,2026-04-21T16:01:03.970Z
Bulk,binder,Veil of Summer,SOA,Secrets of Strixhaven Mystical Archive,60,normal,rare,1,112616,5724a4a3-dd66-4a66-af8b-5374119ecdfb,3.73,false,false,near_mint,en,USD,2026-04-21T16:01:03.971Z
Bulk,binder,Skycoach Conductor // All Aboard,SOS,Secrets of Strixhaven,67,normal,rare,1,112441,4ecbca71-9a1d-44c5-b709-d6f565941d5e,0.9,false,false,near_mint,en,USD,2026-04-21T16:01:03.972Z
Bulk,binder,Biblioplex Tomekeeper,SOS,Secrets of Strixhaven,247,normal,common,1,111740,bf2efdd9-d2b4-4bea-a5b9-dbb2eee4dfba,0.34,false,false,near_mint,en,USD,2026-04-21T16:01:03.976Z
Bulk,binder,Infirmary Healer // Stream of Life,SOS,Secrets of Strixhaven,152,normal,uncommon,1,112645,911442e3-3003-4683-a766-e791e9553667,0.23,false,false,near_mint,en,USD,2026-04-21T16:01:03.979Z
Bulk,binder,Return the Favor,SOA,Secrets of Strixhaven Mystical Archive,112,normal,uncommon,1,112493,abe555c4-2da1-47c5-9910-cd07f4256938,1.07,false,false,near_mint,en,USD,2026-04-21T16:01:03.980Z
Bulk,binder,Repel Calamity,SOA,Secrets of Strixhaven Mystical Archive,8,normal,uncommon,1,112424,1c2cf02f-97f3-47f0-9382-c580f3033635,0.17,false,false,near_mint,en,USD,2026-04-21T16:01:03.981Z
Bulk,binder,Eclipsed Steppe,SOC,Secrets of Strixhaven Commander,53,normal,rare,1,112145,d890999a-dcc7-479e-b0f0-60388c737043,4.41,false,false,near_mint,en,USD,2026-04-21T16:01:03.984Z
Bulk,binder,Flashback,SOS,Secrets of Strixhaven,115,normal,rare,1,112283,1b832fda-d7c4-4566-884c-2a8b6da15488,4.74,false,false,near_mint,en,USD,2026-04-21T16:01:03.985Z
Bulk,binder,Informed Inkwright,SOS,Secrets of Strixhaven,20,normal,rare,2,112447,5defb2d1-d0fb-4e7f-a5c7-3df99fe675d6,0.36,false,false,near_mint,en,USD,2026-04-21T16:01:03.830Z
Bulk,binder,Zaffai and the Tempests,SOS,Secrets of Strixhaven,246,normal,rare,2,112236,5bdbf507-6fd7-49f6-b437-8f2ce2d0eb0f,0.28,false,false,near_mint,en,USD,2026-04-21T16:01:03.832Z
Bulk,binder,Sneering Shadewriter,SOS,Secrets of Strixhaven,101,normal,common,2,112608,4b4c120e-abe9-4f11-a7e4-bc3f723da4b2,0.27,false,false,near_mint,en,USD,2026-04-21T16:01:03.836Z
Bulk,binder,Tragedy Feaster,SOS,Secrets of Strixhaven,293,normal,rare,2,112494,ae9009fa-4b52-422d-8ff3-f699089249d8,1.98,false,false,near_mint,en,USD,2026-04-21T16:01:03.844Z
Bulk,binder,Burrog Barrage,SOS,Secrets of Strixhaven,141,normal,common,2,112647,95d5b0a8-2b66-418e-9e5e-ecf7b304c31e,0.13,false,false,near_mint,en,USD,2026-04-21T16:01:03.861Z
Bulk,binder,Noxious Newt,SOS,Secrets of Strixhaven,155,normal,common,2,112593,3a028306-c5d7-4f8f-b6f4-0d103fd47000,0.27,false,false,near_mint,en,USD,2026-04-21T16:01:03.864Z
Bulk,binder,"Abigale, Poet Laureate // Heroic Stanza",SOS,Secrets of Strixhaven,170,normal,uncommon,2,111717,77285d12-e658-4eb3-ba13-ff202afab9c8,0.29,false,false,near_mint,en,USD,2026-04-21T16:01:03.865Z
Bulk,binder,Growth Curve,SOS,Secrets of Strixhaven,193,normal,uncommon,2,112325,1675a445-86ae-413b-b95a-a1c254a7f252,0.31,false,false,near_mint,en,USD,2026-04-21T16:01:03.866Z
Bulk,binder,Leech Collector // Bloodletting,SOS,Secrets of Strixhaven,88,normal,uncommon,2,112684,c715fe4c-c0e7-4342-811f-b74687851097,0.23,false,false,near_mint,en,USD,2026-04-21T16:01:03.867Z
Bulk,binder,Hardened Academic,SOS,Secrets of Strixhaven,194,normal,rare,2,111681,06c9e8a7-2840-4cff-90af-c6636e598f78,0.5,false,false,near_mint,en,USD,2026-04-21T16:01:03.872Z
Bulk,binder,Elemental Mascot,SOS,Secrets of Strixhaven,185,normal,common,2,111741,c507eb1c-48e9-4d28-bb2d-71f2a9df9ab0,0.39,false,false,near_mint,en,USD,2026-04-21T16:01:03.891Z
Bulk,binder,Pyretic Ritual,SOA,Secrets of Strixhaven Mystical Archive,46,normal,rare,2,112531,e4507ef5-0d30-42ca-b305-f99c6e10432b,6.45,false,false,near_mint,en,USD,2026-04-21T16:01:03.915Z
Bulk,binder,Cauldron of Essence,SOS,Secrets of Strixhaven,179,normal,rare,2,112501,b7091740-e70c-4cf2-8d3d-b8e1ac1fbbdd,1.73,false,false,near_mint,en,USD,2026-04-21T16:01:03.944Z
Bulk,binder,Diary of Dreams,SOS,Secrets of Strixhaven,248,normal,uncommon,3,111763,ee1e0a96-af80-444e-a456-5b256cf60625,0.34,false,false,near_mint,en,USD,2026-04-17T22:09:10.857Z
Bulk,binder,Lumaret's Favor,SOS,Secrets of Strixhaven,153,normal,uncommon,2,111742,c5e7c856-8b71-44e6-8998-0b0b3ff0ef99,0.16,false,false,near_mint,en,USD,2026-04-17T22:09:10.858Z
Bulk,binder,Shopkeeper's Bane,SOS,Secrets of Strixhaven,159,normal,common,3,112651,97f7fbb9-228c-4a74-975b-38d3b6cecb32,0.3,false,false,near_mint,en,USD,2026-04-17T22:09:10.861Z
Bulk,binder,Ancestral Anger,SOS,Secrets of Strixhaven,106,normal,common,3,112627,6c5a93d6-d4ab-4062-bb3c-1b5330bf15ad,0.15,false,false,near_mint,en,USD,2026-04-17T22:09:10.862Z
Bulk,binder,Burst Lightning,SOA,Secrets of Strixhaven Mystical Archive,41,normal,uncommon,3,112539,f98b402a-ecdb-432f-a050-65945c8c415d,0.25,false,false,near_mint,en,USD,2026-04-17T22:09:10.867Z
Bulk,binder,Pest Mascot,SOS,Secrets of Strixhaven,209,normal,common,3,111751,d882beb9-6766-4818-afbb-f6fd7a2d5b70,0.24,false,false,near_mint,en,USD,2026-04-17T22:09:10.873Z
Bulk,binder,Rapier Wit,SOS,Secrets of Strixhaven,28,normal,common,3,112482,97b50521-5a0f-4dbd-8e15-f0f0d059c258,0.33,false,false,near_mint,en,USD,2026-04-17T22:09:10.877Z
Bulk,binder,Hydro-Channeler,SOS,Secrets of Strixhaven,54,normal,common,4,112563,099f8400-d70a-48ef-8ff6-645eae97e072,0.45,false,false,near_mint,en,USD,2026-04-17T22:09:10.878Z
Bulk,binder,Emeritus of Abundance // Regrowth,SOS,Secrets of Strixhaven,145,normal,mythic,2,112380,ac095763-6f4e-4d4e-9c99-414646368f8d,5.12,false,false,near_mint,en,USD,2026-04-17T22:09:10.881Z
Bulk,binder,Mind Roots,SOS,Secrets of Strixhaven,203,normal,uncommon,2,112655,9d5fdbda-ebbe-45d6-a668-5ddee057a063,0.24,false,false,near_mint,en,USD,2026-04-17T22:09:10.883Z
Bulk,binder,Archaic's Agony,SOS,Secrets of Strixhaven,107,normal,uncommon,2,111653,8d99f8b2-5c1c-4059-bf68-c6b2e9e5b275,0.78,false,false,near_mint,en,USD,2026-04-17T22:09:10.884Z
Bulk,binder,Goblin Glasswright // Craft with Pride,SOS,Secrets of Strixhaven,117,normal,common,4,112687,c85c5f06-dd31-4e2c-97be-2f64d65069ea,0.31,false,false,near_mint,en,USD,2026-04-17T22:09:10.887Z
Bulk,binder,Pull from the Grave,SOS,Secrets of Strixhaven,95,normal,common,5,111658,d73612fe-8992-4650-a7e3-c7b662da6a03,0.39,false,false,near_mint,en,USD,2026-04-17T22:09:10.889Z
Bulk,binder,Shattered Acolyte,SOS,Secrets of Strixhaven,31,normal,common,4,111659,dc0517ca-b271-49a1-a286-c20f4e5b9309,0.22,false,false,near_mint,en,USD,2026-04-17T22:09:10.890Z
Bulk,binder,Paradox Gardens,SOS,Secrets of Strixhaven,258,normal,common,2,112152,dbc3447e-1329-4ea1-b4ca-b321b0ffec8f,0.19,false,false,near_mint,en,USD,2026-04-17T22:09:10.892Z
Bulk,binder,Duty Beyond Death,SOA,Secrets of Strixhaven Mystical Archive,4,normal,uncommon,2,111803,6f8f8183-d17a-41b8-b3b5-914f193fd964,0.25,false,false,near_mint,en,USD,2026-04-17T22:09:10.894Z
Bulk,binder,Thunderdrum Soloist,SOS,Secrets of Strixhaven,134,normal,uncommon,2,112234,590d1d95-ed13-4121-899f-f5a2d8a6617a,0.27,false,false,near_mint,en,USD,2026-04-17T22:09:10.899Z
Bulk,binder,Bogwater Lumaret,SOS,Secrets of Strixhaven,177,normal,common,3,111650,7a42f51a-3377-47bb-b6fb-c0515bf1dcfb,0.24,false,false,near_mint,en,USD,2026-04-17T22:09:10.900Z
Bulk,binder,Return the Favor,SOA,Secrets of Strixhaven Mystical Archive,47,normal,uncommon,2,112535,e968efff-635b-4780-9bbe-099e75a1841b,0.37,false,false,near_mint,en,USD,2026-04-17T22:09:10.908Z
Bulk,binder,Scheming Silvertongue // Sign in Blood,SOS,Secrets of Strixhaven,99,normal,rare,3,112541,fe85a124-0d8b-4a29-8df1-65888a39147f,0.96,false,false,near_mint,en,USD,2026-04-17T22:09:10.909Z
Bulk,binder,Scathing Shadelock // Venomous Words,SOS,Secrets of Strixhaven,98,normal,uncommon,2,112558,03e664cd-c3a6-4263-b2d8-dd99058fb8ec,0.26,false,false,near_mint,en,USD,2026-04-17T22:09:10.910Z
Bulk,binder,Grapple with Death,SOS,Secrets of Strixhaven,192,normal,common,3,111657,62842fb4-8bd3-4d80-b4f9-5bc3c5cebd3a,0.24,false,false,near_mint,en,USD,2026-04-17T22:09:10.913Z
Bulk,binder,Pursue the Past,SOS,Secrets of Strixhaven,216,normal,common,5,112605,4584d5f7-b1f1-4c8e-80c5-ad35e44a968e,0.24,false,false,near_mint,en,USD,2026-04-17T22:09:10.914Z
Bulk,binder,Heated Argument,SOS,Secrets of Strixhaven,118,normal,common,3,111679,0038d212-3d95-4f98-8c2e-7b2404d0ced7,0.15,false,false,near_mint,en,USD,2026-04-17T22:09:10.915Z
Bulk,binder,Forum of Amity,SOS,Secrets of Strixhaven,256,normal,common,3,111863,1de6c6cc-0c55-4997-8623-d7f796bd9ab8,0.31,false,false,near_mint,en,USD,2026-04-17T22:09:10.927Z
Bulk,binder,Render Speechless,SOS,Secrets of Strixhaven,220,normal,common,2,112573,25bbb1c7-14e8-444f-ab98-e95f50927460,0.12,false,false,near_mint,en,USD,2026-04-17T22:09:10.929Z
Bulk,binder,Duel Tactics,SOS,Secrets of Strixhaven,112,normal,uncommon,2,111722,8f3a1675-0cc7-4dfd-a12e-4740a2cf81e8,0.25,false,false,near_mint,en,USD,2026-04-17T22:09:10.936Z
Bulk,binder,Colossus of the Blood Age,SOS,Secrets of Strixhaven,181,normal,uncommon,3,112387,bfa7f0a4-6b65-4e53-ba00-848df260d8e3,0.25,false,false,near_mint,en,USD,2026-04-17T22:09:10.939Z
Bulk,binder,"Page, Loose Leaf",SOS,Secrets of Strixhaven,250,normal,common,3,112642,8c6fecfd-8241-4cf0-b1eb-19472b99e0ed,0.27,false,false,near_mint,en,USD,2026-04-17T22:09:10.945Z
Bulk,binder,Visionary's Dance,SOS,Secrets of Strixhaven,242,normal,common,2,112638,846a0e79-a530-429e-8f7f-4b87f1b0156e,0.43,false,false,near_mint,en,USD,2026-04-17T22:09:10.947Z
Bulk,binder,Strife Scholar // Awaken the Ages,SOS,Secrets of Strixhaven,131,normal,common,3,112644,8de79312-2046-425e-9919-49afe19be81b,0.15,false,false,near_mint,en,USD,2026-04-17T22:09:10.949Z
Bulk,binder,Stargaze,SOA,Secrets of Strixhaven Mystical Archive,34,normal,uncommon,3,112445,5c9caa7b-0268-4606-a71d-82dff16e6418,0.24,false,false,near_mint,en,USD,2026-04-17T22:09:10.955Z
Bulk,binder,Witherbloom Charm,SOS,Secrets of Strixhaven,244,normal,uncommon,4,111694,254437f7-7a8a-4b11-9cea-e8e7ea23c59e,0.4,false,false,near_mint,en,USD,2026-04-17T22:09:10.959Z
Bulk,binder,Eager Glyphmage,SOS,Secrets of Strixhaven,11,normal,common,3,112507,bf736de9-9bc4-49df-ae60-672ed4f83f32,0.2,false,false,near_mint,en,USD,2026-04-17T22:09:10.964Z
Bulk,binder,Flow State,SOS,Secrets of Strixhaven,49,normal,uncommon,2,112343,47d6093b-b1b6-4956-8bfd-02cce899f832,6.54,false,false,near_mint,en,USD,2026-04-17T22:09:10.971Z
Bulk,binder,Mage Tower Referee,SOS,Secrets of Strixhaven,249,normal,common,2,112568,1ceb704a-97a8-49f9-b799-30f001404144,0.18,false,false,near_mint,en,USD,2026-04-17T22:09:10.975Z
Bulk,binder,Efflorescence,SOS,Secrets of Strixhaven,144,normal,common,3,112634,79b9ace7-eceb-4f97-9ee7-d5ee3e0b3515,0.23,false,false,near_mint,en,USD,2026-04-17T22:09:10.976Z
Bulk,binder,Muse's Encouragement,SOS,Secrets of Strixhaven,61,normal,common,2,112301,c59e0004-1d6a-42a1-8ce4-31da2af2e1bf,0.5,false,false,near_mint,en,USD,2026-04-17T22:09:10.980Z
Bulk,binder,Essence Scatter,SOS,Secrets of Strixhaven,47,normal,common,3,112586,32840097-0531-4c43-b6a8-e76c17420b04,0.54,false,false,near_mint,en,USD,2026-04-17T22:09:10.981Z
Bulk,binder,Disdainful Stroke,SOA,Secrets of Strixhaven Mystical Archive,17,normal,uncommon,2,111792,3a057032-6ece-4aa7-8e99-df2a07359b2b,0.22,false,false,near_mint,en,USD,2026-04-17T22:09:10.982Z
Bulk,binder,Procrastinate,SOS,Secrets of Strixhaven,64,normal,common,2,111692,1edb449d-620f-4e21-9d76-2c840635eb9d,0.22,false,false,near_mint,en,USD,2026-04-17T22:09:10.984Z
Bulk,binder,Shared Roots,SOA,Secrets of Strixhaven Mystical Archive,58,normal,uncommon,2,112432,3aeb1fe1-3ff3-466c-9eda-b8747702734c,0.36,false,false,near_mint,en,USD,2026-04-17T22:09:10.987Z
Bulk,binder,Chelonian Tackle,SOS,Secrets of Strixhaven,142,normal,uncommon,2,112659,a82a4d8c-4105-4923-85a2-ef58241f725c,0.18,false,false,near_mint,en,USD,2026-04-17T22:09:10.998Z
Bulk,binder,Blazing Firesinger // Seething Song,SOS,Secrets of Strixhaven,109,normal,uncommon,2,112595,3ba971e7-0b7a-4750-896f-7cf063e66b2a,0.46,false,false,near_mint,en,USD,2026-04-17T22:09:11.014Z
Bulk,binder,Abrade,SOA,Secrets of Strixhaven Mystical Archive,37,normal,uncommon,2,112513,c5bb5307-e874-42c4-b85d-06b9f6c474c8,0.28,false,false,near_mint,en,USD,2026-04-17T22:09:11.018Z
Bulk,binder,Erode,SOS,Secrets of Strixhaven,15,normal,rare,2,112288,32e670da-7563-4f6a-a7db-4c126a440eb8,5.95,false,false,near_mint,en,USD,2026-04-17T22:09:11.029Z
Bulk,binder,Rearing Embermare,SOS,Secrets of Strixhaven,127,normal,common,2,112561,06dd56bd-de92-4202-af31-7e881c34d799,,false,false,near_mint,en,USD,2026-04-17T22:09:10.952Z
Bulk,binder,Kinsbaile Cavalier,SPG,Special Guests,130,normal,mythic,1,110302,1470087d-ca8e-460a-a419-81888c114f2b,3.76,false,false,near_mint,en,USD,2026-04-29T12:41:14.918Z
Bulk,binder,Firesong and Sunspeaker,2X2,Double Masters 2022,215,normal,rare,1,70209,4d5edf4f-5695-42fc-9e57-c4faef60fbc3,0.37,false,false,near_mint,en,USD,2026-04-29T12:41:14.919Z
The Koronation,deck,Aggravated Assault,SLD,Secret Lair Drop,1983,normal,rare,1,106707,61310de0-9eee-4683-83bd-0c8434fde8d1,25.8,false,false,near_mint,en,USD,2026-04-18T03:21:52.140Z
The Koronation,deck,Arcane Signet,FIC,Final Fantasy Commander,335,normal,common,1,105924,4c861c4c-0520-46d9-b281-63a1188417dc,0.58,false,false,near_mint,en,USD,2026-04-18T03:21:52.140Z
The Koronation,deck,Ash Barrens,TDC,Tarkir: Dragonstorm Commander,339,normal,common,1,105054,f5314520-b8af-4416-b57c-74388542ecb6,0.32,false,false,near_mint,en,USD,2026-04-18T03:21:52.140Z
The Koronation,deck,Astral Dragon,CLB,Commander Legends: Battle for Baldur's Gate,664,normal,rare,1,69546,670fbc63-4c9b-4e57-b53e-4ca4d7a224ba,18.59,false,false,near_mint,en,USD,2026-04-18T03:21:52.140Z
The Koronation,deck,Bitter Work,TLA,Avatar: The Last Airbender,210,normal,uncommon,1,109686,3e8de6a9-9859-4ed2-8ece-ef80a7209be9,0.27,false,false,near_mint,en,USD,2026-04-18T03:21:52.140Z
The Koronation,deck,Bountiful Landscape,MH3,Modern Horizons 3,217,normal,common,1,94797,b277752b-430a-4f09-8a98-b72f813dd52e,0.23,false,false,near_mint,en,USD,2026-04-18T03:21:52.140Z
The Koronation,deck,Carnelian Orb of Dragonkind,FDN,Foundations,534,normal,common,1,101620,f0c07546-c5a1-4dfc-b5e1-d697578a8c11,1.02,false,false,near_mint,en,USD,2026-04-18T03:21:52.140Z
The Koronation,deck,Castle Vantress,DSC,Duskmourn: House of Horror Commander,267,normal,rare,1,99377,dead85f7-865c-4f7d-ad6c-014d4e90f8be,0.32,false,false,near_mint,en,USD,2026-04-18T03:21:52.140Z
The Koronation,deck,Chaos Dragon,CLB,Commander Legends: Battle for Baldur's Gate,784,normal,rare,1,69412,08219fbc-c155-4d1d-a08c-d2546c44bccc,3.65,false,false,near_mint,en,USD,2026-04-18T03:21:52.140Z
The Koronation,deck,Chaos Warp,TDC,Tarkir: Dragonstorm Commander,208,normal,rare,1,104572,3e78cf93-3b4e-4cd7-a9f8-0a8737013856,0.43,false,false,near_mint,en,USD,2026-04-18T03:21:52.140Z
The Koronation,deck,Cinder Glade,EOC,Edge of Eternities Commander,154,normal,rare,1,107062,7865ae5f-cfd9-4913-bcf5-aadbd6824e65,0.65,false,false,near_mint,en,USD,2026-04-18T03:21:52.140Z
The Koronation,deck,Command Tower,CLB,Commander Legends: Battle for Baldur's Gate,351,normal,common,1,69121,7eafe88e-ab38-442c-b147-bb01cc81178d,0.37,false,false,near_mint,en,USD,2026-04-18T03:21:52.140Z
The Koronation,deck,Cultivate,EOC,Edge of Eternities Commander,95,normal,common,1,107071,7ee610ee-7711-4a6b-b441-d6c73e6ef2b4,0.49,false,false,near_mint,en,USD,2026-04-18T03:21:52.140Z
The Koronation,deck,Curate,MKC,Murders at Karlov Manor Commander,99,normal,common,1,90413,78cd258b-431e-42f7-a938-76ebc80d528d,0.35,false,false,near_mint,en,USD,2026-04-18T03:21:52.140Z
The Koronation,deck,Cursed Mirror,WHO,Doctor Who,226,normal,rare,1,88044,efb9aadf-a50e-4542-82e8-6d8cbc2ea350,2.27,false,false,near_mint,en,USD,2026-04-18T03:21:52.140Z
The Koronation,deck,Deadeye Navigator,SLD,Secret Lair Drop,902,foil,rare,1,105095,4dbd3c6d-bae8-435f-927e-810c1723edae,4.72,false,false,near_mint,en,USD,2026-04-18T03:21:52.140Z
The Koronation,deck,Decisive Denial,OTP,Breaking News,42,normal,uncommon,1,93164,54ee0802-62c1-46ac-907e-82ace59fbddb,0.29,false,false,near_mint,en,USD,2026-04-18T03:21:52.140Z
The Koronation,deck,Depart the Realm,KHM,Kaldheim,53,normal,common,1,56805,2ce0403d-76ed-4eb0-abdd-74ed28f96137,0.26,false,false,near_mint,en,USD,2026-04-18T03:21:52.140Z
The Koronation,deck,Desolate Lighthouse,LCC,The Lost Caverns of Ixalan Commander,327,normal,rare,1,88868,c155cc10-09f4-424b-b366-142adf9c1712,0.23,false,false,near_mint,en,USD,2026-04-18T03:21:52.140Z
The Koronation,deck,Dispelling Exhale,TDM,Tarkir: Dragonstorm,41,normal,common,1,104477,1c9af3f1-711e-42ae-803a-1100eba3fb13,0.23,false,false,near_mint,en,USD,2026-04-18T03:21:52.140Z
The Koronation,deck,Dracogenesis,TDM,Tarkir: Dragonstorm,300,foil,mythic,1,104266,30f7c75a-c8f7-4f34-bc86-9d0441dc3a40,16.27,false,false,near_mint,en,USD,2026-04-18T03:21:52.140Z
The Koronation,deck,Draconic Intervention,STX,Strixhaven: School of Mages,96,normal,rare,1,58126,657de246-b9fc-47b1-b932-091e9500bb82,0.26,false,false,near_mint,en,USD,2026-04-18T03:21:52.140Z
The Koronation,deck,Dragon's Fire,AFR,Adventures in the Forgotten Realms,139,normal,common,1,60338,9666987a-5267-46d3-9b00-31baa92a9cbc,0.29,false,false,near_mint,en,USD,2026-04-18T03:21:52.140Z
The Koronation,deck,Dragon's Hoard,TDC,Tarkir: Dragonstorm Commander,317,normal,rare,1,104575,3ee80876-6e87-46c4-a6fd-ff6752db3032,0.39,false,false,near_mint,en,USD,2026-04-18T03:21:52.140Z
The Koronation,deck,"Dragonhawk, Fate's Tempest",BLB,Bloomburrow,132,normal,mythic,1,96074,8659789c-6a2c-439f-a348-b9b1b06c55b8,5.86,false,false,near_mint,en,USD,2026-04-18T03:21:52.140Z
The Koronation,deck,Dragonlord's Servant,TDC,Tarkir: Dragonstorm Commander,210,normal,uncommon,1,104924,be6fa0dc-74e7-4fad-9bdd-8e986612577a,0.31,false,false,near_mint,en,USD,2026-04-18T03:21:52.140Z
The Koronation,deck,Dragonstorm Globe,TDM,Tarkir: Dragonstorm,241,normal,common,1,104767,7f50aa6e-ce6a-4479-9725-202926245f2c,0.31,false,false,near_mint,en,USD,2026-04-18T03:21:52.140Z
The Koronation,deck,"Drakuseth, Maw of Flames",FDN,Foundations,193,normal,rare,1,100092,029b1edb-e1de-4f1c-81df-8d17f4920318,0.53,false,false,near_mint,en,USD,2026-04-18T03:21:52.140Z
The Koronation,deck,Earthquake Dragon,CLB,Commander Legends: Battle for Baldur's Gate,228,normal,rare,1,69267,bfedfd30-8075-429e-a0fa-4919920c8632,4.62,false,false,near_mint,en,USD,2026-04-18T03:21:52.140Z
The Koronation,deck,Encroaching Dragonstorm,TDM,Tarkir: Dragonstorm,142,normal,uncommon,1,104630,4ddd4477-f8c9-4d05-9177-f8344ba8f40b,0.27,false,false,near_mint,en,USD,2026-04-18T03:21:52.140Z
The Koronation,deck,Evolving Wilds,EOC,Edge of Eternities Commander,158,normal,common,1,106990,31181bd2-3a1f-4cb9-ba30-637ac479133a,0.29,false,false,near_mint,en,USD,2026-04-18T03:21:52.140Z
The Koronation,deck,Farseek,EOC,Edge of Eternities Commander,50,normal,common,1,107097,95e0760a-d285-493b-88cd-7556d9b10007,0.48,false,false,near_mint,en,USD,2026-04-18T03:21:52.140Z
The Koronation,deck,Firespitter Whelp,FDN,Foundations,197,normal,uncommon,1,100463,4b3a4c7d-3126-4bde-9dca-cb6a1e2f37c9,0.32,false,false,near_mint,en,USD,2026-04-18T03:21:52.140Z
The Koronation,deck,"Firkraag, Cunning Instigator",CLB,Commander Legends: Battle for Baldur's Gate,648,foil,mythic,1,69242,b55e624b-6f6a-42ae-89aa-0cc62ee55a31,5.92,false,false,near_mint,en,USD,2026-04-18T03:21:52.140Z
The Koronation,deck,Forest,TLA,Avatar: The Last Airbender,286,normal,common,3,108256,a305e44f-4253-4754-b83f-1e34103d77b0,0.18,false,false,near_mint,en,USD,2026-04-18T03:21:52.140Z
The Koronation,deck,Frontier Bivouac,TDM,Tarkir: Dragonstorm,256,normal,uncommon,1,104702,679fff07-4796-4d91-8dd6-4e294383ce88,0.31,false,false,near_mint,en,USD,2026-04-18T03:21:52.140Z
The Koronation,deck,Game Trail,MKC,Murders at Karlov Manor Commander,264,normal,rare,1,90297,2a84a604-7b05-4716-bcd8-40d2acdb76e8,0.31,false,false,near_mint,en,USD,2026-04-18T03:21:52.140Z
The Koronation,deck,"Ganax, Astral Hunter",CLB,Commander Legends: Battle for Baldur's Gate,504,etched,uncommon,1,69174,97fb28cc-67bd-4e1f-933a-3b859f38ea64,3.15,false,false,near_mint,en,USD,2026-04-18T03:21:52.140Z
The Koronation,deck,Garruk's Uprising,FDN,Foundations,220,normal,uncommon,1,100447,4805c303-e73b-443b-a09f-49d2c2c88bb5,0.5,false,false,near_mint,en,USD,2026-04-18T03:21:52.140Z
The Koronation,deck,Goldspan Dragon,M3C,Modern Horizons 3 Commander,212,normal,mythic,1,94731,39fc364b-f867-4965-98f8-6a7328fea2bc,9.96,false,false,near_mint,en,USD,2026-04-18T03:21:52.140Z
The Koronation,deck,Gossip's Talent,BLB,Bloomburrow,51,normal,uncommon,1,95961,b299889a-03d6-4659-b0e1-f0830842e40f,0.24,false,false,near_mint,en,USD,2026-04-18T03:21:52.140Z
The Koronation,deck,Hellkite Tyrant,PLST,The List,RVR-111,normal,rare,1,102335,a7cb4100-1696-4393-8f1f-634018e0b78f,3.66,false,false,near_mint,en,USD,2026-04-18T03:21:52.140Z
The Koronation,deck,Herald's Horn,FIC,Final Fantasy Commander,228,foil,rare,1,105608,48a8abd6-8b5f-45b6-9f82-f2ce17d86222,4.72,false,false,near_mint,en,USD,2026-04-18T03:21:52.140Z
The Koronation,deck,Heritage Reclamation,TDM,Tarkir: Dragonstorm,145,normal,common,1,104636,4f8fee37-a050-4329-8b10-46d150e7a95e,0.33,false,false,near_mint,en,USD,2026-04-18T03:21:52.140Z
The Koronation,deck,Hraesvelgr of the First Brood,FIC,Final Fantasy Commander,37,normal,rare,1,106113,abcfefe3-c66d-4512-bcc3-c9a39cfbb983,0.29,false,false,near_mint,en,USD,2026-04-18T03:21:52.140Z
The Koronation,deck,Island,TLA,Avatar: The Last Airbender,283,normal,common,5,108255,a2e22347-f0cb-4cfd-88a3-4f46a16e4946,0.13,false,false,near_mint,en,USD,2026-04-18T03:21:52.140Z
The Koronation,deck,Kasmina's Transmutation,RVR,Ravnica Remastered,46,normal,common,1,89864,b5287705-cf89-49cb-b1f2-bff7a9119c98,0.23,false,false,near_mint,en,USD,2026-04-18T03:21:52.140Z
The Koronation,deck,"Keiga, the Tide Star",CLB,Commander Legends: Battle for Baldur's Gate,725,normal,rare,1,69497,44d544dc-1d2a-4b33-ae62-d0e0217db0a2,0.42,false,false,near_mint,en,USD,2026-04-18T03:21:52.140Z
The Koronation,deck,Kodama's Reach,TDC,Tarkir: Dragonstorm Commander,261,normal,common,1,104775,84c27ded-a0f6-4965-8a44-e87f0972d1d8,1.54,false,false,near_mint,en,USD,2026-04-18T03:21:52.140Z
The Koronation,deck,"Korlessa, Scale Singer",CLB,Commander Legends: Battle for Baldur's Gate,280,normal,uncommon,1,69395,fe2d08ac-6c24-4158-87a1-c59d1cd447a8,0.29,false,false,near_mint,en,USD,2026-04-18T03:21:52.140Z
The Koronation,deck,Lapis Orb of Dragonkind,CLB,Commander Legends: Battle for Baldur's Gate,82,foil,common,1,68921,26ed684b-e3a1-421d-8cfd-c5eee673a3a1,1.42,false,false,near_mint,en,USD,2026-04-18T03:21:52.140Z
The Koronation,deck,"Lathliss, Dragon Queen",TDC,Tarkir: Dragonstorm Commander,219,normal,rare,1,104444,0cb48015-627b-49cd-8dc3-d446e82b8172,0.41,false,false,near_mint,en,USD,2026-04-18T03:21:52.140Z
The Koronation,deck,Lumbering Falls,AFC,Forgotten Realms Commander,247,normal,rare,1,60916,f7e9db98-3a2d-46d8-a07f-99d66a4d9f2f,0.18,false,false,near_mint,en,USD,2026-04-18T03:21:52.140Z
The Koronation,deck,Maelstrom of the Spirit Dragon,TDM,Tarkir: Dragonstorm,260,normal,rare,1,104359,c4e90bfb-d9a5-48a9-9ff9-b0f50a813eee,1.66,false,false,near_mint,en,USD,2026-04-18T03:21:52.140Z
The Koronation,deck,Many Partings,TLE,Avatar: The Last Airbender Eternal,169,normal,common,1,109664,29267b6b-e0d9-4514-8932-16bf8e6db3bb,0.28,false,false,near_mint,en,USD,2026-04-18T03:21:52.140Z
The Koronation,deck,"Miirym, Sentinel Wyrm",CLB,Commander Legends: Battle for Baldur's Gate,284,normal,rare,1,69208,a934590b-5c70-4f07-af67-fbe817a99531,7.42,false,false,near_mint,en,USD,2026-04-18T03:21:52.140Z
The Koronation,deck,Molten Exhale,TDM,Tarkir: Dragonstorm,113,normal,common,1,104440,0ab95aab-a4bf-4131-83a0-2c138b6f20c3,0.07,false,false,near_mint,en,USD,2026-04-18T03:21:52.140Z
The Koronation,deck,Mountain,TLA,Avatar: The Last Airbender,285,normal,common,5,108275,c44f81ca-f72f-445c-8901-3a894a2a47f9,0.13,false,false,near_mint,en,USD,2026-04-18T03:21:52.140Z
The Koronation,deck,Nature's Rhythm,TDM,Tarkir: Dragonstorm,150,normal,rare,1,104460,1397d904-c51d-451e-8505-7f3118acc1f6,4.73,false,false,near_mint,en,USD,2026-04-18T03:21:52.140Z
The Koronation,deck,"Niv-Mizzet, Parun",OTC,Outlaws of Thunder Junction Commander,235,normal,rare,1,93727,86c5c337-d25f-4c3e-9762-09ed0c2d36d7,6.94,false,false,near_mint,en,USD,2026-04-18T03:21:52.140Z
The Koronation,deck,Nova Hellkite,PEOE,Edge of Eternities Promos,148s,foil,rare,1,107921,23adc472-acee-4642-8306-00505eb82e0f,3.02,false,false,near_mint,en,USD,2026-04-18T03:21:52.140Z
The Koronation,deck,Path of Ancestry,TDC,Tarkir: Dragonstorm Commander,382,normal,common,1,104906,b8504812-fcf5-47d3-977d-1d9a11231fd0,0.23,false,false,near_mint,en,USD,2026-04-18T03:21:52.140Z
The Koronation,deck,Peculiar Lighthouse,DSK,Duskmourn: House of Horror,265,normal,common,1,98620,3a6e40c0-e70e-4353-a920-9851cfac71dd,0.1,false,false,near_mint,en,USD,2026-04-18T03:21:52.140Z
The Koronation,deck,Propaganda,FIC,Final Fantasy Commander,268,normal,uncommon,1,106044,8fdbe10e-4a5c-43ee-abb5-20a8d5be9727,2.38,false,false,near_mint,en,USD,2026-04-18T03:21:52.140Z
The Koronation,deck,Relic of Legends,FIC,Final Fantasy Commander,354,normal,uncommon,1,106231,ed235727-7e60-4b37-8947-4b3613711c4d,1.56,false,false,near_mint,en,USD,2026-04-18T03:21:52.140Z
The Koronation,deck,"Renari, Merchant of Marvels",CLB,Commander Legends: Battle for Baldur's Gate,90,normal,uncommon,1,68893,1c044363-d661-4703-841c-8279fa4aa5e5,0.24,false,false,near_mint,en,USD,2026-04-18T03:21:52.140Z
The Koronation,deck,Run Away Together,BLB,Bloomburrow,67,normal,common,1,95799,7cb7ec70-a5a4-4188-ba1a-e88b81bdbad0,0.1,false,false,near_mint,en,USD,2026-04-18T03:21:52.140Z
The Koronation,deck,"Ryusei, the Falling Star",CLB,Commander Legends: Battle for Baldur's Gate,806,normal,rare,1,69549,68d57ab8-fbe0-4f01-b7f7-2a5cccd2d13a,1.14,false,false,near_mint,en,USD,2026-04-18T03:21:52.140Z
The Koronation,deck,"Sarkhan, Dragon Ascendant",TDM,Tarkir: Dragonstorm,118,normal,rare,1,104003,c2200646-7b7c-489d-bbae-16b03e1d7fb2,0.36,false,false,near_mint,en,USD,2026-04-18T03:21:52.140Z
The Koronation,deck,Skanos Dragonheart,CLB,Commander Legends: Battle for Baldur's Gate,255,normal,uncommon,1,69344,e2f9233c-9d9f-480b-89fb-54d74d63a17a,0.18,false,false,near_mint,en,USD,2026-04-18T03:21:52.140Z
The Koronation,deck,Sol Ring,FIC,Final Fantasy Commander,359,normal,uncommon,1,105841,1abcafa9-0f27-482f-95a9-24520f0106b8,1.57,false,false,near_mint,en,USD,2026-04-18T03:21:52.140Z
The Koronation,deck,Solemn Simulacrum,CLB,Commander Legends: Battle for Baldur's Gate,872,normal,rare,1,69534,5fec09ec-a300-4d3c-8054-0250bb70b93b,0.44,false,false,near_mint,en,USD,2026-04-18T03:21:52.140Z
The Koronation,deck,Steel Hellkite,TDC,Tarkir: Dragonstorm Commander,327,normal,rare,1,104651,548cbc66-d915-4b94-86da-4c909a1ce645,0.33,false,false,near_mint,en,USD,2026-04-18T03:21:52.140Z
The Koronation,deck,Summon: Bahamut,PFIN,Final Fantasy Promos,1s,foil,mythic,1,106826,5c0e08d1-ecec-4577-b16e-a8d8478472a0,46.09,false,false,near_mint,en,USD,2026-04-18T03:21:52.140Z
The Koronation,deck,Swiftwater Cliffs,TDM,Tarkir: Dragonstorm,268,normal,common,1,104361,ca53fb19-b8ca-485b-af1a-5117ae54bfe3,0.1,false,false,near_mint,en,USD,2026-04-18T03:21:52.140Z
The Koronation,deck,Temple of Epiphany,EOC,Edge of Eternities Commander,187,normal,rare,1,107309,a4ee2565-a630-4c7b-93c2-8baba3d3441e,0.29,false,false,near_mint,en,USD,2026-04-18T03:21:52.140Z
The Koronation,deck,Temple of the Dragon Queen,TDC,Tarkir: Dragonstorm Commander,104,normal,uncommon,1,104806,91658f56-12c9-4173-94ad-dfd186b1dbae,0.3,false,false,near_mint,en,USD,2026-04-18T03:21:52.140Z
The Koronation,deck,Temur Ascendancy,TDC,Tarkir: Dragonstorm Commander,305,normal,rare,1,104672,5cedb54a-a6f6-48aa-acdf-01c988c1c37d,1.89,false,false,near_mint,en,USD,2026-04-18T03:21:52.140Z
The Koronation,deck,Terrain Generator,CLB,Commander Legends: Battle for Baldur's Gate,926,normal,uncommon,1,69714,f40e9f0f-8c0d-4bfd-9872-370ce3763006,2.08,false,false,near_mint,en,USD,2026-04-18T03:21:52.140Z
The Koronation,deck,Terramorphic Expanse,EOC,Edge of Eternities Commander,62,normal,common,1,107056,7102269a-e0d1-42a0-aa9d-fdd53b5aaebe,0.28,false,false,near_mint,en,USD,2026-04-18T03:21:52.140Z
The Koronation,deck,Territorial Hellkite,TDC,Tarkir: Dragonstorm Commander,240,normal,rare,1,105068,faad2d44-1443-42c3-9d3e-b78951b1e851,0.22,false,false,near_mint,en,USD,2026-04-18T03:21:52.140Z
The Koronation,deck,Thornwood Falls,TDM,Tarkir: Dragonstorm,269,normal,common,1,104376,ebb502c2-5fd0-46a9-b77d-010f4a942056,0.17,false,false,near_mint,en,USD,2026-04-18T03:21:52.140Z
The Koronation,deck,Thrakkus the Butcher,CLB,Commander Legends: Battle for Baldur's Gate,551,etched,uncommon,1,69220,adfa117d-2404-418d-8d5b-0a68550c1e9b,0.96,false,false,near_mint,en,USD,2026-04-18T03:21:52.140Z
The Koronation,deck,Thriving Bluff,TLE,Avatar: The Last Airbender Eternal,260,normal,common,1,108222,6c382c6a-ec47-4b8d-8ad4-cfc935765742,0.18,false,false,near_mint,en,USD,2026-04-18T03:21:52.140Z
The Koronation,deck,Thriving Grove,TLE,Avatar: The Last Airbender Eternal,261,normal,common,1,108203,4ba5e3b0-98df-40cc-96a3-0a87c3d39b99,0.16,false,false,near_mint,en,USD,2026-04-18T03:21:52.140Z
The Koronation,deck,Thunder Dragon,CLB,Commander Legends: Battle for Baldur's Gate,810,normal,rare,1,69609,9ff75ff4-495f-4a0c-9d98-69eff1b3fa32,0.5,false,false,near_mint,en,USD,2026-04-18T03:21:52.140Z
The Koronation,deck,Unclaimed Territory,LCC,The Lost Caverns of Ixalan Commander,366,normal,uncommon,1,88988,e7bd3aaa-864c-4cbb-bbab-68d87c824e3d,0.35,false,false,near_mint,en,USD,2026-04-18T03:21:52.140Z
The Koronation,deck,Vengeful Ancestor,MKC,Murders at Karlov Manor Commander,163,normal,rare,1,90539,d391c561-906f-4a5b-a36c-3b8743e05af1,0.42,false,false,near_mint,en,USD,2026-04-18T03:21:52.140Z
The Koronation,deck,Wandering Fumarole,CLB,Commander Legends: Battle for Baldur's Gate,928,normal,rare,1,69659,ce3a6a8e-a01e-4d14-a6e5-c02c8205c749,0.29,false,false,near_mint,en,USD,2026-04-18T03:21:52.140Z
The Koronation,deck,Wrathful Red Dragon,CLB,Commander Legends: Battle for Baldur's Gate,585,normal,rare,1,69324,d8965c80-dece-4f36-aa75-c2b5ced40800,5.76,false,false,near_mint,en,USD,2026-04-18T03:21:52.140Z
The Hamster Cannon,deck,Abrade,VOW,Innistrad: Crimson Vow,139,normal,common,1,64344,a0e47d11-cb21-402b-a39e-588a94cc57b4,0.26,false,false,near_mint,en,USD,2026-04-18T03:24:33.572Z
The Hamster Cannon,deck,Act of Treason,M20,Core Set 2020,124,normal,common,1,45337,20234668-53ce-4cc8-892f-30ee3ecfc34c,0.26,false,false,near_mint,en,USD,2026-04-18T03:24:33.572Z
The Hamster Cannon,deck,Heroic Intervention,SLD,Secret Lair Drop,1872,normal,rare,1,106317,e65a0c1e-97f7-440c-be96-0adf5003bc52,19.47,false,false,near_mint,en,USD,2026-04-18T03:24:33.572Z
The Hamster Cannon,deck,Amorphous Axe,CMR,Commander Legends,295,foil,common,1,56032,2de53345-5809-4704-bd60-682b0c3c3999,0.14,false,false,near_mint,en,USD,2026-04-18T03:24:33.572Z
The Hamster Cannon,deck,Atalan Jackal,40K,"Warhammer 40,000 Commander",105,normal,rare,1,72342,3fc069f7-2445-44ff-bcff-5b0741841690,4.66,false,false,near_mint,en,USD,2026-04-18T03:24:33.572Z
The Hamster Cannon,deck,Back to Nature,M11,Magic 2011,164,normal,uncommon,1,21225,e7af9ebf-8935-4107-aacd-4c643b68cb6e,0.39,false,false,near_mint,en,USD,2026-04-18T03:24:33.572Z
The Hamster Cannon,deck,Badgermole,TLA,Avatar: The Last Airbender,166,normal,common,1,108260,aabbd420-b7fc-496f-9168-bad823d51d9e,0.15,false,false,near_mint,en,USD,2026-04-18T03:24:33.572Z
The Hamster Cannon,deck,Biogenic Upgrade,FDN,Foundations,553,normal,uncommon,1,101618,ef20af5e-1ffe-426a-805a-ca4a6a122260,0.23,false,false,near_mint,en,USD,2026-04-18T03:24:33.572Z
The Hamster Cannon,deck,Bonders' Enclave,FIC,Final Fantasy Commander,376,normal,rare,1,106112,abcd3daa-dd34-4d7d-b3ed-839f5e438cd7,0.37,false,false,near_mint,en,USD,2026-04-18T03:24:33.572Z
The Hamster Cannon,deck,Bone Sabres,40K,"Warhammer 40,000 Commander",88,normal,rare,1,72422,73d9374d-72b8-4397-9c46-be9216fab911,5.11,false,false,near_mint,en,USD,2026-04-18T03:24:33.572Z
The Hamster Cannon,deck,Broodguard Elite,EOE,Edge of Eternities,175,normal,uncommon,1,106945,08b1d019-65ab-4dea-9076-041fd6338a35,0.28,false,false,near_mint,en,USD,2026-04-18T03:24:33.572Z
The Hamster Cannon,deck,"Bugenhagen, Wise Elder",FIC,Final Fantasy Commander,66,normal,rare,1,106061,99155fae-507a-4eab-918a-bdee021e2262,0.55,false,false,near_mint,en,USD,2026-04-18T03:24:33.572Z
The Hamster Cannon,deck,Bushwhack,FDN,Foundations,215,normal,common,1,101469,03ebdb36-55e0-49dd-a514-785fbeb4ae19,0.26,false,false,near_mint,en,USD,2026-04-18T03:24:33.572Z
The Hamster Cannon,deck,"Casey Jones, Back Alley Brute",TMC,Teenage Mutant Ninja Turtles Eternal,22,normal,rare,1,111218,416d888d-2699-49bd-830b-bf5bda25c91f,0.36,false,false,near_mint,en,USD,2026-04-18T03:24:33.572Z
The Hamster Cannon,deck,Cave of Temptation,40K,"Warhammer 40,000 Commander",267,normal,common,1,72329,3405206b-992b-4912-817c-d90b2eecbac5,0.33,false,false,near_mint,en,USD,2026-04-18T03:24:33.572Z
The Hamster Cannon,deck,Cinder Glade,40K,"Warhammer 40,000 Commander",269,normal,rare,1,72567,f0654ea5-d192-4c2e-ba48-fa516d4a3f94,0.4,false,false,near_mint,en,USD,2026-04-18T03:24:33.572Z
The Hamster Cannon,deck,Command Tower,TMC,Teenage Mutant Ninja Turtles Eternal,63,normal,common,1,111234,4d51a621-be31-4b74-8e0b-3958180a8bc5,0.38,false,false,near_mint,en,USD,2026-04-18T03:24:33.572Z
The Hamster Cannon,deck,Cultivate,FIC,Final Fantasy Commander,300,normal,common,1,105818,0c5f5297-fe94-44df-9004-427640196afd,0.44,false,false,near_mint,en,USD,2026-04-18T03:24:33.572Z
The Hamster Cannon,deck,Death's Presence,40K,"Warhammer 40,000 Commander",212,normal,rare,1,72587,fe4069fc-947d-4902-ab96-3994df4cc0d8,0.56,false,false,near_mint,en,USD,2026-04-18T03:24:33.572Z
The Hamster Cannon,deck,Drix Fatemaker,EOE,Edge of Eternities,178,normal,common,1,107381,1beb7566-305e-4091-bdc4-cf4c789ac05a,0.04,false,false,near_mint,en,USD,2026-04-18T03:24:33.572Z
The Hamster Cannon,deck,Duskshell Crawler,J25,Foundations Jumpstart,653,normal,common,1,100616,66a3918e-978e-4bfb-ba83-6519704dee92,0.21,false,false,near_mint,en,USD,2026-04-18T03:24:33.572Z
The Hamster Cannon,deck,Evolving Wilds,BRO,The Brothers' War,261,normal,common,1,75344,238de888-b1bd-4cce-9aa2-d0dd69ae7f0d,0.11,false,false,near_mint,en,USD,2026-04-18T03:24:33.572Z
The Hamster Cannon,deck,Exocrine,40K,"Warhammer 40,000 Commander",76,normal,rare,1,72384,5b8c1303-6829-4c82-96de-a67bc0d72e42,1.65,false,false,near_mint,en,USD,2026-04-18T03:24:33.572Z
The Hamster Cannon,deck,Exotic Orchard,40K,"Warhammer 40,000 Commander",278,normal,rare,1,72563,ec9c7011-694b-4705-b85c-bf4edf26e437,0.35,false,false,near_mint,en,USD,2026-04-18T03:24:33.572Z
The Hamster Cannon,deck,Fire-Lit Thicket,FIC,Final Fantasy Commander,392,normal,rare,1,106140,bcab849e-336d-490f-8dd2-0936fba2afbe,1.59,false,false,near_mint,en,USD,2026-04-18T03:24:33.572Z
The Hamster Cannon,deck,Fling,DKA,Dark Ascension,90,foil,common,1,18447,cf1ab466-44bb-45d5-a94f-21b8924f0d89,0.46,false,false,near_mint,en,USD,2026-04-18T03:24:33.572Z
The Hamster Cannon,deck,Forest,J25,Foundations Jumpstart,95,normal,common,10,100722,7df94d2c-7c1f-4461-8f70-c2bd4ebb95be,0.21,false,false,near_mint,en,USD,2026-04-18T03:24:33.572Z
The Hamster Cannon,deck,Frenzied Baloth,EOE,Edge of Eternities,183,normal,rare,1,107158,c72d85e9-a0bc-4f73-8d73-c58843577f4e,1.89,false,false,near_mint,en,USD,2026-04-18T03:24:33.572Z
The Hamster Cannon,deck,Game Trail,40K,"Warhammer 40,000 Commander",282,normal,rare,1,72571,f2777ccc-342d-4a1a-8566-94810decee11,0.4,false,false,near_mint,en,USD,2026-04-18T03:24:33.572Z
The Hamster Cannon,deck,Gangly Stompling,ECL,Lorwyn Eclipsed,226,normal,common,1,110497,502000a7-a3c1-4259-aea5-ff01724396a1,0.18,false,false,near_mint,en,USD,2026-04-18T03:24:33.572Z
The Hamster Cannon,deck,Giant Ankheg,CLB,Commander Legends: Battle for Baldur's Gate,233,normal,uncommon,1,69256,bc420f2c-09fa-4f90-a1c3-7d151ecaa8b3,0.28,false,false,near_mint,en,USD,2026-04-18T03:24:33.572Z
The Hamster Cannon,deck,Goatnap,MH1,Modern Horizons,126,normal,common,1,44808,709d4928-e976-4c7c-ba09-cce95d1797b2,0.19,false,false,near_mint,en,USD,2026-04-18T03:24:33.572Z
The Hamster Cannon,deck,"Gongaga, Reactor Town",FIN,Final Fantasy,280,normal,common,1,106580,7beccfa6-3e4b-4460-954e-870cb39e462d,0.16,false,false,near_mint,en,USD,2026-04-18T03:24:33.572Z
The Hamster Cannon,deck,"Halana and Alena, Partners",FDN,Foundations,659,normal,rare,1,101034,b649f459-c9dc-495d-8703-b685996bb80c,0.41,false,false,near_mint,en,USD,2026-04-18T03:24:33.572Z
The Hamster Cannon,deck,Hull Breach,40K,"Warhammer 40,000 Commander",224,normal,uncommon,1,72478,a644b428-44b4-4f76-a1e7-0bbd134774da,1.93,false,false,near_mint,en,USD,2026-04-18T03:24:33.572Z
The Hamster Cannon,deck,Involuntary Employment,FDN,Foundations,203,normal,common,1,101622,f3ad3d62-2f24-4562-b3fa-809213dbc4a4,0.1,false,false,near_mint,en,USD,2026-04-18T03:24:33.572Z
The Hamster Cannon,deck,Jumbo Cactuar,FIN,Final Fantasy,191,normal,rare,1,103807,db01c222-8795-47e9-a789-e7f749a3ee7d,3.9,false,false,near_mint,en,USD,2026-04-18T03:24:33.572Z
The Hamster Cannon,deck,Kessig Wolf Run,TDC,Tarkir: Dragonstorm Commander,375,normal,rare,1,104536,32da0d6c-64dd-4aec-b63e-953e96164603,0.3,false,false,near_mint,en,USD,2026-04-18T03:24:33.572Z
The Hamster Cannon,deck,Laughing Mad,FIN,Final Fantasy,143,normal,common,1,106168,cd5b9daf-6325-4eb4-a069-4a8cc7807884,0.23,false,false,near_mint,en,USD,2026-04-18T03:24:33.572Z
The Hamster Cannon,deck,"Leatherhead, Iron Gator",TMC,Teenage Mutant Ninja Turtles Eternal,30,normal,rare,1,111351,c0cacd61-bdce-46c6-ac7f-b084987d9aec,0.37,false,false,near_mint,en,USD,2026-04-18T03:24:33.572Z
The Hamster Cannon,deck,Llanowar Elves,FDN,Foundations,227,normal,common,1,95583,6a0b230b-d391-4998-a3f7-7b158a0ec2cd,0.36,false,false,near_mint,en,USD,2026-04-18T03:24:33.572Z
The Hamster Cannon,deck,Loyal Guardian,C18,Commander 2018,31,normal,uncommon,1,812,1fc62139-cbb3-43e2-852e-9242a8a53153,1.17,false,false,near_mint,en,USD,2026-04-18T03:24:33.572Z
The Hamster Cannon,deck,Mawloc,40K,"Warhammer 40,000 Commander",133,normal,rare,1,72506,bbec97ff-bb84-4496-9e09-d4fc1570c516,3.34,false,false,near_mint,en,USD,2026-04-18T03:24:33.572Z
The Hamster Cannon,deck,Meltstrider's Gear,EOE,Edge of Eternities,198,normal,common,1,107775,d75629cb-91e2-46fa-9c80-6feb29e1ceb8,0.06,false,false,near_mint,en,USD,2026-04-18T03:24:33.572Z
The Hamster Cannon,deck,"Michelangelo, the Heart",TMC,Teenage Mutant Ninja Turtles Eternal,5,normal,mythic,1,109298,bac2d744-db65-4b56-8634-c87fd00c090e,5.52,false,false,near_mint,en,USD,2026-04-18T03:24:33.572Z
The Hamster Cannon,deck,"Minsc & Boo, Timeless Heroes",CLB,Commander Legends: Battle for Baldur's Gate,285,normal,mythic,1,67517,928036c9-11b8-493e-b9f2-8fbd3487cd19,3.44,false,false,near_mint,en,USD,2026-04-18T03:24:33.572Z
The Hamster Cannon,deck,Mossfire Valley,FIC,Final Fantasy Commander,407,normal,rare,1,106199,de5279fc-2532-4e66-bc44-ca395e106ab0,0.27,false,false,near_mint,en,USD,2026-04-18T03:24:33.572Z
The Hamster Cannon,deck,Mountain,J25,Foundations Jumpstart,90,normal,common,10,100927,a3a4da7d-a703-4f91-9ef7-ce269c0b63fb,0.12,false,false,near_mint,en,USD,2026-04-18T03:24:33.572Z
The Hamster Cannon,deck,"Mowu, Loyal Companion",J25,Foundations Jumpstart,79,normal,uncommon,1,100699,790377ad-2b1b-48b7-8ca1-49d56a907162,0.19,false,false,near_mint,en,USD,2026-04-18T03:24:33.572Z
The Hamster Cannon,deck,Nature's Lore,FIC,Final Fantasy Commander,311,normal,common,1,105794,01c2b71a-492d-431c-90ba-173781ba8815,2.72,false,false,near_mint,en,USD,2026-04-18T03:24:33.572Z
The Hamster Cannon,deck,Old One Eye,40K,"Warhammer 40,000 Commander",96,normal,rare,1,72491,b5aaaee0-9a61-45df-821e-cce516f8de6a,3.24,false,false,near_mint,en,USD,2026-04-18T03:24:33.572Z
The Hamster Cannon,deck,Portent of Betrayal,CMR,Commander Legends,194,normal,common,1,56087,6288606e-182a-4260-bbe9-3f8f09c2f33c,0.08,false,false,near_mint,en,USD,2026-04-18T03:24:33.572Z
The Hamster Cannon,deck,Quaketusk Boar,BLB,Bloomburrow,146,normal,uncommon,1,95869,2f2b7fd3-a139-49ea-8a89-b64261e868ef,0.05,false,false,near_mint,en,USD,2026-04-18T03:24:33.572Z
The Hamster Cannon,deck,Quartzwood Crasher,LCC,The Lost Caverns of Ixalan Commander,281,normal,rare,1,88923,d39e00aa-9af9-4e53-8540-3fb56009c9b4,1.01,false,false,near_mint,en,USD,2026-04-18T03:24:33.572Z
The Hamster Cannon,deck,Rampant Growth,FIC,Final Fantasy Commander,313,normal,common,1,106239,f3b48473-b53d-4c85-b970-7ee09a1eefd2,0.47,false,false,near_mint,en,USD,2026-04-18T03:24:33.572Z
The Hamster Cannon,deck,"Raphael, the Muscle",TMC,Teenage Mutant Ninja Turtles Eternal,4,normal,mythic,1,109299,bccdd54c-e64b-44d2-87b3-e80029672529,4.54,false,false,near_mint,en,USD,2026-04-18T03:24:33.572Z
The Hamster Cannon,deck,"Red XIII, Proud Warrior",FIC,Final Fantasy Commander,91,normal,rare,1,105826,10407b26-be28-4628-9567-746681e5c834,0.35,false,false,near_mint,en,USD,2026-04-18T03:24:33.572Z
The Hamster Cannon,deck,"Rocksteady, Mutant Marauder",TMC,Teenage Mutant Ninja Turtles Eternal,33,normal,rare,1,111328,ae25d91f-5489-4cd8-8634-42bcd32d4cf1,0.35,false,false,near_mint,en,USD,2026-04-18T03:24:33.572Z
The Hamster Cannon,deck,Rootbound Crag,FIC,Final Fantasy Commander,416,normal,rare,1,105986,73a2e070-f375-4558-a982-01f6f4e902e9,0.34,false,false,near_mint,en,USD,2026-04-18T03:24:33.572Z
The Hamster Cannon,deck,Rugged Highlands,TDM,Tarkir: Dragonstorm,265,foil,common,1,104267,31261eca-28ad-407c-84ef-0c124d0d7451,0.19,false,false,near_mint,en,USD,2026-04-18T03:24:33.572Z
The Hamster Cannon,deck,"Samut, Tyrant Smasher",WAR,War of the Spark,235,normal,uncommon,1,44169,e0457e3f-56c1-401b-8e08-f04b95c55e2d,0.33,false,false,near_mint,en,USD,2026-04-18T03:24:33.572Z
The Hamster Cannon,deck,Sazh Katzroy,FIN,Final Fantasy,199,normal,rare,1,106328,1e2a3566-1390-457e-8077-d776a8671319,0.6,false,false,near_mint,en,USD,2026-04-18T03:24:33.572Z
The Hamster Cannon,deck,Shadow in the Warp,40K,"Warhammer 40,000 Commander",140,normal,rare,1,72509,bd60cd99-1511-4903-b678-ff5a1853a742,17.81,false,false,near_mint,en,USD,2026-04-18T03:24:33.572Z
The Hamster Cannon,deck,Sol Ring,EOC,Edge of Eternities Commander,57,normal,uncommon,1,107201,ee6e5a35-fe21-4dee-b0ef-a8f2841511ad,1.49,false,false,near_mint,en,USD,2026-04-18T03:24:33.572Z
The Hamster Cannon,deck,Special Move,TMC,Teenage Mutant Ninja Turtles Eternal,26,normal,rare,1,111254,600e2c3f-dfbd-4d5c-813a-47ae2d75ac12,0.29,false,false,near_mint,en,USD,2026-04-18T03:24:33.572Z
The Hamster Cannon,deck,Spider Manifestation,SPM,Marvel's Spider-Man,148,normal,common,1,108553,99223677-b8a5-48f1-8009-e8475eada7db,0.22,false,false,near_mint,en,USD,2026-04-18T03:24:33.572Z
The Hamster Cannon,deck,Spire Garden,TMC,Teenage Mutant Ninja Turtles Eternal,75,normal,rare,1,111227,48444c3e-2068-4961-a9cd-9398052e5bd6,5.05,false,false,near_mint,en,USD,2026-04-18T03:24:33.572Z
The Hamster Cannon,deck,Suplex,FIN,Final Fantasy,164,normal,common,1,106376,f61693a2-7042-44e0-85ba-9bf12ab94e7e,0.17,false,false,near_mint,en,USD,2026-04-18T03:24:33.572Z
The Hamster Cannon,deck,Synchronized Charge,TDM,Tarkir: Dragonstorm,162,normal,uncommon,1,104484,1f721f8d-fd2f-480b-8645-4bf6ce38dde9,0.1,false,false,near_mint,en,USD,2026-04-18T03:24:33.572Z
The Hamster Cannon,deck,Taunting Kobold,CLB,Commander Legends: Battle for Baldur's Gate,199,normal,uncommon,1,69140,87149c2a-503b-46e0-9a7f-cc40a9507883,0.19,false,false,near_mint,en,USD,2026-04-18T03:24:33.572Z
The Hamster Cannon,deck,Temple of Abandon,40K,"Warhammer 40,000 Commander",297,normal,rare,1,72513,c12a751e-82e9-4181-bb9d-f9412b9c6df3,0.33,false,false,near_mint,en,USD,2026-04-18T03:24:33.572Z
The Hamster Cannon,deck,The Akroan War,CLB,Commander Legends: Battle for Baldur's Gate,777,normal,rare,1,69565,78161e60-878a-45a2-aced-40b739bd0a07,0.34,false,false,near_mint,en,USD,2026-04-18T03:24:33.572Z
The Hamster Cannon,deck,Nyxbloom Ancient,FCA,Final Fantasy: Through the Ages,16,normal,mythic,1,105626,5f2b2373-9052-4246-a644-1f5b723ea9f1,28.01,false,false,near_mint,en,USD,2026-04-18T03:24:33.572Z
The Hamster Cannon,deck,Thriving Grove,J25,Foundations Jumpstart,776,normal,common,1,101024,b548551d-756b-496e-a1c0-4fa77707663d,0.27,false,false,near_mint,en,USD,2026-04-18T03:24:33.572Z
The Hamster Cannon,deck,Tifa Lockhart,FIN,Final Fantasy,206,normal,rare,1,105765,fb781323-2746-405d-a9b2-e778c037a6e9,3.26,false,false,near_mint,en,USD,2026-04-18T03:24:33.572Z
The Hamster Cannon,deck,Unexpected Request,FIN,Final Fantasy,167,normal,uncommon,1,106495,0265fd20-a85d-49ce-b338-4c40843a5b18,0.08,false,false,near_mint,en,USD,2026-04-18T03:24:33.572Z
The Hamster Cannon,deck,Vandalblast,FIC,Final Fantasy Commander,298,normal,uncommon,1,106068,9b5a8df2-2bc0-408c-a9d2-e70c0f56642d,1.9,false,false,near_mint,en,USD,2026-04-18T03:24:33.572Z
The Hamster Cannon,deck,Wandertale Mentor,BLB,Bloomburrow,240,normal,uncommon,1,95808,8c399a55-d02e-41ed-b827-8784b738c118,0.18,false,false,near_mint,en,USD,2026-04-18T03:24:33.572Z
The Hamster Cannon,deck,"Wilson, Refined Grizzly",CLB,Commander Legends: Battle for Baldur's Gate,261,normal,uncommon,1,69337,dfe0daf8-43da-484b-baa1-76f8313c5a0c,0.32,false,false,near_mint,en,USD,2026-04-18T03:24:33.572Z
The Hamster Cannon,deck,Wooded Ridgeline,FIC,Final Fantasy Commander,441,normal,common,1,105970,672b6ef0-a21a-4bf0-9058-58d9a353ed57,0.29,false,false,near_mint,en,USD,2026-04-18T03:24:33.572Z
The Hamster Cannon,deck,Wose Pathfinder,LTR,The Lord of the Rings: Tales of Middle-earth,190,normal,common,1,83144,6589b339-9067-4e9b-bfdb-c49f8b3ef2d4,0.08,false,false,near_mint,en,USD,2026-04-18T03:24:33.572Z
The Hamster Cannon,deck,"Zanarkand, Ancient Metropolis // Lasting Fayth",FIN,Final Fantasy,314,normal,rare,1,105712,c64bb94b-c1a7-4dd3-b2dc-b87d306d62ad,1.63,false,false,near_mint,en,USD,2026-04-18T03:24:33.572Z
The Armory,deck,Adelbert Steiner,FIN,Final Fantasy,3,normal,uncommon,1,106424,1a67a991-1e52-4676-a2e3-2bc7aa943ab3,0.15,false,false,near_mint,en,USD,2026-04-18T03:26:39.601Z
The Armory,deck,Adventurer's Inn,FIN,Final Fantasy,271,normal,common,1,105754,f0da2ee1-986e-4cbf-92eb-d96fdb572ca5,0.22,false,false,near_mint,en,USD,2026-04-18T03:26:39.601Z
The Armory,deck,Aettir and Priwen,FIN,Final Fantasy,253,normal,mythic,1,106497,038710ca-c756-4e66-a9de-278e676c9f5b,6.57,false,false,near_mint,en,USD,2026-04-18T03:26:39.601Z
The Armory,deck,"Alexios, Deimos of Kosmos",ACR,Assassin's Creed,33,normal,uncommon,1,95522,e81b94b2-4052-4686-a788-9baf0fa0f81a,0.53,false,false,near_mint,en,USD,2026-04-18T03:26:39.601Z
The Armory,deck,Arcane Signet,EOC,Edge of Eternities Commander,53,normal,common,1,107001,3d994115-378d-4685-a5dc-e448831da434,0.45,false,false,near_mint,en,USD,2026-04-18T03:26:39.601Z
The Armory,deck,Ash Barrens,TDC,Tarkir: Dragonstorm Commander,339,normal,common,1,105054,f5314520-b8af-4416-b57c-74388542ecb6,0.32,false,false,near_mint,en,USD,2026-04-18T03:26:39.601Z
The Armory,deck,"Ashe, Princess of Dalmasca",FIN,Final Fantasy,425,normal,uncommon,1,106606,9b103e50-8bac-41d4-966e-a5d42132bc12,1.51,false,false,near_mint,en,USD,2026-04-18T03:26:39.601Z
The Armory,deck,Austere Command,FIC,Final Fantasy Commander,231,normal,rare,1,106053,93e3dbd9-20f6-47a2-8246-c260b2ead9dc,0.44,false,false,near_mint,en,USD,2026-04-18T03:26:39.601Z
The Armory,deck,Battlefield Forge,M3C,Modern Horizons 3 Commander,321,normal,rare,1,94773,8ba7cd01-5fa4-40e2-a6d3-fe5e876f69b0,0.38,false,false,near_mint,en,USD,2026-04-18T03:26:39.601Z
The Armory,deck,Bolt Bend,PLST,The List,WAR-115,normal,uncommon,1,97953,83e25127-9e01-4eef-b0ea-4670ed16a59d,3.32,false,false,near_mint,en,USD,2026-04-18T03:26:39.601Z
The Armory,deck,Boros Signet,TDC,Tarkir: Dragonstorm Commander,314,normal,uncommon,1,104614,49c37c0e-d363-4033-a069-710241cd9923,0.47,false,false,near_mint,en,USD,2026-04-18T03:26:39.601Z
The Armory,deck,Bovine Intervention,OTJ,Outlaws of Thunder Junction,6,normal,uncommon,1,93095,26c36742-456f-4618-99bc-793ef20b31b0,0.27,false,false,near_mint,en,USD,2026-04-18T03:26:39.601Z
The Armory,deck,Brotherhood Regalia,ACR,Assassin's Creed,71,normal,uncommon,1,95426,8a6439a6-288d-427e-b14b-a99e8ef8c5cd,8.16,false,false,near_mint,en,USD,2026-04-18T03:26:39.601Z
The Armory,deck,Browbeat,PLST,The List,A25-123,normal,uncommon,1,48478,db8ec14b-f972-4a23-a49b-30a83f52f9aa,0.32,false,false,near_mint,en,USD,2026-04-18T03:26:39.601Z
The Armory,deck,Bruenor Battlehammer,AFR,Adventures in the Forgotten Realms,337,normal,uncommon,1,60428,c620e7d7-60f8-452b-9563-5624791ae893,0.48,false,false,near_mint,en,USD,2026-04-18T03:26:39.601Z
The Armory,deck,Buster Sword,FIN,Final Fantasy,351,foil,mythic,1,106375,f57d0446-1eae-4b88-b65c-92a14a3f9cef,119.49,false,false,near_mint,ja,USD,2026-04-18T03:26:39.601Z
The Armory,deck,"Cid, Freeflier Pilot",FIC,Final Fantasy Commander,13,normal,rare,1,106121,afa9e3e6-a633-46ad-b52a-48574b2f3d07,0.41,false,false,near_mint,en,USD,2026-04-18T03:26:39.601Z
The Armory,deck,Clever Concealment,FIC,Final Fantasy Commander,236,normal,rare,1,105914,4836e220-5c89-49fc-8918-a51adf026ab4,7.42,false,false,near_mint,en,USD,2026-04-18T03:26:39.601Z
The Armory,deck,Clifftop Retreat,EOC,Edge of Eternities Commander,155,normal,rare,1,107355,f795f6fd-eac9-4c6d-90f5-bc475c8d69ac,0.34,false,false,near_mint,en,USD,2026-04-18T03:26:39.601Z
The Armory,deck,Umezawa's Jitte,SLD,Secret Lair Drop,1865,normal,rare,1,106304,32a46d1d-df85-4388-acd6-91818aa9af80,19.56,false,false,near_mint,en,USD,2026-04-18T03:26:39.601Z
The Armory,deck,"Cloud, Midgar Mercenary",FIN,Final Fantasy,10,normal,mythic,1,105580,2cf7e8a3-fad7-413d-b17c-7519a9cf5fb5,20.36,false,false,near_mint,en,USD,2026-04-18T03:26:39.601Z
The Armory,deck,Colossus Hammer,FIC,Final Fantasy Commander,338,normal,uncommon,1,106241,f50acbb6-b295-4aaa-bd75-7a94b704b945,0.77,false,false,near_mint,en,USD,2026-04-18T03:26:39.601Z
The Armory,deck,Command Tower,EOC,Edge of Eternities Commander,59,normal,common,1,107080,85eb4b03-305b-45a4-82e5-5fcd586cc744,0.35,false,false,near_mint,en,USD,2026-04-18T03:26:39.601Z
The Armory,deck,Conqueror's Flail,FIC,Final Fantasy Commander,340,normal,rare,1,106037,8e47061a-5505-4fe3-8caa-b0279b26e9b2,0.78,false,false,near_mint,en,USD,2026-04-18T03:26:39.601Z
The Armory,deck,Crystal Fragments // Summon: Alexander,FIN,Final Fantasy,357,foil,uncommon,1,106449,c2416ecc-bb6b-44f6-8fa6-61d168777f2e,0.55,false,false,near_mint,en,USD,2026-04-18T03:26:39.601Z
The Armory,deck,Darksteel Plate,FIC,Final Fantasy Commander,342,normal,rare,1,105917,49277723-84df-4842-a8e5-cdf1c1aa8161,4.81,false,false,near_mint,en,USD,2026-04-18T03:26:39.601Z
The Armory,deck,Dispatch,FIC,Final Fantasy Commander,241,normal,uncommon,1,105875,2ecc0fcb-9141-465c-90b1-7652d3c9a4ab,0.38,false,false,near_mint,en,USD,2026-04-18T03:26:39.601Z
The Armory,deck,"Edgar, Master Machinist",FIC,Final Fantasy Commander,80,normal,rare,1,105813,098a8025-6454-45d8-abe3-2c3dada3f582,0.26,false,false,near_mint,en,USD,2026-04-18T03:26:39.601Z
The Armory,deck,Evolving Wilds,EOC,Edge of Eternities Commander,158,normal,common,1,106990,31181bd2-3a1f-4cb9-ba30-637ac479133a,0.29,false,false,near_mint,en,USD,2026-04-18T03:26:39.601Z
The Armory,deck,Exotic Orchard,EOC,Edge of Eternities Commander,159,normal,rare,1,107347,e86174cd-0291-4fca-8e22-2d2b6f921460,0.29,false,false,near_mint,en,USD,2026-04-18T03:26:39.601Z
The Armory,deck,"Firion, Wild Rose Warrior",FIN,Final Fantasy,386,normal,rare,1,105664,8f1cb5a5-2f52-4a9d-a4fe-9603116b7ad5,2.16,false,false,near_mint,en,USD,2026-04-18T03:26:39.601Z
The Armory,deck,Freya Crescent,FIN,Final Fantasy,138,normal,uncommon,1,106289,9921f646-e893-44db-ac89-0633c1009788,0.26,false,false,near_mint,en,USD,2026-04-18T03:26:39.601Z
The Armory,deck,Furycalm Snarl,MKC,Murders at Karlov Manor Commander,263,normal,rare,1,90508,bdb27a86-0fbd-4123-9c8e-630c855d5e9e,0.26,false,false,near_mint,en,USD,2026-04-18T03:26:39.601Z
The Armory,deck,Genji Glove,FIN,Final Fantasy,258,normal,rare,1,106687,f724dde1-84b0-4e3b-a9b8-44cd22bb9f79,5.38,false,false,near_mint,en,USD,2026-04-18T03:26:39.601Z
The Armory,deck,"Gilgamesh, Master-at-Arms",FIN,Final Fantasy,139,normal,rare,1,105563,1eb81329-fb7a-4347-b96c-9960a5c48e87,0.69,false,false,near_mint,en,USD,2026-04-18T03:26:39.601Z
The Armory,deck,"Giott, King of the Dwarves",FIN,Final Fantasy,223,normal,uncommon,1,106565,6a7784de-a10d-4ce6-98a5-aaf3e85773b6,0.07,false,false,near_mint,en,USD,2026-04-18T03:26:39.601Z
The Armory,deck,Inspiring Statuary,FIC,Final Fantasy Commander,347,normal,rare,1,105978,6c28687d-b96a-4d3c-a6cb-99fbae6a384b,0.3,false,false,near_mint,en,USD,2026-04-18T03:26:39.601Z
The Armory,deck,Kusari-Gama,CHK,Champions of Kamigawa,260,normal,rare,1,28965,c6a700bd-6424-4a0c-b055-e8b64cf430ec,5.89,false,false,near_mint,en,USD,2026-04-18T03:26:39.601Z
The Armory,deck,Laughing Mad,FIN,Final Fantasy,143,normal,common,1,106168,cd5b9daf-6325-4eb4-a069-4a8cc7807884,0.23,false,false,near_mint,en,USD,2026-04-18T03:26:39.601Z
The Armory,deck,Leyline Axe,FDN,Foundations,129,normal,rare,1,101052,b9c03336-a321-4c06-94d1-809f328fabd8,1.38,false,false,near_mint,en,USD,2026-04-18T03:26:39.601Z
The Armory,deck,"Lightning, Army of One",FIN,Final Fantasy,320,normal,mythic,1,105705,be2af52c-9f38-40e4-a643-06c5f2a9f416,26.45,false,false,near_mint,en,USD,2026-04-18T03:26:39.601Z
The Armory,deck,Machinist's Arsenal,FIN,Final Fantasy,23,normal,rare,1,106381,ff976428-2145-4630-aab1-08870b90b2f0,0.51,false,false,near_mint,en,USD,2026-04-18T03:26:39.601Z
The Armory,deck,Make a Stand,J25,Foundations Jumpstart,222,normal,uncommon,1,101031,b62bc65b-a924-4486-bd4a-607a5aa982ae,0.16,false,false,near_mint,en,USD,2026-04-18T03:26:39.601Z
The Armory,deck,Mana Tithe,TSR,Time Spiral Remastered,26,normal,common,1,57764,9ae707d5-d81d-4320-b947-6016dc188898,1.23,false,false,near_mint,en,USD,2026-04-18T03:26:39.601Z
The Armory,deck,Meteoric Mace,MH3,Modern Horizons 3,283,normal,uncommon,1,94848,3fb34a09-d911-49ac-ac39-fad7ee1b41ef,0.2,false,false,near_mint,en,USD,2026-04-18T03:26:39.601Z
The Armory,deck,Mountain,TLE,Avatar: The Last Airbender Eternal,296,normal,common,9,108167,1ca86e9b-93af-461a-b69d-799711afddb8,0.11,false,false,near_mint,en,USD,2026-04-18T03:26:39.601Z
The Armory,deck,Path of Ancestry,TDC,Tarkir: Dragonstorm Commander,382,normal,common,1,104906,b8504812-fcf5-47d3-977d-1d9a11231fd0,0.23,false,false,near_mint,en,USD,2026-04-18T03:26:39.601Z
The Armory,deck,Plains,TLE,Avatar: The Last Airbender Eternal,304,normal,common,9,108185,3912c5c8-3b80-4e92-abc2-eb482e49e9b1,0.2,false,false,near_mint,en,USD,2026-04-18T03:26:39.601Z
The Armory,deck,Silence,SLD,Secret Lair Drop,7003,foil,rare,1,106383,159882aa-b596-4195-9b2e-983eee28d1bc,7.11,false,false,near_mint,en,USD,2026-04-18T03:26:39.601Z
The Armory,deck,Puresteel Paladin,FIC,Final Fantasy Commander,250,normal,rare,1,106132,b7f768ce-e30e-4da6-a2e3-3e67315b1766,0.74,false,false,near_mint,en,USD,2026-04-18T03:26:39.601Z
The Armory,deck,Quick Draw,OTJ,Outlaws of Thunder Junction,138,normal,common,1,93168,56399cd0-1214-42b6-be38-f2cbd770915f,0.16,false,false,near_mint,en,USD,2026-04-18T03:26:39.601Z
The Armory,deck,Quietus Spike,BRR,The Brothers' War Retro Artifacts,109,normal,rare,1,75987,feadc605-d4e1-4ec1-841e-6b1015a5ffee,1.8,false,false,near_mint,en,USD,2026-04-18T03:26:39.601Z
The Armory,deck,Reconnaissance,ACR,Assassin's Creed,82,normal,uncommon,1,95530,f203ce7d-a079-44b8-bfda-4c63ec79b82d,5.22,false,false,near_mint,en,USD,2026-04-18T03:26:39.601Z
The Armory,deck,Rogue's Passage,OTC,Outlaws of Thunder Junction Commander,313,normal,uncommon,1,93597,45f5d989-d0df-4d6d-822b-cc76b415f9d1,0.48,false,false,near_mint,en,USD,2026-04-18T03:26:39.601Z
The Armory,deck,Rugged Prairie,EOC,Edge of Eternities Commander,174,normal,rare,1,107291,81d91591-8d44-40cc-9941-c455f9722958,0.29,false,false,near_mint,en,USD,2026-04-18T03:26:39.601Z
The Armory,deck,Rustvale Bridge,EOC,Edge of Eternities Commander,175,normal,common,1,107339,da54e458-1d4f-45f0-a225-99eb9c4049fb,0.31,false,false,near_mint,en,USD,2026-04-18T03:26:39.601Z
The Armory,deck,Sacred Peaks,MKC,Murders at Karlov Manor Commander,285,normal,common,1,90333,4220431a-97a3-4957-8201-ce29559b8839,0.29,false,false,near_mint,en,USD,2026-04-18T03:26:39.601Z
The Armory,deck,Scavenger Grounds,OTC,Outlaws of Thunder Junction Commander,316,normal,rare,1,93689,707d733d-2928-4215-91d2-1340fc9ee903,0.46,false,false,near_mint,en,USD,2026-04-18T03:26:39.601Z
The Armory,deck,Secret Rendezvous,FIC,Final Fantasy Commander,253,normal,uncommon,1,105720,d09a77e7-649c-4f2c-bcd3-0598271e9373,0.36,false,false,near_mint,en,USD,2026-04-18T03:26:39.601Z
The Armory,deck,Sigarda's Aid,CMR,Commander Legends,384,normal,rare,1,56066,531da950-dc96-4050-94a8-e01b73ddd965,18.2,false,false,near_mint,en,USD,2026-04-18T03:26:39.601Z
The Armory,deck,Skyclave Apparition,BLC,Bloomburrow Commander,154,normal,rare,1,96415,a76c56a3-db5c-4884-8c6a-bf8105b62421,0.3,false,false,near_mint,en,USD,2026-04-18T03:26:39.601Z
The Armory,deck,Slayers' Stronghold,MKC,Murders at Karlov Manor Commander,295,normal,rare,1,90326,3b2c82ea-6793-407c-ac9f-5fc14d4d09ea,0.24,false,false,near_mint,en,USD,2026-04-18T03:26:39.601Z
The Armory,deck,Spire of Industry,EOC,Edge of Eternities Commander,183,normal,rare,1,107258,35e9ec06-a848-4230-84a2-19cb8034e0f0,0.29,false,false,near_mint,en,USD,2026-04-18T03:26:39.601Z
The Armory,deck,"Danitha Capashen, Paragon",FCA,Final Fantasy: Through the Ages,22,normal,uncommon,1,106329,210ff924-215e-4ae8-8706-5af3891c6605,0.31,false,false,near_mint,en,USD,2026-04-18T03:26:39.601Z
The Armory,deck,Suplex,FIN,Final Fantasy,164,normal,common,1,106376,f61693a2-7042-44e0-85ba-9bf12ab94e7e,0.17,false,false,near_mint,en,USD,2026-04-18T03:26:39.601Z
The Armory,deck,Swiftblade Vindicator,FDN,Foundations,246,normal,rare,1,101372,f94618ec-000c-4371-b925-05ff82bfe221,0.18,false,false,near_mint,en,USD,2026-04-18T03:26:39.601Z
The Armory,deck,Sword of the Animist,FIC,Final Fantasy Commander,362,normal,rare,1,106103,a822129c-0699-40e2-8639-c1a609a5ba3b,5.36,false,false,near_mint,en,USD,2026-04-18T03:26:39.601Z
The Armory,deck,Sword of Vengeance,NEC,Neon Dynasty Commander,164,normal,rare,1,67022,6f380a12-9656-479e-bd44-1b8facfcc69c,2.07,false,false,near_mint,en,USD,2026-04-18T03:26:39.601Z
The Armory,deck,Swords to Plowshares,EOC,Edge of Eternities Commander,45,normal,uncommon,1,107228,0e7ff4dc-af63-4342-9a44-d059e62bd14c,1.23,false,false,near_mint,en,USD,2026-04-18T03:26:39.601Z
The Armory,deck,Talisman of Conviction,M3C,Modern Horizons 3 Commander,307,normal,uncommon,1,94760,76f14077-b398-44ad-bf05-408c0bcf138b,0.38,false,false,near_mint,en,USD,2026-04-18T03:26:39.601Z
The Armory,deck,Temple of Triumph,EOC,Edge of Eternities Commander,188,normal,rare,1,107274,5d954542-6e10-42ab-a91f-be911b2f71d6,0.31,false,false,near_mint,en,USD,2026-04-18T03:26:39.601Z
The Armory,deck,Thran Power Suit,BRO,The Brothers' War,253,normal,uncommon,1,75308,17bfb8c5-9105-41e4-a58f-9c9eee32b18a,0.76,false,false,near_mint,en,USD,2026-04-18T03:26:39.601Z
The Armory,deck,Thriving Heath,TLE,Avatar: The Last Airbender Eternal,262,normal,common,1,108171,202ae1e5-df13-4a6f-9202-6a2573809f73,0.19,false,false,near_mint,en,USD,2026-04-18T03:26:39.601Z
The Armory,deck,Sword of Truth and Justice,SLD,Secret Lair Drop,1867,normal,mythic,1,106318,f5208aff-a33e-48d9-94eb-98a517099741,29.71,false,false,near_mint,en,USD,2026-04-18T03:26:39.601Z
The Armory,deck,Tithe Taker,RNA,Ravnica Allegiance,27,normal,rare,1,43837,bd26b7b1-992d-4b8c-bc33-51aab5abdf98,0.33,false,false,near_mint,en,USD,2026-04-18T03:26:39.601Z
The Armory,deck,Two-Handed Axe // Sweeping Cleave,CLB,Commander Legends: Battle for Baldur's Gate,203,normal,uncommon,1,68911,21e34888-f57c-4f5d-bb5c-b82be980d145,1.65,false,false,near_mint,en,USD,2026-04-18T03:26:39.601Z
The Armory,deck,Ultima Weapon,FIN,Final Fantasy,563,normal,rare,1,106135,b9162d08-a6ba-4e6e-b82c-9b092bd781dd,5.36,false,false,near_mint,en,USD,2026-04-18T03:26:39.601Z
The Armory,deck,Ultimate Magic: Holy,FIC,Final Fantasy Commander,32,normal,rare,1,106043,8fdb8414-2f08-42fb-ae0a-c7f0af1e144e,0.6,false,false,near_mint,en,USD,2026-04-18T03:26:39.601Z
The Armory,deck,Unfinished Business,FIC,Final Fantasy Commander,259,normal,rare,1,105993,76c9b6c1-05de-4c16-8ebf-ea68aa110a69,0.27,false,false,near_mint,en,USD,2026-04-18T03:26:39.601Z
The Armory,deck,"Vincent, Vengeful Atoner",FIC,Final Fantasy Commander,64,normal,rare,1,106076,9e53d0b2-eeb0-4d54-86e5-723e05aaf6da,0.29,false,false,near_mint,en,USD,2026-04-18T03:26:39.601Z
The Armory,deck,White Auracite,FIN,Final Fantasy,41,normal,common,1,105873,2df6f515-9d21-4769-b1c4-c219611bccbb,0.16,false,false,near_mint,en,USD,2026-04-18T03:26:39.601Z
The Armory,deck,Wind-Scarred Crag,TDM,Tarkir: Dragonstorm,271,normal,common,1,104286,4912e4d0-b16a-4aa6-a583-3430d26bd591,0.15,false,false,near_mint,en,USD,2026-04-18T03:26:39.601Z
The Armory,deck,Wrecking Ball Arm,FIC,Final Fantasy Commander,100,normal,rare,1,106210,e1f16620-08d6-49bd-9f75-d89ae46bfd1f,0.37,false,false,near_mint,en,USD,2026-04-18T03:26:39.601Z
The Armory,deck,Zack Fair,FIN,Final Fantasy,45,normal,uncommon,1,106237,f21f9161-5945-40da-8da0-446f6a4a1c23,0.22,false,false,near_mint,en,USD,2026-04-18T03:26:39.601Z
The Rush,deck,Abrade,FDN,Foundations,188,foil,uncommon,1,100522,548947dc-a5ca-43b5-9531-bcef20fa4ae5,0.35,false,false,near_mint,en,USD,2026-04-18T03:30:45.068Z
The Rush,deck,Akroma's Will,M3C,Modern Horizons 3 Commander,165,normal,rare,1,94703,0663dcc8-2f72-4439-bfa9-06c4ef06c54d,15.48,false,false,near_mint,en,USD,2026-04-18T03:30:45.068Z
The Rush,deck,Angrath's Marauders,OTC,Outlaws of Thunder Junction Commander,153,normal,rare,1,93860,cf0a0bef-ed72-4fdf-9799-6f6430c8a8a7,0.36,false,false,near_mint,en,USD,2026-04-18T03:30:45.068Z
The Rush,deck,Arcane Signet,FIC,Final Fantasy Commander,333,normal,common,1,106240,f4f7cc5b-a52a-470b-8970-260b61c91ad5,0.54,false,false,near_mint,en,USD,2026-04-18T03:30:45.068Z
The Rush,deck,Archon of Emeria,ZNR,Zendikar Rising,315,foil,rare,1,54549,530ed3d8-d176-44c8-ba54-f2536ceeb497,2.88,false,false,near_mint,en,USD,2026-04-18T03:30:45.068Z
The Rush,deck,Avalanche of Sector 7,FIC,Final Fantasy Commander,150,normal,rare,1,106070,9c7bf45f-88f4-4b5f-a816-ae096e177ff0,0.48,false,false,near_mint,en,USD,2026-04-18T03:30:45.068Z
The Rush,deck,Aven Mindcensor,PLG21,Love Your LGS 2021,1,foil,rare,1,59996,508c8a22-a11a-42e3-9968-b0ced52ed3f5,0.42,false,false,near_mint,en,USD,2026-04-18T03:30:45.068Z
The Rush,deck,"Winota, Joiner of Forces",FCA,Final Fantasy: Through the Ages,19,normal,rare,1,106346,6e1a948f-2d7f-4398-9f56-90dac6897c69,1.37,false,false,near_mint,en,USD,2026-04-18T03:30:45.068Z
The Rush,deck,Battlefield Forge,FIC,Final Fantasy Commander,375,normal,rare,1,106092,a2de3346-9647-4540-ba41-e67c24ddf141,0.23,false,false,near_mint,en,USD,2026-04-18T03:30:45.068Z
The Rush,deck,"Big Apple, 3 a.m.",TMC,Teenage Mutant Ninja Turtles Eternal,42,normal,rare,1,111344,b9cc16f9-fea3-4527-9b81-3c84ce9c5e01,0.41,false,false,near_mint,en,USD,2026-04-18T03:30:45.068Z
The Rush,deck,Blade Historian,STX,Strixhaven: School of Mages,165,normal,rare,1,58249,a46d64ec-aca4-428e-bce6-66cd755c8cc3,7.02,false,false,near_mint,en,USD,2026-04-18T03:30:45.068Z
The Rush,deck,Blasphemous Act,CLB,Commander Legends: Battle for Baldur's Gate,780,normal,rare,1,69638,ba975f60-ca29-4fc8-b2f0-416be395f200,1.95,false,false,near_mint,en,USD,2026-04-18T03:30:45.068Z
The Rush,deck,Blinkmoth Nexus,2XM,Double Masters,311,normal,rare,1,51859,3ac535c1-9ef3-45b5-8959-7e79589d47ad,2.17,false,false,near_mint,en,USD,2026-04-18T03:30:45.068Z
The Rush,deck,"Boromir, Warden of the Tower",LTR,The Lord of the Rings: Tales of Middle-earth,794,foil,rare,1,86490,554110e1-dcf1-4656-bec0-084e501ce71e,15.02,false,false,near_mint,en,USD,2026-04-18T03:30:45.068Z
The Rush,deck,Boros Charm,GTC,Gatecrash,148,normal,uncommon,1,16676,d4ddf9cc-40a7-4b4f-bb51-b08171453c9a,4.89,false,false,near_mint,en,USD,2026-04-18T03:30:45.068Z
The Rush,deck,Boros Signet,CMM,Commander Masters,942,normal,uncommon,1,84034,0c6e02b3-be4c-45b8-9cb8-6b3142b30c6b,1.28,false,false,near_mint,en,USD,2026-04-18T03:30:45.068Z
The Rush,deck,Cathar Commando,FDN,Foundations,139,normal,common,1,100204,19cf024d-edb6-4a79-8676-73f8db0cdf1f,0.27,false,false,near_mint,en,USD,2026-04-18T03:30:45.068Z
The Rush,deck,Chaos Warp,FIC,Final Fantasy Commander,291,normal,rare,1,106094,a3579f5c-255d-4b01-9b84-9f5c72cb4178,0.45,false,false,near_mint,en,USD,2026-04-18T03:30:45.068Z
The Rush,deck,Clifftop Retreat,FIC,Final Fantasy Commander,381,normal,rare,1,105866,2cddc851-fef6-4a45-818c-97d3dfc4140d,0.33,false,false,near_mint,en,USD,2026-04-18T03:30:45.068Z
The Rush,deck,Combat Celebrant,BLC,Bloomburrow Commander,194,normal,mythic,1,96261,3e611db6-0819-487c-bc05-17c92d79c75b,0.67,false,false,near_mint,en,USD,2026-04-18T03:30:45.068Z
The Rush,deck,Command Tower,FIC,Final Fantasy Commander,485,normal,common,1,106109,aae0b3ae-ed57-4d17-8876-736aa22186cf,0.33,false,false,near_mint,en,USD,2026-04-18T03:30:45.068Z
The Rush,deck,Dauntless Dismantler,LCI,The Lost Caverns of Ixalan,8,normal,uncommon,1,88424,3d771631-0aab-4f09-b9a6-49b6b2d8d2aa,0.31,false,false,near_mint,en,USD,2026-04-18T03:30:45.068Z
The Rush,deck,Deafening Silence,ELD,Throne of Eldraine,10,normal,uncommon,1,46328,6072d9b0-d3c7-46f4-bd24-095bb13c4dea,2.06,false,false,near_mint,en,USD,2026-04-18T03:30:45.068Z
The Rush,deck,Disenchant,PLST,The List,M20-14,normal,common,1,49277,239932a9-13fc-4e94-8b05-9d58795a0bcf,0.24,false,false,near_mint,en,USD,2026-04-18T03:30:45.068Z
The Rush,deck,Drannith Magistrate,IKO,Ikoria: Lair of Behemoths,11,normal,rare,1,50066,98b0a4a8-9319-451b-9b79-b0bca7a41e91,13.11,false,false,near_mint,en,USD,2026-04-18T03:30:45.068Z
The Rush,deck,Duke Ulder Ravengard,PCLB,Battle for Baldur's Gate Promos,272s,foil,rare,1,69850,7f878e32-c959-4baa-9801-e93b0a76dc67,1.08,false,false,near_mint,en,USD,2026-04-18T03:30:45.068Z
The Rush,deck,Eidolon of Rhetoric,JOU,Journey into Nyx,10,normal,uncommon,1,14639,c3bc8b9e-4d22-41ba-b593-d383fd301ef9,0.64,false,false,near_mint,en,USD,2026-04-18T03:30:45.068Z
The Rush,deck,Elegant Parlor,MKM,Murders at Karlov Manor,260,normal,rare,1,90965,72c6d541-e2cb-4d6e-acac-90a8f53b7006,9.54,false,false,near_mint,en,USD,2026-04-18T03:30:45.068Z
The Rush,deck,Endless Foot Assault,TMC,Teenage Mutant Ninja Turtles Eternal,8,normal,rare,1,111207,387f6f60-69da-4965-9ab9-57bdb763a013,5.18,false,false,near_mint,en,USD,2026-04-18T03:30:45.068Z
The Rush,deck,"Erkenbrand, Lord of Westfold",LTR,The Lord of the Rings: Tales of Middle-earth,123,foil,uncommon,1,82999,38f81e68-cddd-47f4-b1d1-a297c3298c25,0.27,false,false,near_mint,en,USD,2026-04-18T03:30:45.068Z
The Rush,deck,Evolving Wilds,IKO,Ikoria: Lair of Behemoths,247,normal,common,1,49830,8e3d6745-8904-4905-a98f-d43f18b51d6d,0.22,false,false,near_mint,en,USD,2026-04-18T03:30:45.068Z
The Rush,deck,Fellwar Stone,NCC,New Capenna Commander,367,normal,uncommon,1,68260,68c3d065-0519-4472-ae6e-23f58af5e859,1.69,false,false,near_mint,en,USD,2026-04-18T03:30:45.068Z
The Rush,deck,Furycalm Snarl,FIC,Final Fantasy Commander,397,normal,rare,1,105972,67e44005-d0a5-49d2-b2f7-4b991ffbb5ce,0.23,false,false,near_mint,en,USD,2026-04-18T03:30:45.068Z
The Rush,deck,Generous Gift,PLST,The List,MH1-11,normal,uncommon,1,83916,4de50769-8cae-4eff-913b-0ebb6dde4f9c,1.04,false,false,near_mint,en,USD,2026-04-18T03:30:45.068Z
The Rush,deck,Gingerbrute,ELD,Throne of Eldraine,219,normal,common,1,46119,f55fe038-c903-4d92-b689-72dd6d041a91,0.3,false,false,near_mint,en,USD,2026-04-18T03:30:45.068Z
The Rush,deck,Goblin Assault,PLST,The List,MM3-95,normal,uncommon,1,48404,26bccccc-f694-47a8-90fa-e3f1f62b9664,0.49,false,false,near_mint,en,USD,2026-04-18T03:30:45.068Z
The Rush,deck,Goblin Rabblemaster,PM15,Magic 2015 Promos,145,foil,rare,1,13861,80ef4153-256b-47b9-8d2c-262527412588,0.97,false,false,near_mint,en,USD,2026-04-18T03:30:45.068Z
The Rush,deck,Goldnight Commander,AVR,Avacyn Restored,22,foil,uncommon,1,18256,c6ebec82-9d4a-4e78-b923-37c3a52133e7,5.18,false,false,near_mint,en,USD,2026-04-18T03:30:45.068Z
The Rush,deck,High Noon,OTJ,Outlaws of Thunder Junction,15,normal,rare,1,93278,9995e0e6-7c9c-4fef-8fd2-8fb1622e6ec8,3.18,false,false,near_mint,en,USD,2026-04-18T03:30:45.068Z
The Rush,deck,Hordeling Outburst,KTK,Khans of Tarkir,111,normal,uncommon,1,13287,a5c1bf52-2737-423a-b340-07448afcaea6,0.36,false,false,near_mint,en,USD,2026-04-18T03:30:45.068Z
The Rush,deck,Impact Tremors,PLST,The List,DTK-140,normal,common,1,48376,acabeb7d-6f8f-4750-a29d-e0dd4e781c52,4.73,false,false,near_mint,en,USD,2026-04-18T03:30:45.068Z
The Rush,deck,Imperial Recruiter,MH2,Modern Horizons 2,281,normal,mythic,1,59394,05bd329b-5707-42fc-af1c-084cc604e805,12.54,false,false,near_mint,en,USD,2026-04-18T03:30:45.068Z
The Rush,deck,Kher Keep,CLB,Commander Legends: Battle for Baldur's Gate,899,normal,rare,1,69693,e44bba8e-59e9-4a06-b845-c3ba7625ff58,0.28,false,false,near_mint,en,USD,2026-04-18T03:30:45.068Z
The Rush,deck,"Kiki-Jiki, Mirror Breaker",SLD,Secret Lair Drop,1659,normal,mythic,1,96570,8ec4694a-ac36-497c-a3f4-09d3f69939fe,17.14,false,false,near_mint,en,USD,2026-04-18T03:30:45.068Z
The Rush,deck,Labyrinth of Skophos,MKC,Murders at Karlov Manor Commander,272,normal,rare,1,90322,388169df-4cce-452d-9215-e3f814ff4fdf,0.35,false,false,near_mint,en,USD,2026-04-18T03:30:45.068Z
The Rush,deck,Legion Warboss,RVR,Ravnica Remastered,116,normal,rare,1,89608,26ca4014-11fb-4c62-a7c6-ab2880393531,0.68,false,false,near_mint,en,USD,2026-04-18T03:30:45.068Z
The Rush,deck,"Lena, Selfless Champion",M19,Core Set 2019,21,normal,rare,1,1291,2ffcbcda-2ba3-45e7-80c0-85ea3b7eea0c,0.38,false,false,near_mint,en,USD,2026-04-18T03:30:45.068Z
The Rush,deck,Lightning Greaves,FIC,Final Fantasy Commander,349,normal,uncommon,1,105996,779abd27-985f-4bb9-9330-38d49bf52903,4.51,false,false,near_mint,en,USD,2026-04-18T03:30:45.068Z
The Rush,deck,"Lightning, Army of One",FIN,Final Fantasy,233,normal,mythic,1,105554,1103da9c-300c-406b-997d-9e5bb7cd02d6,10.49,false,false,near_mint,en,USD,2026-04-18T03:30:45.068Z
The Rush,deck,Loran's Escape,BRO,The Brothers' War,14,normal,common,1,75391,3765610d-a0c1-4de9-a81b-ffa3eb06454b,0.81,false,false,near_mint,en,USD,2026-04-18T03:30:45.068Z
The Rush,deck,Loyal Apprentice,TDC,Tarkir: Dragonstorm Commander,222,normal,uncommon,1,104983,d4d469ea-824b-4eff-82e8-2a0b9b4c0e2d,0.3,false,false,near_mint,en,USD,2026-04-18T03:30:45.068Z
The Rush,deck,Make a Stand,PLST,The List,OGW-26,normal,uncommon,1,98073,998760a2-004e-4bb8-b221-e581f6836f11,0.14,false,false,near_mint,en,USD,2026-04-18T03:30:45.068Z
The Rush,deck,Mountain,TLE,Avatar: The Last Airbender Eternal,294,normal,common,5,108236,83ee7310-d5cc-4f1f-b0c9-f0bde22a695d,0.14,false,false,near_mint,en,USD,2026-04-18T03:30:45.068Z
The Rush,deck,Needle Spires,OGW,Oath of the Gatewatch,175,normal,rare,1,9207,3d73700c-fa62-42be-aaca-5f8a50af20db,0.27,false,false,near_mint,en,USD,2026-04-18T03:30:45.068Z
The Rush,deck,Ornithopter,BRR,The Brothers' War Retro Artifacts,100,normal,uncommon,1,75835,dfedbab5-084e-4729-8968-a4728d1c5ca9,0.43,false,false,near_mint,en,USD,2026-04-18T03:30:45.068Z
The Rush,deck,Path of Ancestry,TMC,Teenage Mutant Ninja Turtles Eternal,70,normal,common,1,111367,d4c1c9ba-d930-435c-8978-f10a2adb3d4c,0.32,false,false,near_mint,en,USD,2026-04-18T03:30:45.068Z
The Rush,deck,Path to Exile,ACR,Assassin's Creed,81,foil,uncommon,1,95400,6e4ed445-7b35-4090-9d0e-92532b07c8c7,1.29,false,false,near_mint,en,USD,2026-04-18T03:30:45.068Z
The Rush,deck,Phoenix Chick,DMU,Dominaria United,140,foil,uncommon,1,71546,76bdc912-61da-428d-b0d7-3a38676a402a,0.34,false,false,near_mint,en,USD,2026-04-18T03:30:45.068Z
The Rush,deck,Plains,TLE,Avatar: The Last Airbender Eternal,303,normal,common,5,108181,2f05ea5f-891e-4a66-82db-3ffb17efd002,0.31,false,false,near_mint,en,USD,2026-04-18T03:30:45.068Z
The Rush,deck,"Skrelv, Defector Mite",SLD,Secret Lair Drop,1926,normal,rare,1,104142,509c00d2-6a84-4760-8927-483ed123b05f,4.62,false,false,near_mint,en,USD,2026-04-18T03:30:45.068Z
The Rush,deck,Professional Face-Breaker,FIC,Final Fantasy Commander,296,normal,rare,1,106187,d5a53791-d4e9-49e9-9daf-c8b378925afe,3.79,false,false,near_mint,en,USD,2026-04-18T03:30:45.068Z
The Rush,deck,Radiant Summit,EOC,Edge of Eternities Commander,23,normal,rare,1,107232,1595f80a-b566-49ce-a64f-4289443b1b8d,1.44,false,false,near_mint,en,USD,2026-04-18T03:30:45.068Z
The Rush,deck,Raise the Alarm,CMR,Commander Legends,41,normal,common,1,55721,6c7c8527-55f6-494d-b4f7-c427a5735053,0.32,false,false,near_mint,en,USD,2026-04-18T03:30:45.068Z
The Rush,deck,Reconnaissance,ACR,Assassin's Creed,82,normal,uncommon,1,95530,f203ce7d-a079-44b8-bfda-4c63ec79b82d,5.22,false,false,near_mint,en,USD,2026-04-18T03:30:45.068Z
The Rush,deck,Relentless Assault,MAR,Marvel Universe,25,normal,mythic,1,108588,e473a591-9aae-4af2-9b25-96820b317df8,3.7,false,false,near_mint,en,USD,2026-04-18T03:30:45.068Z
The Rush,deck,Restless Bivouac,WOE,Wilds of Eldraine,257,normal,rare,1,85679,b85e0aed-bfb2-4aa8-a754-849c4d9a6a58,0.42,false,false,near_mint,en,USD,2026-04-18T03:30:45.068Z
The Rush,deck,Restoration Magic,FIN,Final Fantasy,30,normal,uncommon,1,106543,494e68e9-ecba-4482-82bc-207ad59144c1,1.6,false,false,near_mint,en,USD,2026-04-18T03:30:45.068Z
The Rush,deck,"Rograkh, Son of Rohgahh",CMR,Commander Legends,197,foil,uncommon,1,55818,a4fab67f-00c2-4125-9262-d21a29411797,3.82,false,false,near_mint,en,USD,2026-04-18T03:30:45.068Z
The Rush,deck,Rugged Prairie,FIC,Final Fantasy Commander,417,normal,rare,1,105894,3d575770-cb81-4353-b49e-cdaca7a5162f,0.36,false,false,near_mint,en,USD,2026-04-18T03:30:45.068Z
The Rush,deck,Scavenger Grounds,MKC,Murders at Karlov Manor Commander,287,normal,rare,1,90290,24ce6fec-d712-494d-8623-6acc0cc0056a,0.38,false,false,near_mint,en,USD,2026-04-18T03:30:45.068Z
The Rush,deck,Secure the Wastes,SLD,Secret Lair Drop,1748,normal,rare,1,100004,44f0da2e-3513-4891-bea2-27dd138064b3,5.67,false,false,near_mint,en,USD,2026-04-18T03:30:45.068Z
The Rush,deck,Silence,M14,Magic 2014,35,normal,rare,1,16016,1c2b13b1-31f0-4676-88a7-53f3a190e9a2,9.42,false,false,near_mint,en,USD,2026-04-18T03:30:45.068Z
The Rush,deck,Simian Spirit Guide,TSR,Time Spiral Remastered,190,normal,common,1,57519,0e57335d-4066-4d73-83cd-67a215e01a4e,3.08,false,false,near_mint,en,USD,2026-04-18T03:30:45.068Z
The Rush,deck,Skyclave Apparition,ZNR,Zendikar Rising,39,normal,rare,1,54716,b83cfbaa-7890-4f6f-878b-4edb45677371,0.39,false,false,near_mint,en,USD,2026-04-18T03:30:45.068Z
The Rush,deck,Slayers' Stronghold,AVR,Avacyn Restored,229,normal,rare,1,18049,939a4351-3ec7-4e6c-8cdd-766bfd670391,0.32,false,false,near_mint,en,USD,2026-04-18T03:30:45.068Z
The Rush,deck,Sol Ring,FIC,Final Fantasy Commander,357,normal,uncommon,1,106178,d105068a-d4f1-4971-b5a0-72806a798497,1.56,false,false,near_mint,en,USD,2026-04-18T03:30:45.068Z
The Rush,deck,Spirit of the Labyrinth,MB2,Mystery Booster 2,20,normal,rare,1,97131,f6ddb34d-3ea7-44e2-9a8e-259d98f4101f,0.48,false,false,near_mint,en,USD,2026-04-18T03:30:45.068Z
The Rush,deck,"Sunhome, Fortress of the Legion",MKC,Murders at Karlov Manor Commander,298,normal,uncommon,1,90281,1eb80fb8-d72b-4aac-b057-d91b49e286a5,0.22,false,false,near_mint,en,USD,2026-04-18T03:30:45.068Z
The Rush,deck,Sunscorched Divide,FIC,Final Fantasy Commander,433,normal,rare,1,106021,84b648e4-d9c2-426f-8b2a-ef88e9eb25ac,0.29,false,false,near_mint,en,USD,2026-04-18T03:30:45.068Z
The Rush,deck,Swords to Plowshares,FIC,Final Fantasy Commander,256,normal,uncommon,1,105803,06554274-78ee-4bfc-b203-b81cb4639427,1.55,false,false,near_mint,en,USD,2026-04-18T03:30:45.068Z
The Rush,deck,Talisman of Conviction,MH1,Modern Horizons,230,normal,uncommon,1,44704,71148fd3-0c2c-459e-b8f5-735a0a8dd87f,0.42,false,false,near_mint,en,USD,2026-04-18T03:30:45.068Z
The Rush,deck,Temple of Triumph,M21,Core Set 2021,256,normal,rare,1,50735,2366499c-9d07-46bb-8488-6cd60056fa16,0.18,false,false,near_mint,en,USD,2026-04-18T03:30:45.068Z
The Rush,deck,"Thalia, Guardian of Thraben",MUL,Multiverse Legends,137,foil,rare,1,81569,26e17c75-8a53-41fe-9f2b-4dec07dcc760,6.0,false,false,near_mint,en,USD,2026-04-18T03:30:45.068Z
The Rush,deck,Unbreakable Formation,RNA,Ravnica Allegiance,29,foil,rare,1,43835,46cc8574-7b8c-492c-8a36-75cb0192f853,2.47,false,false,near_mint,en,USD,2026-04-18T03:30:45.068Z
The Rush,deck,Captain Lannery Storm,FCA,Final Fantasy: Through the Ages,38,normal,uncommon,1,106438,7c3aeedd-d41b-44c9-9b0a-e5952202f632,0.24,false,false,near_mint,en,USD,2026-04-18T03:30:45.068Z
The Rush,deck,Warleader's Call,MKM,Murders at Karlov Manor,242,normal,rare,1,91138,b3e8f8bd-1c8b-4a7c-96c4-57a247ce9ccc,8.06,false,false,near_mint,en,USD,2026-04-18T03:30:45.068Z
The Rush,deck,Windcrag Siege,TDM,Tarkir: Dragonstorm,235,normal,rare,1,104534,31a8329b-23a1-4c49-a579-a5da8d01435a,3.62,false,false,near_mint,en,USD,2026-04-18T03:30:45.068Z
The Rush,deck,Witch Enchanter // Witch-Blessed Meadow,MH3,Modern Horizons 3,239,normal,uncommon,1,94472,62061e7c-cf19-4f03-b8fa-2bdba62d6b0b,3.06,false,false,near_mint,en,USD,2026-04-18T03:30:45.068Z
Binder,binder,"Marchesa, the Black Rose",2X2,Double Masters 2022,248,normal,rare,1,70144,3242a9f0-2ba3-4852-ac8f-366772ac1c62,2.55,false,false,near_mint,en,USD,2026-04-19T00:49:28.109Z
Binder,binder,Progenitus,FDN,Foundations,244,normal,mythic,1,101277,e77fbc87-d78e-4602-baa0-da9b0d464dfb,0.74,false,false,near_mint,en,USD,2026-04-19T00:49:28.110Z
Binder,binder,The Necrobloom,MH3,Modern Horizons 3,194,normal,rare,1,94537,8fcf68cf-0dac-4b29-90d5-c18c685182e6,0.31,false,false,near_mint,en,USD,2026-04-19T00:49:28.111Z
Binder,binder,"Satya, Aetherflux Genius",M3C,Modern Horizons 3 Commander,3,normal,mythic,1,94412,3b964bbe-54cc-425c-9cc6-c877f82af7ba,0.24,false,false,near_mint,en,USD,2026-04-19T00:49:28.112Z
Binder,binder,"Cayth, Famed Mechanist",M3C,Modern Horizons 3 Commander,6,normal,mythic,1,94468,5f8e6e5d-63d8-48c3-93a0-e7de1d75f5ca,0.37,false,false,near_mint,en,USD,2026-04-19T00:49:28.113Z
Binder,binder,Magus Lucea Kane,40K,"Warhammer 40,000 Commander",7,foil,mythic,1,72368,4f86e7cc-2b6e-49d0-964e-bba0c51cc11d,21.63,false,false,near_mint,en,USD,2026-04-19T00:49:28.114Z
Binder,binder,The Swarmlord,40K,"Warhammer 40,000 Commander",4,foil,mythic,1,72538,d5c4077c-604e-4e8a-b448-0807849040ca,7.25,false,false,near_mint,en,USD,2026-04-19T00:49:28.115Z
Binder,binder,"Marchesa, Dealer of Death",OTJ,Outlaws of Thunder Junction,220,normal,rare,1,93412,ee29b59c-d57c-4a03-bae7-e9dfa57d6bb1,0.28,false,false,near_mint,en,USD,2026-04-19T00:49:28.116Z
Binder,binder,"Dynaheir, Invoker Adept",CLB,Commander Legends: Battle for Baldur's Gate,273,normal,rare,1,69273,c301b389-d802-4a8b-8681-9b50c8667423,0.28,false,false,near_mint,en,USD,2026-04-19T00:49:28.117Z
Binder,binder,Dancer's Chakrams,FIC,Final Fantasy Commander,105,normal,rare,1,105835,13764c53-57cc-4418-8a15-cdb72f6f3b0e,0.78,false,false,near_mint,en,USD,2026-04-19T00:54:17.843Z
Binder,binder,"Tifa, Martial Artist",FIC,Final Fantasy Commander,188,normal,mythic,1,105599,40df262f-e567-4be2-99e4-6b62e864d259,6.49,false,false,near_mint,en,USD,2026-04-19T00:54:30.977Z
Binder,binder,"Rydia, Summoner of Mist",FIN,Final Fantasy,504,normal,uncommon,1,106732,f67652be-9b37-41d0-93db-ba26f8a23186,3.62,false,false,near_mint,en,USD,2026-04-19T00:54:46.639Z
Binder,binder,"Terra, Herald of Hope",FIC,Final Fantasy Commander,186,normal,mythic,1,103810,e0946131-2cda-4850-912e-cb8a8124685b,3.39,false,false,near_mint,en,USD,2026-04-19T00:54:59.349Z
Binder,binder,Balthier and Fran,FIN,Final Fantasy,319,normal,rare,1,105631,6aaba8b1-1fcb-4a73-894f-f32400352c8c,0.86,false,false,near_mint,en,USD,2026-04-19T00:55:10.303Z
Binder,binder,Forge Anew,SLD,Secret Lair Drop,7002,foil,rare,1,106386,7ff1d69b-53fe-469c-945b-ecb23c426cce,12.79,false,false,near_mint,ja,USD,2026-04-19T00:55:24.969Z
Binder,binder,"Rosa, Resolute White Mage",FIN,Final Fantasy,555,normal,rare,1,106153,c44e0ad6-9f44-4e4c-8c3b-3ee99409a740,2.63,false,false,near_mint,en,USD,2026-04-19T00:55:40.644Z
Binder,binder,"Clive, Ifrit's Dominant // Ifrit, Warden of Inferno",FIN,Final Fantasy,133,normal,mythic,1,105675,9a069e96-2786-493d-aca8-f70611435dbe,5.17,false,false,near_mint,en,USD,2026-04-19T00:55:50.357Z
Binder,binder,"Joshua, Phoenix's Dominant // Phoenix, Warden of Fire",FIN,Final Fantasy,229,foil,rare,1,106430,457fdbb9-5439-460f-8e37-176f8919362c,1.52,false,false,near_mint,en,USD,2026-04-19T00:56:10.749Z
Binder,binder,Vivi Ornitier,FIN,Final Fantasy,570,foil,mythic,1,109259,25ef2d44-c261-4511-b96f-85e7a291e318,136.34,false,false,near_mint,en,USD,2026-04-19T00:56:25.498Z
Binder,binder,Cryptic Spires,2X2,Double Masters 2022,332,normal,common,1,70138,309a6684-ecb3-491c-899a-3aa15a51130b,0.22,false,false,near_mint,en,USD,2026-04-19T00:56:37.194Z
Binder,binder,"Tidus, Blitzball Star",FIN,Final Fantasy,246,normal,uncommon,1,106447,aa851d68-a7a4-48c0-9cd7-d3d2e079f3a1,0.09,false,false,near_mint,en,USD,2026-04-19T00:56:47.231Z
Binder,binder,"Yuna, Hope of Spira",FIN,Final Fantasy,250,normal,mythic,1,105590,35b613ad-86f0-431b-af93-147d21041fde,3.57,false,false,near_mint,en,USD,2026-04-19T00:56:56.395Z
Binder,binder,Prompto Argentum,FIN,Final Fantasy,387,normal,uncommon,1,106661,d8f9b257-6491-46d2-be41-846ab4c39d5e,0.25,false,false,near_mint,en,USD,2026-04-19T00:57:15.174Z
Binder,binder,Hope Estheim,FIN,Final Fantasy,396,normal,rare,1,106555,5b1fd4c8-7de6-47cb-916a-513d04774f01,1.57,false,false,near_mint,en,USD,2026-04-19T00:57:28.233Z
Binder,binder,"Ardyn, the Usurper",FIN,Final Fantasy,379,normal,rare,1,105589,35090ce1-6fb4-438c-88e9-dd116d550a92,1.96,false,false,near_mint,en,USD,2026-04-19T00:57:44.171Z
Binder,binder,"Zidane, Tantalus Thief",FIN,Final Fantasy,550,foil,uncommon,1,106274,439b31a8-d6e2-4db4-bac3-c02e2eb11719,2.43,false,false,near_mint,en,USD,2026-04-19T00:58:17.849Z
Binder,binder,Vincent Valentine // Galian Beast,FIN,Final Fantasy,383,normal,rare,1,106269,221efaa7-ba6e-4f6e-99d1-e258b91091f7,5.1,false,false,near_mint,en,USD,2026-04-19T00:58:35.861Z
Binder,binder,"Dion, Bahamut's Dominant // Bahamut, Warden of Light",FIN,Final Fantasy,376,normal,rare,1,106681,f2309a7e-4ba0-4820-8313-ecd38d32a55f,3.53,false,false,near_mint,en,USD,2026-04-19T00:58:44.200Z
Binder,binder,"Fang, Fearless l'Cie",FIN,Final Fantasy,381,normal,uncommon,1,105733,dca1a706-9eee-4d75-80ee-fa12257908e3,0.4,false,false,near_mint,en,USD,2026-04-19T00:58:55.819Z
Binder,binder,"Vanille, Cheerful l'Cie",FIN,Final Fantasy,392,normal,uncommon,1,105574,28cdd11b-7337-4696-b2a0-77236c7b7210,0.37,false,false,near_mint,en,USD,2026-04-19T00:59:04.433Z
Binder,binder,The Wandering Minstrel,FIN,Final Fantasy,403,normal,rare,1,106683,f39b9892-9b82-4dea-bae0-e1735618341e,1.55,false,false,near_mint,ja,USD,2026-04-19T00:59:18.281Z
Binder,binder,"Omega, Heartless Evolution",FIN,Final Fantasy,236,normal,uncommon,1,106604,9a8eb7e6-0c0b-42d0-aa90-2d3d29bc15aa,0.16,false,false,near_mint,en,USD,2026-04-19T00:59:31.366Z
Binder,binder,Urianger Augurelt,FIC,Final Fantasy Commander,96,normal,rare,1,105907,44d44107-da15-41b9-8dfb-6335c1cbd83a,0.22,false,false,near_mint,en,USD,2026-04-19T00:59:40.797Z
Binder,binder,Thancred Waters,FIC,Final Fantasy Commander,31,normal,rare,1,106167,cc74ea74-05cf-4a33-84df-94ec34e816fe,0.26,false,false,near_mint,en,USD,2026-04-19T00:59:46.972Z
Binder,binder,"Cid, Timeless Artificer",FIN,Final Fantasy,216,normal,uncommon,1,105647,7fb99393-d2b6-40a6-8de7-317efdc4c50b,4.73,false,false,near_mint,en,USD,2026-04-19T00:59:57.143Z
Binder,binder,G'raha Tia,FIN,Final Fantasy,21,normal,uncommon,1,106501,076a8eca-ed73-4ee9-aab4-d9d43d394ee6,0.13,false,false,near_mint,en,USD,2026-04-19T01:00:10.958Z
Binder,binder,Y'shtola Rhul,FIN,Final Fantasy,86,normal,mythic,1,105694,aef218fa-13a4-4653-95d6-6b3ef1b33a92,5.02,false,false,near_mint,en,USD,2026-04-19T01:00:18.959Z
Binder,binder,The Wandering Minstrel,FIN,Final Fantasy,249,foil,rare,1,106578,77bc419d-ff69-4e7c-afe6-faca383a5ed7,0.37,false,false,near_mint,en,USD,2026-04-19T01:00:35.365Z
Binder,binder,"G'raha Tia, Scion Reborn",FIC,Final Fantasy Commander,3,foil,mythic,1,105762,f90eb8ef-ad70-4d6c-9958-e6153f8599bc,0.38,false,false,near_mint,en,USD,2026-04-19T01:00:47.125Z
Binder,binder,Summon: Good King Mog XII,FIC,Final Fantasy Commander,26,normal,rare,1,106147,c14098d6-28ae-492f-8ffc-7d115d83ce6a,0.34,false,false,near_mint,en,USD,2026-04-19T01:00:57.096Z
Binder,binder,Leyline of Mutation,DSK,Duskmourn: House of Horror,188,normal,rare,1,98794,2359b670-41f0-4ec7-8db9-3f87f7577bc3,0.31,false,false,near_mint,en,USD,2026-04-19T01:01:14.916Z
Binder,binder,A Realm Reborn,FIN,Final Fantasy,196,normal,rare,1,105721,d1af74e4-38d5-44b5-85e1-4d13f6970453,0.29,false,false,near_mint,en,USD,2026-04-19T01:01:21.241Z
Binder,binder,Sulfuric Vortex,SCG,Scourge,106,normal,rare,1,30582,79955e27-eef7-43bd-9895-e9209ed1537f,4.5,false,false,near_mint,en,USD,2026-04-19T01:01:45.547Z
Binder,binder,Words of War,ONS,Onslaught,244,normal,rare,1,31059,2593a6a6-dc21-4742-acb8-f7092931b1ce,0.6,false,false,near_mint,en,USD,2026-04-19T01:01:57.099Z
Binder,binder,Ancient Runes,TMP,Tempest,161,normal,uncommon,1,36838,e315c1c2-436e-48ff-9214-938697178393,1.27,false,false,near_mint,en,USD,2026-04-19T01:02:07.071Z
Binder,binder,Priest of Forgotten Gods,J25,Foundations Jumpstart,478,normal,rare,1,100162,0eb210a7-fecd-4523-8885-ad78b36a9dc2,2.62,false,false,near_mint,en,USD,2026-04-19T01:02:32.041Z
Binder,binder,"Jecht, Reluctant Guardian // Braska's Final Aeon",FIN,Final Fantasy,104,normal,rare,1,106275,4ec91fe8-b3da-47fa-b45e-94b62a260aba,0.37,false,false,near_mint,en,USD,2026-04-19T01:02:38.050Z
Binder,binder,Cover of Darkness,ACR,Assassin's Creed,201,etched,rare,1,91741,e90bbc98-f3ae-4963-910d-f5c8d9a0ba72,10.08,false,false,near_mint,en,USD,2026-04-19T01:02:49.900Z
Binder,binder,Reno and Rude,FIN,Final Fantasy,113,normal,uncommon,1,106358,b5eb0064-c7c4-4e3e-add2-b86269de3fb9,0.12,false,false,near_mint,en,USD,2026-04-19T01:03:07.316Z
Binder,binder,"Kuja, Genome Sorcerer // Trance Kuja, Fate Defied",FIN,Final Fantasy,232,normal,rare,1,105540,008782d2-72b0-4554-b1ce-2db99969a4d8,1.36,false,false,near_mint,en,USD,2026-04-19T01:03:14.206Z
Binder,binder,"Emet-Selch, Unsundered // Hades, Sorcerer of Eld",FIN,Final Fantasy,218,normal,mythic,1,103792,75cf4eb8-33e7-4dfc-b890-a7e3b5c1b9d5,2.28,false,false,near_mint,en,USD,2026-04-19T01:03:26.491Z
Binder,binder,Rufus Shinra,FIN,Final Fantasy,238,normal,uncommon,1,106685,f5fff00b-c9a0-4e90-abc0-349f8716c885,0.18,false,false,near_mint,en,USD,2026-04-19T01:03:34.215Z
Binder,binder,Black Waltz No. 3,FIN,Final Fantasy,214,foil,uncommon,1,106696,fe86e41b-b0f6-4aa1-8827-c095c721f304,0.34,false,false,near_mint,en,USD,2026-04-19T01:03:50.280Z
Binder,binder,"Garland, Knight of Cornelia // Chaos, the Endless",FIN,Final Fantasy,221,normal,uncommon,1,103808,dd463dbe-5f2c-4d4f-86f8-ad8ff407af62,0.14,false,false,near_mint,en,USD,2026-04-19T01:03:58.280Z
Binder,binder,Ultimate Magic: Meteor,FIC,Final Fantasy Commander,62,normal,rare,1,106129,b5b0f0fd-574a-4ae7-ab55-b815112d6b3a,0.27,false,false,near_mint,en,USD,2026-04-19T01:04:18.099Z
Binder,binder,Torrent of Fire,SCG,Scourge,107,normal,common,1,30581,feeee859-f64a-4cd8-be0b-ad60cff8812e,0.05,false,false,near_mint,en,USD,2026-04-19T01:04:29.385Z
Binder,binder,Season of the Bold,BLB,Bloomburrow,152,normal,mythic,1,95802,84352565-558b-4f9b-a411-532147806a78,0.52,false,false,near_mint,en,USD,2026-04-19T01:04:46.091Z
Binder,binder,Dragon Mantle,WOT,Wilds of Eldraine: Enchanting Tales,41,foil,uncommon,1,85559,8dc7ea40-f45d-4550-82f5-ded841d8746d,0.3,false,false,near_mint,en,USD,2026-04-19T01:05:13.460Z
Binder,binder,Infuriate,STA,Strixhaven Mystical Archive,41,normal,uncommon,1,58143,71a5dfad-c8b4-46cc-9a06-73d23b269df8,0.16,false,false,near_mint,en,USD,2026-04-19T01:05:24.281Z
Binder,binder,The Pride of Hull Clade,MKM,Murders at Karlov Manor,172,normal,mythic,1,91292,edb40ab9-e552-4eb5-9c35-09094136dd4f,1.69,false,false,near_mint,en,USD,2026-04-19T01:05:36.557Z
Binder,binder,Delighted Halfling,LTR,The Lord of the Rings: Tales of Middle-earth,158,normal,rare,1,83185,71384418-173a-4f77-adab-56e52fa23692,25.2,false,false,near_mint,en,USD,2026-04-19T01:06:06.036Z
Binder,binder,Wall of Omens,FCA,Final Fantasy: Through the Ages,27,normal,uncommon,1,105693,ae94ab2a-5a6b-4358-ad7f-bdc9a98a9ac0,0.24,false,false,near_mint,en,USD,2026-04-19T01:06:24.214Z
Binder,binder,"Danitha Capashen, Paragon",FCA,Final Fantasy: Through the Ages,22,normal,uncommon,1,106329,210ff924-215e-4ae8-8706-5af3891c6605,0.34,false,false,near_mint,en,USD,2026-04-19T01:06:33.952Z
Binder,binder,"Najeela, the Blade-Blossom",FCA,Final Fantasy: Through the Ages,42,normal,mythic,1,106363,cc30e027-8cb8-4b06-a24a-6ad49d6a2cf3,13.64,false,false,near_mint,ja,USD,2026-04-19T01:06:53.744Z
Binder,binder,"K'rrik, Son of Yawgmoth",FCA,Final Fantasy: Through the Ages,36,normal,rare,1,106340,45393005-78c7-4056-9ce6-310264922af3,1.93,false,false,near_mint,ja,USD,2026-04-19T01:07:07.618Z
Binder,binder,"Muldrotha, the Gravetide",FCA,Final Fantasy: Through the Ages,57,normal,rare,1,106348,752e16fc-8ee1-41f7-9495-6ab8029c9353,2.96,false,false,near_mint,ja,USD,2026-04-19T01:07:26.355Z
Binder,binder,"Syr Konrad, the Grim",FCA,Final Fantasy: Through the Ages,10,normal,uncommon,1,105946,5b40815d-0104-461e-b193-fcf5e1f35299,0.87,false,false,near_mint,ja,USD,2026-04-19T01:07:38.948Z
Binder,binder,"Gix, Yawgmoth Praetor",FCA,Final Fantasy: Through the Ages,35,normal,mythic,1,106419,f1de9d89-4cbf-453b-ab6d-88090bd7a204,5.66,false,false,near_mint,ja,USD,2026-04-19T01:07:52.838Z
Binder,binder,"Heidegger, Shinra Executive",FIC,Final Fantasy Commander,21,normal,rare,1,106036,8e216baf-0e3c-4173-a852-5c5aeb3a9d79,0.27,false,false,near_mint,en,USD,2026-04-19T01:09:32.321Z
Binder,binder,The Masamune,FIN,Final Fantasy,264,normal,rare,1,106694,fc408575-8ef7-4043-b6b7-b38cef7c97d1,1.24,false,false,near_mint,en,USD,2026-04-19T01:09:39.654Z
Binder,binder,Fated Clash,FIC,Final Fantasy Commander,449,normal,rare,1,109178,bd84f688-a2bb-4f1e-ae24-1a5cf8a05445,6.08,false,false,near_mint,en,USD,2026-04-19T01:09:46.995Z
Binder,binder,Crippling Fear,PW24,Wizards Play Network 2024,17,normal,rare,1,99023,99598781-a15a-43ed-90d8-10c21400c97d,0.49,false,false,near_mint,en,USD,2026-04-19T01:10:03.026Z
Binder,binder,Wastes,PLG25,Love Your LGS 2025,2,normal,rare,1,105202,643d0ee1-016c-4ea8-b469-3599ae7532e6,3.4,false,false,near_mint,en,USD,2026-04-19T01:10:22.627Z
Binder,binder,Chorale of the Void,EOE,Edge of Eternities,91,normal,rare,1,107461,7389fe88-f6ff-4497-a037-9ca283fb89e3,0.26,false,false,near_mint,en,USD,2026-04-19T01:10:34.131Z
Binder,binder,War's Toll,DIS,Dissension,77,normal,rare,1,27348,de5f6c39-55eb-4d8d-83cf-94652b07bc46,11.72,false,false,near_mint,en,USD,2026-04-19T01:10:45.133Z
Binder,binder,"Alesha, Who Laughs at Fate",FDN,Foundations,115,normal,rare,1,100953,a93e3406-4e29-4bc0-ae52-cbd2ac1f99a4,0.97,false,false,near_mint,en,USD,2026-04-19T01:10:59.766Z
Binder,binder,"Spider-Ham, Peter Porker",PW25,Wizards Play Network 2025,10,normal,rare,1,108617,1402d294-8772-4b13-b1d0-f4205d57208b,0.31,false,false,near_mint,en,USD,2026-04-19T01:11:17.231Z
Binder,binder,Tomb Tyrant,SLD,Secret Lair Drop,854,foil,rare,1,105186,30f965af-0960-4c01-be9a-bb6ff98636f6,2.66,false,false,near_mint,en,USD,2026-04-19T01:11:30.979Z
Binder,binder,Burgeoning,SPG,Special Guests,126,normal,mythic,1,107510,a53c6a0e-9bbc-4a7b-8059-bc20806823d9,31.48,false,false,near_mint,en,USD,2026-04-19T01:11:45.245Z
Binder,binder,Gandalf the Grey,LTR,The Lord of the Rings: Tales of Middle-earth,322,normal,rare,1,83525,d0ff7dea-1ed2-4987-b42a-6d1d8c493f5a,0.35,false,false,near_mint,en,USD,2026-04-19T01:11:56.240Z
Binder,binder,Shared Animosity,WOT,Wilds of Eldraine: Enchanting Tales,49,normal,rare,1,85314,299a807e-21cb-4b49-ad2b-c9ce7eef393a,2.12,false,false,near_mint,en,USD,2026-04-19T01:12:09.516Z
Binder,binder,Arbaaz Mir,ACR,Assassin's Creed,46,foil,uncommon,1,95490,c7187506-4af3-47e9-bad0-4ce8c78ccc10,0.28,false,false,near_mint,en,USD,2026-04-19T01:12:25.263Z
Binder,binder,Culling Ritual,PW25,Wizards Play Network 2025,4,normal,rare,1,106387,db7d9ff5-71ab-47af-80b4-07a5e83b0f16,6.57,false,false,near_mint,en,USD,2026-04-19T01:12:43.234Z
Binder,binder,Ultima,FIN,Final Fantasy,328,normal,rare,1,106678,e673fb51-d36c-42fb-91bf-805812522064,2.0,false,false,near_mint,en,USD,2026-04-19T01:13:02.293Z
Binder,binder,Clash of the Eikons,FIN,Final Fantasy,341,foil,uncommon,1,106689,fa15ebf3-7ada-4e86-abc9-85dea83edb8c,0.39,false,false,near_mint,en,USD,2026-04-19T01:13:17.816Z
Binder,binder,"Omo, Queen of Vesuva",M3C,Modern Horizons 3 Commander,14,normal,mythic,1,94607,c5c9b663-135a-4bd7-81d9-fa6a5331ef57,0.97,false,false,near_mint,en,USD,2026-04-19T01:13:26.689Z
Binder,binder,Summon: Anima,FIN,Final Fantasy,364,normal,uncommon,1,106367,d4aa9f4e-cba9-41fa-8c65-3e263988f90d,0.37,false,false,near_mint,en,USD,2026-04-19T01:13:36.660Z
Binder,binder,Nibelheim Aflame,FIN,Final Fantasy,339,normal,mythic,1,106377,f6c21de9-7278-4406-8037-afe2c29b271f,14.66,false,false,near_mint,en,USD,2026-04-19T01:13:47.629Z
Binder,binder,"Vanille, Cheerful l'Cie",FIN,Final Fantasy,392,normal,uncommon,1,105574,28cdd11b-7337-4696-b2a0-77236c7b7210,0.37,false,false,near_mint,ja,USD,2026-04-19T01:14:10.478Z
Binder,binder,Hildibrand Manderville // Gentleman's Rise,FIC,Final Fantasy Commander,83,normal,rare,1,105627,60aed76e-2265-471d-8e41-1d8605603b78,0.23,false,false,near_mint,en,USD,2026-04-19T01:14:18.018Z
Binder,binder,"Edgar, King of Figaro",FIN,Final Fantasy,51,normal,rare,1,106443,950ee302-5512-43c5-ac7c-b2b06f4177bf,0.31,false,false,near_mint,en,USD,2026-04-19T01:14:23.520Z
Binder,binder,Suplex,FIN,Final Fantasy,164,foil,common,1,106376,f61693a2-7042-44e0-85ba-9bf12ab94e7e,0.31,false,false,near_mint,en,USD,2026-04-19T01:14:30.736Z
Binder,binder,"Setzer, Wandering Gambler",FIC,Final Fantasy Commander,93,normal,rare,1,105954,5e3e5b0f-c702-4671-ad95-ab0cda1ab83d,0.19,false,false,near_mint,en,USD,2026-04-19T01:14:36.086Z
Binder,binder,"Sabin, Master Monk",FIC,Final Fantasy Commander,57,normal,rare,1,105905,43bacd07-fdaf-4ce4-bf7a-dda55a99d460,0.23,false,false,near_mint,en,USD,2026-04-19T01:14:42.055Z
Binder,binder,All-Out Assault,TDM,Tarkir: Dragonstorm,167,normal,mythic,1,104348,b74876d8-f6a6-4b47-b960-b01a331bab01,3.71,false,false,near_mint,en,USD,2026-04-19T01:14:50.370Z
Binder,binder,Summon: Knights of Round,PFIN,Final Fantasy Promos,36s,foil,mythic,1,106873,d9120fd0-f958-4ce3-82cd-0500d4549654,36.29,false,false,near_mint,en,USD,2026-04-19T01:15:08.082Z
Binder,binder,Bastion Protector,FIC,Final Fantasy Commander,233,normal,rare,1,105821,0ed04a28-2984-4fa6-a11e-f508b7b5446e,0.47,false,false,near_mint,en,USD,2026-04-19T01:15:24.595Z
Binder,binder,"Roshan, Hidden Magister",ACR,Assassin's Creed,133,normal,uncommon,1,95538,f8ca1f92-2b5c-4d16-be17-6ba450b43ea3,0.19,false,false,near_mint,en,USD,2026-04-19T01:15:38.479Z
Binder,binder,Helitrooper,FIC,Final Fantasy Commander,22,normal,rare,1,105849,2073f387-9cdd-4184-8704-e6031c934b6d,0.22,false,false,near_mint,en,USD,2026-04-19T01:15:45.120Z
Binder,binder,"Adéwalé, Breaker of Chains",ACR,Assassin's Creed,136,foil,uncommon,1,95484,c2e0ee24-94fc-4042-b3cf-a5a8a2432ba4,0.23,false,false,near_mint,en,USD,2026-04-19T01:15:56.807Z
Binder,binder,Banner of Kinship,FDN,Foundations,352,normal,rare,1,100202,19a9b8b0-c1ba-48c3-8f90-6af6948274ee,9.07,false,false,near_mint,en,USD,2026-04-19T01:16:09.599Z
Binder,binder,Nasty End,LTR,The Lord of the Rings: Tales of Middle-earth,416,foil,common,1,82993,37271b8b-3c58-43aa-b120-f0aa12fb3ad5,0.32,false,false,near_mint,en,USD,2026-04-19T01:16:19.079Z
Binder,binder,Mirkwood Bats,LTR,The Lord of the Rings: Tales of Middle-earth,421,normal,common,1,83265,882747f9-b4fe-42be-8fe9-f871cd0779bd,0.97,false,false,near_mint,en,USD,2026-04-19T01:16:27.236Z
Binder,binder,"Quickbeam, Upstart Ent",LTR,The Lord of the Rings: Tales of Middle-earth,419,normal,uncommon,1,83024,402d829d-9d99-48ac-9ffe-14405ec56302,0.15,false,false,near_mint,en,USD,2026-04-19T01:16:39.046Z
Binder,binder,Lash of the Balrog,LTR,The Lord of the Rings: Tales of Middle-earth,408,normal,common,1,83360,a3bb0051-3ba3-4e22-9098-42ee0d9b645c,0.16,false,false,near_mint,en,USD,2026-04-19T01:16:56.549Z
Binder,binder,"Gothmog, Morgul Lieutenant",LTR,The Lord of the Rings: Tales of Middle-earth,429,normal,uncommon,1,83055,4b9af0ce-db08-4ccf-a9f3-b7c1eea14423,0.25,false,false,near_mint,en,USD,2026-04-19T01:17:05.405Z
Binder,binder,Sundial of the Infinite,M12,Magic 2012,218,foil,rare,1,19049,36d3da9c-cb7a-4cea-b6e6-6722bd16c73c,25.53,false,false,near_mint,en,USD,2026-04-19T01:17:49.256Z
Binder,binder,"Haliya, Guided by Light",EOE,Edge of Eternities,19,normal,rare,1,107055,6f7c63ae-5df3-410f-8643-b8c69133ca9d,4.22,false,false,near_mint,en,USD,2026-04-19T01:17:55.481Z
Binder,binder,Herald's Horn,40K,"Warhammer 40,000 Commander",241,normal,uncommon,1,72555,e7ac5242-6b78-438f-b609-ccd5970481e8,4.91,false,false,near_mint,en,USD,2026-04-19T01:18:08.650Z
Binder,binder,The Water Crystal,FIN,Final Fantasy,85,normal,rare,1,106453,e0af8436-797b-4e1f-b21a-d8e93701c3c9,3.16,false,false,near_mint,en,USD,2026-04-19T01:18:15.666Z
Binder,binder,Hero's Blade,FIC,Final Fantasy Commander,345,normal,uncommon,1,106078,9f67b38f-275c-459d-ab9c-4851106ec732,0.33,false,false,near_mint,en,USD,2026-04-19T01:18:22.948Z
Binder,binder,Birthing Boughs,MH1,Modern Horizons,221,normal,uncommon,1,44713,1345ee24-ffa3-44d1-a983-f25f54cda3f3,0.24,false,false,near_mint,en,USD,2026-04-19T01:18:31.745Z
Binder,binder,Trading Post,M13,Magic 2013,220,normal,rare,1,17603,20604b28-d096-40f8-a30c-3bc89e708676,0.34,false,false,near_mint,ja,USD,2026-04-19T01:18:50.031Z
Binder,binder,Werefox Bodyguard,WOE,Wilds of Eldraine,39,normal,rare,1,85367,4494dfa1-1343-417e-b0c5-2b096442dd0e,0.44,false,false,near_mint,en,USD,2026-04-19T01:18:57.620Z
Binder,binder,"Thalia, Guardian of Thraben",VOW,Innistrad: Crimson Vow,318,normal,rare,1,64444,e4c7cbfc-e655-4f82-8bde-fbc95461361e,0.45,false,false,near_mint,en,USD,2026-04-19T01:19:12.403Z
Binder,binder,"Thalia, Guardian of Thraben",SLD,Secret Lair Drop,39,foil,rare,1,47407,717de388-0c07-4346-9c7e-7b06b14f1cc1,2.65,false,false,near_mint,en,USD,2026-04-19T01:19:37.640Z
Binder,binder,Blinding Angel,9ED,Ninth Edition,7,normal,rare,1,28360,e04256f8-c275-4a24-8a95-371d424f7a01,5.18,false,false,near_mint,en,USD,2026-04-19T01:19:47.186Z
Binder,binder,Stonehorn Dignitary,M12,Magic 2012,37,normal,common,1,19230,c3797f7f-489d-4735-af56-6359e0fa0a6b,0.43,false,false,near_mint,en,USD,2026-04-19T01:19:55.082Z
Binder,binder,"Cecil, Dark Knight // Cecil, Redeemed Paladin",FIN,Final Fantasy,91,normal,rare,1,103774,026e7167-d665-43d0-a51e-8df2d68cdb5e,0.9,false,false,near_mint,en,USD,2026-04-19T01:20:01.577Z
Binder,binder,Vryn Wingmare,M21,Core Set 2021,43,normal,uncommon,1,50718,17b59819-4746-4c67-b6e5-4157d498a065,0.32,false,false,near_mint,en,USD,2026-04-19T01:20:10.334Z
Binder,binder,Sanctifier en-Vec,MH2,Modern Horizons 2,444,foil,rare,1,59797,c6ed75e0-f016-4c62-b96e-de97f7fdb6d8,1.02,false,false,near_mint,en,USD,2026-04-19T01:20:29.728Z
Binder,binder,Balor,CLB,Commander Legends: Battle for Baldur's Gate,162,normal,mythic,1,69063,60c1b3da-e8e6-4118-a268-1e3871e6ffee,5.42,false,false,near_mint,en,USD,2026-04-19T01:20:43.345Z
Binder,binder,Nazgûl,LTR,The Lord of the Rings: Tales of Middle-earth,332,normal,uncommon,1,83517,ce65226a-12cd-416a-bb60-12e9b35f609b,16.42,false,false,near_mint,en,USD,2026-04-19T01:21:02.213Z
Binder,binder,Nalia de'Arnise,CLB,Commander Legends: Battle for Baldur's Gate,643,normal,mythic,1,69907,bee97908-314a-4704-a8bd-962fcb4db947,2.71,false,false,near_mint,en,USD,2026-04-19T01:21:14.571Z
Binder,binder,Behemoth Sledge,FIC,Final Fantasy Commander,320,normal,uncommon,1,105855,22b8fad5-bb39-4a1b-9f9b-c0c9cf8228bb,0.23,false,false,near_mint,en,USD,2026-04-19T01:21:32.060Z
Binder,binder,"Fang, Fearless l'Cie",FIN,Final Fantasy,99,normal,uncommon,1,105759,f73a5cbb-905f-4b99-8d23-9d1b6bd47ee8,0.17,false,false,near_mint,en,USD,2026-04-19T01:21:39.833Z
Binder,binder,"Vanille, Cheerful l'Cie",FIN,Final Fantasy,211,foil,uncommon,1,105667,91226c1a-63a0-494e-bcf0-77c2d6f49213,0.25,false,false,near_mint,en,USD,2026-04-19T01:21:47.955Z
Binder,binder,Serra Angel,FDN,Foundations,147,normal,uncommon,1,100391,3cee9303-9d65-45a2-93d4-ef4aba59141b,0.17,false,false,near_mint,en,USD,2026-04-19T01:21:59.660Z
Binder,binder,Gladiolus Amicitia,FIN,Final Fantasy,224,foil,uncommon,1,105177,442957fc-045d-4db6-b82a-445f172d23e4,0.25,false,false,near_mint,en,USD,2026-04-19T01:22:13.492Z
Binder,binder,Ignis Scientia,FIN,Final Fantasy,227,normal,uncommon,1,106627,ab4f9721-5b2c-4371-98a5-3f6714265e57,0.13,false,false,near_mint,en,USD,2026-04-19T01:22:23.064Z
Binder,binder,Death Kiss,CLB,Commander Legends: Battle for Baldur's Gate,629,normal,rare,1,69919,cc0c414b-4345-4787-8a9e-d9f82c5ba9b9,4.29,false,false,near_mint,en,USD,2026-04-19T01:22:30.854Z
Binder,binder,Cloud's Limit Break,FIC,Final Fantasy Commander,14,normal,rare,1,105848,1eb10082-4f0a-41f9-9a70-0d3c7ead249f,0.29,false,false,near_mint,en,USD,2026-04-19T01:22:41.657Z
Binder,binder,Prompto Argentum,FIN,Final Fantasy,148,normal,uncommon,1,106546,4c617bcd-05f8-40c2-bb38-489bc863ce6b,0.09,false,false,near_mint,en,USD,2026-04-19T01:22:48.208Z
Binder,binder,Crystal Fragments // Summon: Alexander,FIN,Final Fantasy,357,normal,uncommon,1,106449,c2416ecc-bb6b-44f6-8fa6-61d168777f2e,0.53,false,false,near_mint,en,USD,2026-04-19T01:23:01.117Z
Binder,binder,"Aerith, Last Ancient",FIC,Final Fantasy Commander,76,normal,rare,1,106174,d041a51c-9a28-4b32-9da3-0f06807959f1,0.33,false,false,near_mint,en,USD,2026-04-19T01:23:06.327Z
Binder,binder,Zack Fair,FIN,Final Fantasy,45,normal,uncommon,1,106237,f21f9161-5945-40da-8da0-446f6a4a1c23,0.23,false,false,near_mint,en,USD,2026-04-19T01:23:10.914Z
Binder,binder,"Tifa, Martial Artist",FIC,Final Fantasy Commander,6,foil,mythic,1,105585,31513afc-329c-4913-8fcd-945c39ec82b2,0.64,false,false,near_mint,en,USD,2026-04-19T01:23:23.958Z
Binder,binder,"Cloud, Ex-SOLDIER",FIC,Final Fantasy Commander,2,foil,mythic,1,103777,07b4e4f8-6a31-4533-be51-668ce3ddc84f,0.46,false,false,near_mint,en,USD,2026-04-19T01:23:33.978Z
Binder,binder,Summon: Primal Odin,FIN,Final Fantasy,365,normal,rare,1,105727,d8117e64-6e43-4aa8-90df-c5b21fbb9182,6.46,false,false,near_mint,en,USD,2026-04-19T01:23:43.083Z
Binder,binder,Nibelheim Aflame,FIN,Final Fantasy,146,normal,mythic,1,106337,3d3e926a-74af-4996-849f-d31e0fdedeae,3.5,false,false,near_mint,en,USD,2026-04-19T01:23:49.025Z
Binder,binder,"Barret, Avalanche Leader",FIC,Final Fantasy Commander,79,normal,rare,1,105874,2e37fd36-84f0-4869-bfae-da4b97c9725d,0.18,false,false,near_mint,en,USD,2026-04-19T01:23:55.109Z
Binder,binder,"Dion, Bahamut's Dominant // Bahamut, Warden of Light",FIN,Final Fantasy,16,normal,rare,1,106590,8c0f9306-2058-476d-a711-bd37a6e15e42,0.77,false,false,near_mint,en,USD,2026-04-19T01:24:00.201Z
Binder,binder,Dig Through Time,FIC,Final Fantasy Commander,263,normal,rare,1,105990,766b2e52-6ba1-4222-a9f4-01a2bf3e9443,0.27,false,false,near_mint,en,USD,2026-04-19T01:24:08.801Z
Binder,binder,Quistis Trepe,FIN,Final Fantasy,66,normal,uncommon,1,106279,61784cbd-92e9-43c7-a1a8-4004b1bf4dae,0.19,false,false,near_mint,en,USD,2026-04-19T01:24:16.091Z
Binder,binder,Lion Heart,FIN,Final Fantasy,261,normal,uncommon,1,106420,04d327a3-1699-4556-b681-a957671ad142,0.18,false,false,near_mint,en,USD,2026-04-19T01:24:20.943Z
Binder,binder,Adelbert Steiner,FIN,Final Fantasy,3,normal,uncommon,1,106424,1a67a991-1e52-4676-a2e3-2bc7aa943ab3,0.17,false,false,near_mint,en,USD,2026-04-19T01:24:28.107Z
Binder,binder,Prompto Argentum,FIN,Final Fantasy,387,normal,uncommon,1,106661,d8f9b257-6491-46d2-be41-846ab4c39d5e,0.25,false,false,near_mint,ja,USD,2026-04-19T01:24:38.340Z
Binder,binder,Lightning Bolt,SLD,Secret Lair Drop,1871,normal,rare,1,106309,5a763474-5ce9-48cc-aaf8-8ca363df4430,5.4,false,false,near_mint,ja,USD,2026-04-19T01:24:56.285Z
Binder,binder,"Beatrix, Loyal General",FIN,Final Fantasy,554,normal,rare,1,106074,9da83b07-4978-4af7-be51-8aa8f35ec0bb,0.69,false,false,near_mint,en,USD,2026-04-19T01:25:03.724Z
Binder,binder,"Garnet, Princess of Alexandria",FIN,Final Fantasy,222,normal,uncommon,1,106638,b883df14-8d7b-4f6a-9a6a-2f71f5b6ddda,0.2,false,false,near_mint,en,USD,2026-04-19T01:25:11.033Z
Binder,binder,Freya Crescent,FIN,Final Fantasy,138,normal,uncommon,1,106289,9921f646-e893-44db-ac89-0633c1009788,0.27,false,false,near_mint,en,USD,2026-04-19T01:25:15.605Z
Binder,binder,Mana Bloom,RTR,Return to Ravnica,130,normal,rare,1,17292,d7592d88-64e8-4a31-b00a-f65d4b1867fc,0.35,false,false,near_mint,en,USD,2026-04-19T01:25:23.934Z
Binder,binder,"Vaan, Street Thief",FIN,Final Fantasy,168,normal,rare,1,106549,50e1ec29-9de3-4f1b-b818-057e030d475b,0.32,false,false,near_mint,en,USD,2026-04-19T01:25:28.653Z
Binder,binder,Return of the Wildspeaker,C21,Commander 2021,205,normal,rare,1,58505,110cf870-7e8c-43e2-9184-4d8c43f9f480,1.04,false,false,near_mint,ja,USD,2026-04-19T01:26:06.526Z
Binder,binder,"Kianne, Dean of Substance // Imbraham, Dean of Theory",STX,Strixhaven: School of Mages,152,normal,rare,1,58203,8b45dc40-6827-46a7-a9b7-802be698d053,0.26,false,false,near_mint,en,USD,2026-04-19T01:27:36.513Z
Binder,binder,Disrupting Scepter,9ED,Ninth Edition,295,normal,rare,1,28068,55be5981-5bbc-4621-9f53-fc4edd4fde7e,0.26,false,false,near_mint,en,USD,2026-04-19T01:27:36.514Z
Binder,binder,Zodiac Rooster,PTK,Portal Three Kingdoms,163,normal,common,1,34863,81dd362e-42f6-4eeb-9fe7-0d9cbeb4f21e,24.51,false,false,near_mint,en,USD,2026-04-19T01:27:36.515Z
Binder,binder,Tonberry,FIN,Final Fantasy,122,foil,uncommon,1,103781,1a9b8723-4383-4c14-b24d-52863af8703d,0.29,false,false,near_mint,en,USD,2026-04-19T01:27:58.499Z
Binder,binder,"Elena, Turk Recruit",FIC,Final Fantasy Commander,18,normal,rare,1,106179,d16553a3-65c3-4dec-af92-123d1e5dce10,0.27,false,false,near_mint,en,USD,2026-04-19T01:28:05.143Z
Binder,binder,Crux of Fate,FIC,Final Fantasy Commander,275,normal,rare,1,105926,4d507db6-29a6-4816-8e37-5b6e318d740f,0.75,false,false,near_mint,en,USD,2026-04-19T01:28:15.655Z
Binder,binder,Cloudbound Moogle,FIN,Final Fantasy,11,normal,common,1,106283,7387bca7-f496-45da-a0ac-6be049303a8f,0.14,false,false,near_mint,en,USD,2026-04-19T01:28:23.088Z
Binder,binder,"Mog, Moogle Warrior",FIC,Final Fantasy Commander,89,normal,rare,1,106224,e9cb8ac9-64a0-455d-a8dd-1579ee321bbd,0.27,false,false,near_mint,en,USD,2026-04-19T01:28:28.023Z
Binder,binder,"Stiltzkin, Moogle Merchant",FIN,Final Fantasy,327,normal,rare,1,103795,8347cb57-7c20-4085-83f3-bee35b55b3f1,0.84,false,false,near_mint,en,USD,2026-04-19T01:28:37.913Z
Binder,binder,"Zilortha, Strength Incarnate",IKO,Ikoria: Lair of Behemoths,275,foil,mythic,1,49802,9a0639a0-c898-4a07-975c-a02bdd53175b,23.32,false,false,near_mint,en,USD,2026-04-19T01:28:52.137Z
Binder,binder,"Cait Sith, Fortune Teller",FIC,Final Fantasy Commander,54,normal,rare,1,105895,3e0f6c53-6bbf-4d4c-bbbf-4dab22297527,0.33,false,false,near_mint,en,USD,2026-04-19T01:28:57.130Z
Binder,binder,Sage Owl,M10,Magic 2010,69,normal,common,1,23284,d48af662-25a3-46a0-a48c-ba8cc417490c,0.19,false,false,near_mint,en,USD,2026-04-19T01:29:04.323Z
Binder,binder,Karakyk Guardian,TDM,Tarkir: Dragonstorm,198,normal,uncommon,1,104859,a4c77b08-c3f6-4458-8636-f226f9843b6d,0.08,false,false,near_mint,en,USD,2026-04-19T01:29:19.388Z
Binder,binder,"Spider-Rex, Daring Dino",SPM,Marvel's Spider-Man,116,normal,common,1,107636,5b6e0bea-f126-4adb-8808-901950a77c7b,0.2,false,false,near_mint,en,USD,2026-04-19T01:29:27.230Z
Binder,binder,Knights of Dol Amroth,LTR,The Lord of the Rings: Tales of Middle-earth,432,normal,common,1,82848,0c511371-97d7-47cc-934c-939dfbdd1c0b,0.1,false,false,near_mint,en,USD,2026-04-19T01:29:40.522Z
Binder,binder,"Atris, Oracle of Half-Truths",THB,Theros Beyond Death,209,normal,rare,1,46853,db6c91ec-df14-460f-967c-f182562fe7d8,0.25,false,false,near_mint,en,USD,2026-04-19T01:29:45.399Z
Binder,binder,Relm's Sketching,FIN,Final Fantasy,67,normal,uncommon,1,106345,6aedac12-3714-4a81-bd4d-1d2555c66f78,0.24,false,false,near_mint,en,USD,2026-04-19T01:29:49.809Z
Binder,binder,Agent of Treachery,M20,Core Set 2020,43,normal,rare,1,45418,cc6686e6-4535-49be-b0b3-e76464656cd2,5.41,false,false,near_mint,en,USD,2026-04-19T01:29:56.718Z
Binder,binder,Professor Hojo,FIC,Final Fantasy Commander,69,normal,rare,1,105827,107ffe2e-47eb-43de-bc9e-c68013b62912,0.29,false,false,near_mint,en,USD,2026-04-19T01:30:07.747Z
Binder,binder,Lictor,40K,"Warhammer 40,000 Commander",94,normal,rare,1,72334,3c4d8f36-461f-48a6-a4e4-9ddfb388de19,0.35,false,false,near_mint,en,USD,2026-04-19T01:30:12.145Z
Binder,binder,Jumbo Cactuar,FIN,Final Fantasy,191,normal,rare,1,103807,db01c222-8795-47e9-a789-e7f749a3ee7d,4.71,false,false,near_mint,en,USD,2026-04-19T01:30:19.973Z
Binder,binder,Angler Turtle,CLB,Commander Legends: Battle for Baldur's Gate,713,normal,rare,1,69605,9c8d57fc-9695-45df-8b88-0048330608bd,0.26,false,false,near_mint,en,USD,2026-04-19T01:30:26.489Z
Binder,binder,Agent of the Shadow Thieves,CLB,Commander Legends: Battle for Baldur's Gate,108,normal,uncommon,1,69375,f50448e9-afe4-4d4e-b027-bbb855f17aeb,0.28,false,false,near_mint,en,USD,2026-04-19T01:30:37.668Z
Binder,binder,"Fblthp, the Lost",RVR,Ravnica Remastered,420,normal,rare,1,89696,597a8a8f-84ff-4041-9c99-938454a47951,0.37,false,false,near_mint,ja,USD,2026-04-19T01:31:07.798Z
Binder,binder,"Malcolm, Keen-Eyed Navigator",LCC,The Lost Caverns of Ixalan Commander,161,normal,uncommon,1,88493,51187cdb-85ee-4f68-9e29-d84d296f0825,0.31,false,false,near_mint,en,USD,2026-04-19T01:31:46.678Z
Binder,binder,Snow Villiers,FIN,Final Fantasy,33,normal,uncommon,1,106537,399bb699-e61d-4b41-b6e9-e594cbad6194,0.13,false,false,near_mint,en,USD,2026-04-19T01:31:54.104Z
Binder,binder,"Kotis, the Fangkeeper",TDM,Tarkir: Dragonstorm,202,normal,rare,1,104364,d3736f17-f80b-4b2c-b919-2c963bc14682,0.41,false,false,near_mint,en,USD,2026-04-19T01:32:00.037Z
Binder,binder,"Atla Palani, Nest Tender",DMC,Dominaria United Commander,142,normal,mythic,1,71339,2b8414f7-22c3-4e1c-934b-4a0e7acf951d,1.46,false,false,near_mint,en,USD,2026-04-19T01:32:04.724Z
Binder,binder,"Anti-Venom, Horrifying Healer",SPM,Marvel's Spider-Man,1,normal,mythic,1,107863,560384fe-7be0-4b93-a515-2fe687ab2492,5.7,false,false,near_mint,en,USD,2026-04-19T01:32:10.914Z
Binder,binder,Hexdrinker,MH1,Modern Horizons,168,normal,mythic,1,44766,89f5cc05-5d9d-4709-b3c5-a6249c294acc,4.47,false,false,near_mint,en,USD,2026-04-19T01:32:19.913Z
Binder,binder,"Mishra, Excavation Prodigy",BRO,The Brothers' War,140,foil,uncommon,1,75897,f5d02416-8578-40a5-bf31-d1ef9b8764f1,0.32,false,false,near_mint,en,USD,2026-04-19T01:32:32.348Z
Binder,binder,"Urza, Powerstone Prodigy",BRO,The Brothers' War,69,normal,uncommon,1,75421,445f897e-a059-4cd5-bfd2-302dc7a4c8e2,0.17,false,false,near_mint,en,USD,2026-04-19T01:32:40.663Z
Binder,binder,Fomori Vault,PBIG,The Big Score Promos,29p,normal,mythic,1,108323,bf5c3883-ca22-4850-9721-d1acb16acbd8,7.75,false,false,near_mint,en,USD,2026-04-19T01:32:54.355Z
Binder,binder,Astrologian's Planisphere,FIN,Final Fantasy,46,normal,rare,1,106146,bfa4e927-1d6f-4a64-9801-7d168a5ef3f6,0.3,false,false,near_mint,en,USD,2026-04-19T01:33:04.575Z
Binder,binder,"Ragost, Deft Gastronaut",PEOE,Edge of Eternities Promos,224p,normal,rare,1,107993,b9833f6c-17c5-4fde-913d-88603de77245,0.79,false,false,near_mint,en,USD,2026-04-19T01:33:14.921Z